-- --------------------------------------------------------
-- Host:                         127.0.0.1
-- Versión del servidor:         10.4.20-MariaDB - mariadb.org binary distribution
-- SO del servidor:              Win64
-- HeidiSQL Versión:             11.3.0.6295
-- --------------------------------------------------------

/*!40101 SET @OLD_CHARACTER_SET_CLIENT=@@CHARACTER_SET_CLIENT */;
/*!40101 SET NAMES utf8 */;
/*!50503 SET NAMES utf8mb4 */;
/*!40014 SET @OLD_FOREIGN_KEY_CHECKS=@@FOREIGN_KEY_CHECKS, FOREIGN_KEY_CHECKS=0 */;
/*!40101 SET @OLD_SQL_MODE=@@SQL_MODE, SQL_MODE='NO_AUTO_VALUE_ON_ZERO' */;
/*!40111 SET @OLD_SQL_NOTES=@@SQL_NOTES, SQL_NOTES=0 */;

-- Volcando estructura para tabla distribucion.backup_inv_asignaciones
CREATE TABLE IF NOT EXISTS `backup_inv_asignaciones` (
  `backup_id_asignacion` int(11) NOT NULL AUTO_INCREMENT,
  `id_asignacion` int(11) NOT NULL DEFAULT 0,
  `producto_id` int(11) NOT NULL,
  `unidad_id` int(11) NOT NULL,
  `cantidad_unidad` int(11) NOT NULL,
  `otro_precio` decimal(20,2) NOT NULL,
  `visible` enum('s','n') NOT NULL DEFAULT 's',
  `delet_fecha_egreso` date DEFAULT NULL,
  `delet_hora_egreso` time DEFAULT NULL,
  `delet_empleado_id` int(11) DEFAULT NULL,
  `accion_backup` enum('Editado','Eliminado','Backup') DEFAULT 'Backup',
  PRIMARY KEY (`backup_id_asignacion`)
) ENGINE=InnoDB AUTO_INCREMENT=3 DEFAULT CHARSET=utf8;

-- Volcando datos para la tabla distribucion.backup_inv_asignaciones: ~2 rows (aproximadamente)
/*!40000 ALTER TABLE `backup_inv_asignaciones` DISABLE KEYS */;
INSERT INTO `backup_inv_asignaciones` (`backup_id_asignacion`, `id_asignacion`, `producto_id`, `unidad_id`, `cantidad_unidad`, `otro_precio`, `visible`, `delet_fecha_egreso`, `delet_hora_egreso`, `delet_empleado_id`, `accion_backup`) VALUES
	(1, 34, 1, 4, 4, 33.00, 's', '2022-09-07', '14:08:40', 1, 'Eliminado'),
	(2, 33, 1, 3, 15, 570.00, 's', '2022-09-07', '14:09:25', 1, 'Eliminado');
/*!40000 ALTER TABLE `backup_inv_asignaciones` ENABLE KEYS */;

-- Volcando estructura para tabla distribucion.backup_inv_egresos
CREATE TABLE IF NOT EXISTS `backup_inv_egresos` (
  `backup_id_egreso` int(11) NOT NULL AUTO_INCREMENT,
  `id_egreso` int(11) NOT NULL,
  `fecha_egreso` date NOT NULL,
  `hora_egreso` time NOT NULL,
  `tipo` enum('Venta','Traspaso','Baja','Perdida','Devolucion','No venta') CHARACTER SET utf8 COLLATE utf8_unicode_ci NOT NULL,
  `provisionado` enum('N','S') NOT NULL,
  `descripcion` text CHARACTER SET utf8 COLLATE utf8_unicode_ci DEFAULT NULL,
  `nro_factura` bigint(20) NOT NULL DEFAULT 0,
  `nro_autorizacion` varchar(20) CHARACTER SET utf8 COLLATE utf8_unicode_ci NOT NULL DEFAULT '0',
  `codigo_control` varchar(20) CHARACTER SET utf8 COLLATE utf8_unicode_ci DEFAULT '',
  `fecha_limite` date NOT NULL,
  `monto_total` decimal(10,2) NOT NULL DEFAULT 0.00,
  `descuento_porcentaje` int(11) DEFAULT 0,
  `descuento_bs` decimal(20,2) NOT NULL DEFAULT 0.00,
  `monto_total_descuento` decimal(20,2) NOT NULL DEFAULT 0.00,
  `cliente_id` int(11) DEFAULT 0,
  `nombre_cliente` varchar(100) CHARACTER SET utf8 COLLATE utf8_unicode_ci NOT NULL,
  `nit_ci` varchar(20) CHARACTER SET utf8 COLLATE utf8_unicode_ci NOT NULL,
  `nro_registros` int(11) NOT NULL DEFAULT 0,
  `estadoe` int(11) DEFAULT 0,
  `coordenadas` text DEFAULT NULL,
  `observacion` varchar(150) DEFAULT '',
  `dosificacion_id` int(11) NOT NULL DEFAULT 0,
  `almacen_id` int(11) NOT NULL DEFAULT 0,
  `empleado_id` int(11) NOT NULL,
  `motivo_id` int(11) DEFAULT 0,
  `motivo` char(120) DEFAULT NULL,
  `duracion` time DEFAULT '00:00:00',
  `cobrar` varchar(10) DEFAULT '',
  `grupo` varchar(50) DEFAULT '',
  `descripcion_venta` varchar(150) DEFAULT '',
  `ruta_id` int(11) NOT NULL DEFAULT 0,
  `estado` int(11) NOT NULL DEFAULT 0,
  `plan_de_pagos` enum('si','no') NOT NULL DEFAULT 'no',
  `ordenes_salidas_id` int(11) DEFAULT 0,
  `anulado` int(11) NOT NULL DEFAULT 0,
  `factura` enum('Factura','Nota','Ninguno') DEFAULT 'Ninguno',
  `evento` enum('Ninguno','Devuelto') NOT NULL DEFAULT 'Ninguno',
  `delet_fecha_egreso` date NOT NULL,
  `delet_hora_egreso` time NOT NULL,
  `delet_empleado_id` int(11) NOT NULL,
  `accion_backup` enum('Editado','Eliminado','Backup') NOT NULL DEFAULT 'Backup',
  PRIMARY KEY (`backup_id_egreso`) USING BTREE,
  KEY `cliente_id` (`cliente_id`),
  KEY `dosificacion_id` (`dosificacion_id`),
  KEY `almacen_id` (`almacen_id`),
  KEY `empleado_id` (`empleado_id`),
  KEY `tipo` (`tipo`),
  KEY `provisionado` (`provisionado`),
  KEY `motivo_id` (`motivo_id`),
  KEY `ruta_id` (`ruta_id`),
  KEY `estadoe` (`estadoe`),
  KEY `estado` (`estado`),
  KEY `anulado` (`anulado`),
  KEY `factura` (`factura`),
  KEY `plan_de_pagos` (`plan_de_pagos`),
  KEY `ordenes_salidas_id` (`ordenes_salidas_id`),
  KEY `evento` (`evento`),
  FULLTEXT KEY `nombre_cliente` (`nombre_cliente`),
  FULLTEXT KEY `nit_ci` (`nit_ci`)
) ENGINE=MyISAM AUTO_INCREMENT=192 DEFAULT CHARSET=utf8;

-- Volcando datos para la tabla distribucion.backup_inv_egresos: 0 rows
/*!40000 ALTER TABLE `backup_inv_egresos` DISABLE KEYS */;
/*!40000 ALTER TABLE `backup_inv_egresos` ENABLE KEYS */;

-- Volcando estructura para tabla distribucion.backup_inv_egresos_detalles
CREATE TABLE IF NOT EXISTS `backup_inv_egresos_detalles` (
  `backup_id_detalle` int(11) NOT NULL AUTO_INCREMENT,
  `id_detalle` int(11) NOT NULL,
  `precio` decimal(10,2) NOT NULL,
  `unidad_id` int(11) DEFAULT 0,
  `cantidad` int(11) NOT NULL,
  `descuento` int(11) DEFAULT 0,
  `producto_id` int(11) NOT NULL,
  `egreso_id` int(11) NOT NULL,
  `promocion_id` int(11) NOT NULL DEFAULT 0,
  `asignacion_id` int(11) NOT NULL DEFAULT 0,
  `lote` varchar(30) DEFAULT NULL,
  `delet_fecha_egreso` date NOT NULL,
  `delet_hora_egreso` time NOT NULL,
  `delet_empleado_id` int(11) NOT NULL,
  `accion_id_backup` int(11) NOT NULL DEFAULT 0,
  `accion_backup` enum('Editado','Eliminado','Backup') NOT NULL DEFAULT 'Backup',
  PRIMARY KEY (`backup_id_detalle`),
  KEY `producto_id` (`producto_id`),
  KEY `egreso_id` (`egreso_id`),
  KEY `asignacion_id` (`asignacion_id`),
  KEY `promocion_id` (`promocion_id`),
  KEY `unidad_id` (`unidad_id`),
  FULLTEXT KEY `lote` (`lote`)
) ENGINE=MyISAM AUTO_INCREMENT=465 DEFAULT CHARSET=utf8;

-- Volcando datos para la tabla distribucion.backup_inv_egresos_detalles: 0 rows
/*!40000 ALTER TABLE `backup_inv_egresos_detalles` DISABLE KEYS */;
/*!40000 ALTER TABLE `backup_inv_egresos_detalles` ENABLE KEYS */;

-- Volcando estructura para tabla distribucion.backup_inv_ingresos
CREATE TABLE IF NOT EXISTS `backup_inv_ingresos` (
  `backup_id_ingreso` int(11) NOT NULL AUTO_INCREMENT,
  `id_ingreso` int(11) NOT NULL,
  `fecha_ingreso` date NOT NULL DEFAULT '0000-00-00',
  `hora_ingreso` time DEFAULT '00:00:00',
  `tipo` enum('Compra','Traspaso') CHARACTER SET utf8 COLLATE utf8_unicode_ci NOT NULL,
  `descripcion` text CHARACTER SET utf8 COLLATE utf8_unicode_ci NOT NULL,
  `monto_total` decimal(10,2) DEFAULT 0.00,
  `descuento` int(11) NOT NULL DEFAULT 0,
  `monto_total_descuento` decimal(20,0) NOT NULL DEFAULT 0,
  `nombre_proveedor` varchar(200) NOT NULL,
  `nro_registros` int(11) DEFAULT 0,
  `almacen_id` int(11) NOT NULL,
  `empleado_id` int(11) NOT NULL DEFAULT 0,
  `transitorio` int(11) NOT NULL DEFAULT 0,
  `des_transitorio` varchar(150) NOT NULL DEFAULT '0',
  `plan_de_pagos` enum('si','no') NOT NULL DEFAULT 'no',
  `proveedor_id` int(3) NOT NULL DEFAULT 0,
  `delet_fecha_egreso` date NOT NULL,
  `delet_hora_egreso` time NOT NULL,
  `delet_empleado_id` int(11) NOT NULL,
  `accion_backup` enum('Editado','Eliminado','Backup') NOT NULL DEFAULT 'Backup',
  PRIMARY KEY (`backup_id_ingreso`),
  KEY `almacen_id` (`almacen_id`),
  KEY `empleado_id` (`empleado_id`),
  KEY `tipo` (`tipo`),
  KEY `proveedor_id` (`proveedor_id`),
  KEY `plan_de_pagos` (`plan_de_pagos`),
  FULLTEXT KEY `nombre_proveedor` (`nombre_proveedor`)
) ENGINE=MyISAM AUTO_INCREMENT=19 DEFAULT CHARSET=utf8;

-- Volcando datos para la tabla distribucion.backup_inv_ingresos: 1 rows
/*!40000 ALTER TABLE `backup_inv_ingresos` DISABLE KEYS */;
INSERT INTO `backup_inv_ingresos` (`backup_id_ingreso`, `id_ingreso`, `fecha_ingreso`, `hora_ingreso`, `tipo`, `descripcion`, `monto_total`, `descuento`, `monto_total_descuento`, `nombre_proveedor`, `nro_registros`, `almacen_id`, `empleado_id`, `transitorio`, `des_transitorio`, `plan_de_pagos`, `proveedor_id`, `delet_fecha_egreso`, `delet_hora_egreso`, `delet_empleado_id`, `accion_backup`) VALUES
	(18, 39, '2022-09-19', '19:52:13', 'Compra', 'ES UNA COMPRA DE PRUEBA', 96789.00, 0, 0, 'CHECKCODE', 0, 22, 1, 0, '0', 'no', 377, '2022-09-19', '20:50:56', 1, 'Eliminado');
/*!40000 ALTER TABLE `backup_inv_ingresos` ENABLE KEYS */;

-- Volcando estructura para tabla distribucion.backup_inv_ingresos_detalles
CREATE TABLE IF NOT EXISTS `backup_inv_ingresos_detalles` (
  `backup_id_detalle` int(11) NOT NULL AUTO_INCREMENT,
  `id_detalle` int(11) NOT NULL,
  `cantidad` int(11) NOT NULL,
  `costo` decimal(10,2) NOT NULL,
  `lote` varchar(30) NOT NULL DEFAULT ' ',
  `lote_cantidad` int(11) DEFAULT NULL,
  `lote2` varchar(25) NOT NULL DEFAULT '',
  `producto_id` int(11) NOT NULL,
  `ingreso_id` int(11) NOT NULL,
  `elaboracion` date DEFAULT NULL,
  `vencimiento` date NOT NULL,
  `nro_autorizacion` varchar(25) DEFAULT '',
  `contenedor` varchar(50) NOT NULL DEFAULT '',
  `factura` varchar(20) NOT NULL DEFAULT '',
  `almacen_id` int(11) DEFAULT 0,
  `asignacion_id` int(11) DEFAULT 0,
  `nro_control` varchar(25) DEFAULT '',
  `delet_fecha_egreso` date NOT NULL,
  `delet_hora_egreso` time NOT NULL,
  `delet_empleado_id` int(11) NOT NULL,
  `accion_id_backup` int(11) NOT NULL DEFAULT 0,
  `accion_backup` enum('Editado','Eliminado','Backup') NOT NULL DEFAULT 'Backup',
  PRIMARY KEY (`backup_id_detalle`),
  KEY `producto_id` (`producto_id`),
  KEY `ingreso_id` (`ingreso_id`),
  KEY `almacen_id` (`almacen_id`),
  KEY `asignacion_id` (`asignacion_id`)
) ENGINE=MyISAM AUTO_INCREMENT=75 DEFAULT CHARSET=utf8;

-- Volcando datos para la tabla distribucion.backup_inv_ingresos_detalles: 4 rows
/*!40000 ALTER TABLE `backup_inv_ingresos_detalles` DISABLE KEYS */;
INSERT INTO `backup_inv_ingresos_detalles` (`backup_id_detalle`, `id_detalle`, `cantidad`, `costo`, `lote`, `lote_cantidad`, `lote2`, `producto_id`, `ingreso_id`, `elaboracion`, `vencimiento`, `nro_autorizacion`, `contenedor`, `factura`, `almacen_id`, `asignacion_id`, `nro_control`, `delet_fecha_egreso`, `delet_hora_egreso`, `delet_empleado_id`, `accion_id_backup`, `accion_backup`) VALUES
	(71, 5, 314, 78.00, 'lt315', 314, '', 20, 39, '0000-00-00', '0000-00-00', '', '0', '0', 0, 0, '', '2022-09-19', '20:50:56', 1, 18, 'Eliminado'),
	(72, 6, 355, 22.00, 'lt356', 355, '', 19, 39, '0000-00-00', '0000-00-00', '', '0', '0', 0, 0, '', '2022-09-19', '20:50:56', 1, 18, 'Eliminado'),
	(73, 7, 397, 27.00, 'lt398', 397, '', 18, 39, '0000-00-00', '0000-00-00', '', '0', '0', 0, 0, '', '2022-09-19', '20:50:56', 1, 18, 'Eliminado'),
	(74, 8, 315, 36.00, 'lt316', 315, '', 5, 39, '0000-00-00', '0000-00-00', '', '0', '0', 0, 0, '', '2022-09-19', '20:50:56', 1, 18, 'Eliminado');
/*!40000 ALTER TABLE `backup_inv_ingresos_detalles` ENABLE KEYS */;

-- Volcando estructura para tabla distribucion.backup_inv_pagos
CREATE TABLE IF NOT EXISTS `backup_inv_pagos` (
  `backup_id_pago` int(11) NOT NULL AUTO_INCREMENT,
  `id_pago` int(11) NOT NULL,
  `movimiento_id` int(11) DEFAULT 0,
  `interes_pago` float NOT NULL DEFAULT 0,
  `tipo` enum('Ingreso','Egreso') NOT NULL,
  `delet_fecha_egreso` date NOT NULL,
  `delet_hora_egreso` time NOT NULL,
  `delet_empleado_id` int(11) NOT NULL,
  `accion_backup` enum('Editado','Eliminado','Backup') NOT NULL DEFAULT 'Backup',
  PRIMARY KEY (`backup_id_pago`),
  KEY `movimiento_id` (`movimiento_id`)
) ENGINE=InnoDB AUTO_INCREMENT=129 DEFAULT CHARSET=utf8;

-- Volcando datos para la tabla distribucion.backup_inv_pagos: ~0 rows (aproximadamente)
/*!40000 ALTER TABLE `backup_inv_pagos` DISABLE KEYS */;
/*!40000 ALTER TABLE `backup_inv_pagos` ENABLE KEYS */;

-- Volcando estructura para tabla distribucion.backup_inv_pagos_detalles
CREATE TABLE IF NOT EXISTS `backup_inv_pagos_detalles` (
  `backup_id_pago_detalle` int(11) NOT NULL AUTO_INCREMENT,
  `id_pago_detalle` int(11) NOT NULL,
  `pago_id` int(11) NOT NULL,
  `fecha` date NOT NULL,
  `monto` float NOT NULL,
  `estado` int(11) NOT NULL,
  `fecha_pago` date NOT NULL,
  `tipo_pago` varchar(10) CHARACTER SET utf8 NOT NULL DEFAULT '',
  `nro_cuota` int(11) NOT NULL,
  `empleado_id` int(11) NOT NULL,
  `delet_fecha_egreso` date NOT NULL,
  `delet_hora_egreso` time NOT NULL,
  `delet_empleado_id` int(11) NOT NULL,
  `accion_id_backup` int(11) NOT NULL DEFAULT 0,
  `accion_backup` enum('Editado','Eliminado','Backup') NOT NULL DEFAULT 'Backup',
  PRIMARY KEY (`backup_id_pago_detalle`),
  KEY `nro_cuota` (`nro_cuota`),
  KEY `pago_id` (`pago_id`)
) ENGINE=MyISAM AUTO_INCREMENT=102 DEFAULT CHARSET=latin1;

-- Volcando datos para la tabla distribucion.backup_inv_pagos_detalles: 0 rows
/*!40000 ALTER TABLE `backup_inv_pagos_detalles` DISABLE KEYS */;
/*!40000 ALTER TABLE `backup_inv_pagos_detalles` ENABLE KEYS */;

-- Volcando estructura para tabla distribucion.backup_inv_productos
CREATE TABLE IF NOT EXISTS `backup_inv_productos` (
  `backup_id_producto` int(11) NOT NULL AUTO_INCREMENT,
  `id_producto` int(11) NOT NULL,
  `codigo` varchar(50) NOT NULL,
  `codigo_barras` varchar(50) DEFAULT '',
  `nombre` varchar(100) NOT NULL,
  `nombre_factura` varchar(100) NOT NULL,
  `promocion` varchar(10) DEFAULT '',
  `fecha_registro` date NOT NULL,
  `hora_registro` time NOT NULL,
  `fecha_vencimiento` date DEFAULT NULL,
  `fecha_limite` date DEFAULT '1000-01-01',
  `precio_actual` decimal(10,2) DEFAULT 0.00,
  `cantidad_minima` int(11) NOT NULL,
  `imagen` varchar(100) NOT NULL DEFAULT '',
  `ubicacion` text DEFAULT NULL,
  `descripcion` text NOT NULL,
  `unidad_id` int(11) NOT NULL,
  `categoria_id` int(11) NOT NULL,
  `sigla_contenedor` varchar(100) DEFAULT NULL,
  `nro_dui` varchar(100) NOT NULL DEFAULT '0',
  `precio_sugerido` decimal(10,2) DEFAULT 0.00,
  `grupo` varchar(50) DEFAULT '',
  `regalo` int(11) NOT NULL DEFAULT 0,
  `marca` varchar(100) DEFAULT NULL,
  `eliminado` tinyint(1) NOT NULL DEFAULT 0,
  `delet_fecha_egreso` date NOT NULL,
  `delet_hora_egreso` time NOT NULL,
  `delet_empleado_id` int(11) NOT NULL,
  PRIMARY KEY (`backup_id_producto`),
  KEY `unidad_id` (`unidad_id`),
  KEY `categoria_id` (`categoria_id`)
) ENGINE=MyISAM AUTO_INCREMENT=236 DEFAULT CHARSET=utf8;

-- Volcando datos para la tabla distribucion.backup_inv_productos: 0 rows
/*!40000 ALTER TABLE `backup_inv_productos` DISABLE KEYS */;
/*!40000 ALTER TABLE `backup_inv_productos` ENABLE KEYS */;

-- Volcando estructura para tabla distribucion.backup_tmp_egresos
CREATE TABLE IF NOT EXISTS `backup_tmp_egresos` (
  `backup_id_tmp_egreso` int(11) NOT NULL AUTO_INCREMENT,
  `id_tmp_egreso` int(11) NOT NULL,
  `id_egreso` int(11) NOT NULL,
  `fecha_egreso` date NOT NULL,
  `hora_egreso` time NOT NULL,
  `tipo` enum('Venta','Traspaso','Baja') CHARACTER SET utf8 COLLATE utf8_unicode_ci NOT NULL,
  `provisionado` enum('N','S') NOT NULL,
  `descripcion` text CHARACTER SET utf8 COLLATE utf8_unicode_ci NOT NULL,
  `nro_factura` bigint(20) NOT NULL DEFAULT 0,
  `nro_autorizacion` varchar(20) CHARACTER SET utf8 COLLATE utf8_unicode_ci NOT NULL,
  `codigo_control` varchar(20) CHARACTER SET utf8 COLLATE utf8_unicode_ci NOT NULL,
  `fecha_limite` date NOT NULL,
  `monto_total` decimal(10,2) NOT NULL,
  `descuento_porcentaje` int(11) NOT NULL DEFAULT 0,
  `descuento_bs` decimal(20,2) NOT NULL DEFAULT 0.00,
  `monto_total_descuento` decimal(20,2) NOT NULL DEFAULT 0.00,
  `cliente_id` int(11) NOT NULL DEFAULT 0,
  `nombre_cliente` varchar(100) CHARACTER SET utf8 COLLATE utf8_unicode_ci NOT NULL DEFAULT '',
  `nit_ci` varchar(20) CHARACTER SET utf8 COLLATE utf8_unicode_ci NOT NULL DEFAULT '',
  `nro_registros` int(11) NOT NULL DEFAULT 0,
  `estadoe` int(11) NOT NULL DEFAULT 0,
  `coordenadas` text DEFAULT NULL,
  `observacion` varchar(150) NOT NULL,
  `dosificacion_id` int(11) NOT NULL,
  `almacen_id` int(11) NOT NULL,
  `empleado_id` int(11) NOT NULL DEFAULT 0,
  `motivo_id` int(11) NOT NULL DEFAULT 0,
  `motivo` char(120) NOT NULL DEFAULT '0',
  `duracion` time NOT NULL DEFAULT '00:00:00',
  `cobrar` varchar(10) NOT NULL DEFAULT '',
  `grupo` varchar(50) NOT NULL DEFAULT '',
  `descripcion_venta` varchar(150) NOT NULL DEFAULT '',
  `ruta_id` int(11) NOT NULL DEFAULT 0,
  `distribuidor_fecha` date DEFAULT NULL,
  `distribuidor_hora` time NOT NULL DEFAULT '00:00:00',
  `distribuidor_estado` enum('DEVUELTO','ALMACEN','ENTREGA','NO ENTREGA','VENTA') NOT NULL,
  `distribuidor_id` int(11) NOT NULL DEFAULT 0,
  `estado` int(11) NOT NULL DEFAULT 0,
  `plan_de_pagos` enum('si','no') NOT NULL DEFAULT 'no',
  `ordenes_salidas_id` int(11) NOT NULL DEFAULT 0,
  `anulado` int(11) NOT NULL DEFAULT 0,
  `factura` enum('Factura','Nota','Ninguno') DEFAULT 'Ninguno',
  `evento` enum('Ninguno','Devuelto') NOT NULL DEFAULT 'Ninguno',
  `accion` enum('Entrega','Venta','VentaDevuelto','Noentrega','Anulado','Devuelto','Eliminado','VentaEliminado') NOT NULL DEFAULT 'Entrega',
  `delet_fecha_egreso` date NOT NULL,
  `delet_hora_egreso` time NOT NULL,
  `delet_empleado_id` int(11) NOT NULL,
  `accion_backup` enum('Editado','Eliminado','Backup') NOT NULL DEFAULT 'Backup',
  PRIMARY KEY (`backup_id_tmp_egreso`),
  KEY `id_egreso` (`id_egreso`),
  KEY `cliente_id` (`cliente_id`),
  KEY `almacen_id` (`almacen_id`),
  KEY `empleado_id` (`empleado_id`),
  KEY `ruta_id` (`ruta_id`),
  KEY `distribuidor_id` (`distribuidor_id`),
  KEY `tipo_provisionado` (`tipo`,`provisionado`),
  KEY `estadoe` (`estadoe`),
  KEY `dosificacion_id` (`dosificacion_id`),
  KEY `motivo_id` (`motivo_id`),
  KEY `estado` (`estado`),
  KEY `plan_de_pagos` (`plan_de_pagos`),
  KEY `factura` (`factura`),
  KEY `distribuidor_estado` (`distribuidor_estado`),
  FULLTEXT KEY `nombre_cliente_nit_ci` (`nombre_cliente`,`nit_ci`)
) ENGINE=MyISAM AUTO_INCREMENT=162 DEFAULT CHARSET=utf8;

-- Volcando datos para la tabla distribucion.backup_tmp_egresos: 0 rows
/*!40000 ALTER TABLE `backup_tmp_egresos` DISABLE KEYS */;
/*!40000 ALTER TABLE `backup_tmp_egresos` ENABLE KEYS */;

-- Volcando estructura para tabla distribucion.backup_tmp_egresos_detalles
CREATE TABLE IF NOT EXISTS `backup_tmp_egresos_detalles` (
  `backup_id_tmp_detalle` int(11) NOT NULL AUTO_INCREMENT,
  `id_tmp_detalle` int(11) NOT NULL,
  `id_detalle` int(11) NOT NULL,
  `precio` decimal(10,2) NOT NULL,
  `unidad_id` int(11) NOT NULL,
  `cantidad` int(11) NOT NULL,
  `descuento` int(11) NOT NULL DEFAULT 0,
  `producto_id` int(11) NOT NULL,
  `egreso_id` int(11) NOT NULL,
  `promocion_id` int(11) NOT NULL DEFAULT 0,
  `tmp_egreso_id` int(11) NOT NULL,
  `asignacion_id` int(11) NOT NULL DEFAULT 0,
  `lote` varchar(30) NOT NULL DEFAULT '',
  `delet_fecha_egreso` date NOT NULL,
  `delet_hora_egreso` time NOT NULL,
  `delet_empleado_id` int(11) NOT NULL,
  `accion_id_backup` int(11) NOT NULL DEFAULT 0,
  `accion_backup` enum('Editado','Eliminado','Backup') NOT NULL DEFAULT 'Backup',
  PRIMARY KEY (`backup_id_tmp_detalle`),
  KEY `producto_id` (`producto_id`),
  KEY `egreso_id` (`egreso_id`),
  KEY `asignacion_id` (`asignacion_id`)
) ENGINE=MyISAM AUTO_INCREMENT=267 DEFAULT CHARSET=utf8;

-- Volcando datos para la tabla distribucion.backup_tmp_egresos_detalles: 0 rows
/*!40000 ALTER TABLE `backup_tmp_egresos_detalles` DISABLE KEYS */;
/*!40000 ALTER TABLE `backup_tmp_egresos_detalles` ENABLE KEYS */;

-- Volcando estructura para tabla distribucion.caj_movimientos
CREATE TABLE IF NOT EXISTS `caj_movimientos` (
  `id_movimiento` int(11) NOT NULL AUTO_INCREMENT,
  `fecha_movimiento` date NOT NULL,
  `hora_movimiento` time NOT NULL,
  `nro_comprobante` varchar(50) NOT NULL,
  `tipo` enum('i','e','g') NOT NULL,
  `monto` decimal(10,2) NOT NULL,
  `concepto` text CHARACTER SET utf8 COLLATE utf8_unicode_ci NOT NULL,
  `observacion` text NOT NULL,
  `empleado_id` int(11) NOT NULL,
  `recibido_por` int(11) DEFAULT NULL,
  `sucursal_id` int(11) DEFAULT NULL,
  PRIMARY KEY (`id_movimiento`)
) ENGINE=MyISAM AUTO_INCREMENT=27 DEFAULT CHARSET=utf8;

-- Volcando datos para la tabla distribucion.caj_movimientos: 3 rows
/*!40000 ALTER TABLE `caj_movimientos` DISABLE KEYS */;
INSERT INTO `caj_movimientos` (`id_movimiento`, `fecha_movimiento`, `hora_movimiento`, `nro_comprobante`, `tipo`, `monto`, `concepto`, `observacion`, `empleado_id`, `recibido_por`, `sucursal_id`) VALUES
	(24, '2022-09-30', '08:26:26', '1', 'i', 345.00, 'prueba de ingreso', 'ssss', 1, 1, 1),
	(25, '2022-09-30', '08:29:35', '1', 'e', 343.00, 'fsdfsdf', 'ffff', 1, 1, 1),
	(26, '2022-09-30', '08:30:40', '1', 'g', 534.00, 'ffff', 'dddd', 1, 1, NULL);
/*!40000 ALTER TABLE `caj_movimientos` ENABLE KEYS */;

-- Volcando estructura para tabla distribucion.con_asiento
CREATE TABLE IF NOT EXISTS `con_asiento` (
  `codigo` int(11) NOT NULL AUTO_INCREMENT,
  `cuenta` varchar(30) NOT NULL,
  `debe` double NOT NULL,
  `haber` double NOT NULL,
  `factura` int(11) NOT NULL DEFAULT 0,
  `comprobante` int(11) NOT NULL,
  PRIMARY KEY (`codigo`)
) ENGINE=InnoDB AUTO_INCREMENT=19 DEFAULT CHARSET=utf8;

-- Volcando datos para la tabla distribucion.con_asiento: ~0 rows (aproximadamente)
/*!40000 ALTER TABLE `con_asiento` DISABLE KEYS */;
/*!40000 ALTER TABLE `con_asiento` ENABLE KEYS */;

-- Volcando estructura para tabla distribucion.con_asientos_automaticos
CREATE TABLE IF NOT EXISTS `con_asientos_automaticos` (
  `id_automatico` int(11) NOT NULL AUTO_INCREMENT,
  `titulo_automatico` varchar(200) NOT NULL,
  `detalle_automatico` varchar(300) NOT NULL,
  `estado` enum('si','no') NOT NULL DEFAULT 'no',
  PRIMARY KEY (`id_automatico`)
) ENGINE=InnoDB AUTO_INCREMENT=3 DEFAULT CHARSET=utf8;

-- Volcando datos para la tabla distribucion.con_asientos_automaticos: ~0 rows (aproximadamente)
/*!40000 ALTER TABLE `con_asientos_automaticos` DISABLE KEYS */;
/*!40000 ALTER TABLE `con_asientos_automaticos` ENABLE KEYS */;

-- Volcando estructura para tabla distribucion.con_asientos_menus
CREATE TABLE IF NOT EXISTS `con_asientos_menus` (
  `id_asiento_menu` int(11) NOT NULL AUTO_INCREMENT,
  `automatico_id` int(11) NOT NULL,
  `menu_id` int(11) NOT NULL,
  PRIMARY KEY (`id_asiento_menu`)
) ENGINE=InnoDB AUTO_INCREMENT=4 DEFAULT CHARSET=utf8;

-- Volcando datos para la tabla distribucion.con_asientos_menus: ~0 rows (aproximadamente)
/*!40000 ALTER TABLE `con_asientos_menus` DISABLE KEYS */;
/*!40000 ALTER TABLE `con_asientos_menus` ENABLE KEYS */;

-- Volcando estructura para tabla distribucion.con_clasificacion
CREATE TABLE IF NOT EXISTS `con_clasificacion` (
  `id_clasificacion` int(11) NOT NULL,
  `clasificacion` varchar(50) NOT NULL,
  `tipo` int(11) NOT NULL
) ENGINE=InnoDB DEFAULT CHARSET=utf8;

-- Volcando datos para la tabla distribucion.con_clasificacion: ~0 rows (aproximadamente)
/*!40000 ALTER TABLE `con_clasificacion` DISABLE KEYS */;
/*!40000 ALTER TABLE `con_clasificacion` ENABLE KEYS */;

-- Volcando estructura para tabla distribucion.con_comprobante
CREATE TABLE IF NOT EXISTS `con_comprobante` (
  `codigo` int(11) NOT NULL AUTO_INCREMENT,
  `tipo` int(11) NOT NULL,
  `glosa` varchar(500) NOT NULL,
  `fecha` date NOT NULL,
  `estado` int(11) NOT NULL DEFAULT 0,
  `dolar` double NOT NULL,
  `operacion_id` int(11) NOT NULL DEFAULT 0,
  PRIMARY KEY (`codigo`)
) ENGINE=InnoDB AUTO_INCREMENT=42 DEFAULT CHARSET=utf8;

-- Volcando datos para la tabla distribucion.con_comprobante: ~0 rows (aproximadamente)
/*!40000 ALTER TABLE `con_comprobante` DISABLE KEYS */;
/*!40000 ALTER TABLE `con_comprobante` ENABLE KEYS */;

-- Volcando estructura para tabla distribucion.con_cuenta
CREATE TABLE IF NOT EXISTS `con_cuenta` (
  `id_cuenta` int(11) NOT NULL,
  `n_cuenta` int(11) NOT NULL,
  `cuenta` varchar(50) NOT NULL,
  `estado` int(11) NOT NULL,
  `actividad` int(11) NOT NULL,
  `fecha` date NOT NULL
) ENGINE=InnoDB DEFAULT CHARSET=utf8;

-- Volcando datos para la tabla distribucion.con_cuenta: ~0 rows (aproximadamente)
/*!40000 ALTER TABLE `con_cuenta` DISABLE KEYS */;
/*!40000 ALTER TABLE `con_cuenta` ENABLE KEYS */;

-- Volcando estructura para tabla distribucion.con_datos_empresa
CREATE TABLE IF NOT EXISTS `con_datos_empresa` (
  `id_empresa` int(11) NOT NULL,
  `nombre_empresa` varchar(100) NOT NULL,
  `razon_social` varchar(50) NOT NULL,
  `pais` varchar(20) NOT NULL,
  `ciudad` varchar(30) NOT NULL
) ENGINE=InnoDB DEFAULT CHARSET=utf8;

-- Volcando datos para la tabla distribucion.con_datos_empresa: ~0 rows (aproximadamente)
/*!40000 ALTER TABLE `con_datos_empresa` DISABLE KEYS */;
/*!40000 ALTER TABLE `con_datos_empresa` ENABLE KEYS */;

-- Volcando estructura para tabla distribucion.con_detalles_automaticos
CREATE TABLE IF NOT EXISTS `con_detalles_automaticos` (
  `id_detalle` int(11) NOT NULL AUTO_INCREMENT,
  `automatico_id` int(11) NOT NULL,
  `plan_id` varchar(30) NOT NULL,
  `porcentaje` float NOT NULL,
  `tipo` int(11) NOT NULL,
  PRIMARY KEY (`id_detalle`)
) ENGINE=InnoDB AUTO_INCREMENT=7 DEFAULT CHARSET=utf8;

-- Volcando datos para la tabla distribucion.con_detalles_automaticos: ~0 rows (aproximadamente)
/*!40000 ALTER TABLE `con_detalles_automaticos` DISABLE KEYS */;
/*!40000 ALTER TABLE `con_detalles_automaticos` ENABLE KEYS */;

-- Volcando estructura para tabla distribucion.con_factura
CREATE TABLE IF NOT EXISTS `con_factura` (
  `id_factura` int(11) NOT NULL,
  `fecha_f` date NOT NULL,
  `nit_f` varchar(50) NOT NULL,
  `nombre_f` varchar(100) NOT NULL,
  `nro_f` int(11) NOT NULL,
  `autorizacion_f` varchar(50) NOT NULL,
  `codigo_f` varchar(50) NOT NULL,
  `total_f` double NOT NULL,
  `importes_f` double NOT NULL,
  `ice_f` double NOT NULL,
  `tipo_f` varchar(50) NOT NULL
) ENGINE=InnoDB DEFAULT CHARSET=utf8;

-- Volcando datos para la tabla distribucion.con_factura: ~0 rows (aproximadamente)
/*!40000 ALTER TABLE `con_factura` DISABLE KEYS */;
/*!40000 ALTER TABLE `con_factura` ENABLE KEYS */;

-- Volcando estructura para tabla distribucion.con_menus
CREATE TABLE IF NOT EXISTS `con_menus` (
  `id_menu` int(11) NOT NULL,
  `menu` varchar(100) NOT NULL,
  `estado` int(11) NOT NULL,
  `descripcion` varchar(300) NOT NULL
) ENGINE=InnoDB DEFAULT CHARSET=utf8;

-- Volcando datos para la tabla distribucion.con_menus: ~0 rows (aproximadamente)
/*!40000 ALTER TABLE `con_menus` DISABLE KEYS */;
/*!40000 ALTER TABLE `con_menus` ENABLE KEYS */;

-- Volcando estructura para tabla distribucion.con_plan
CREATE TABLE IF NOT EXISTS `con_plan` (
  `id_plan` int(11) NOT NULL AUTO_INCREMENT,
  `n_plan` varchar(30) NOT NULL,
  `plan_cuenta` varchar(150) NOT NULL,
  `estado` int(11) NOT NULL,
  `fecha` date NOT NULL,
  `tipo` int(11) NOT NULL,
  `actividadc` int(11) NOT NULL DEFAULT 0,
  `utilidadc` int(11) NOT NULL DEFAULT 0,
  `nodo` int(11) NOT NULL,
  PRIMARY KEY (`id_plan`)
) ENGINE=InnoDB AUTO_INCREMENT=149 DEFAULT CHARSET=utf8;

-- Volcando datos para la tabla distribucion.con_plan: ~0 rows (aproximadamente)
/*!40000 ALTER TABLE `con_plan` DISABLE KEYS */;
/*!40000 ALTER TABLE `con_plan` ENABLE KEYS */;

-- Volcando estructura para tabla distribucion.con_tipo_moneda
CREATE TABLE IF NOT EXISTS `con_tipo_moneda` (
  `id_moneda` int(11) NOT NULL,
  `moneda` varchar(50) NOT NULL,
  `sigla` varchar(20) NOT NULL,
  `valor` float NOT NULL,
  `estado` int(11) NOT NULL
) ENGINE=InnoDB DEFAULT CHARSET=utf8;

-- Volcando datos para la tabla distribucion.con_tipo_moneda: ~0 rows (aproximadamente)
/*!40000 ALTER TABLE `con_tipo_moneda` DISABLE KEYS */;
/*!40000 ALTER TABLE `con_tipo_moneda` ENABLE KEYS */;

-- Volcando estructura para tabla distribucion.con_ufv
CREATE TABLE IF NOT EXISTS `con_ufv` (
  `id_ufv` int(11) NOT NULL,
  `anio` int(11) NOT NULL,
  `mes` varchar(20) NOT NULL,
  `dias` int(11) NOT NULL,
  `ufv` double NOT NULL
) ENGINE=InnoDB DEFAULT CHARSET=utf8;

-- Volcando datos para la tabla distribucion.con_ufv: ~0 rows (aproximadamente)
/*!40000 ALTER TABLE `con_ufv` DISABLE KEYS */;
/*!40000 ALTER TABLE `con_ufv` ENABLE KEYS */;

-- Volcando estructura para tabla distribucion.cronograma
CREATE TABLE IF NOT EXISTS `cronograma` (
  `id_cronograma` int(11) NOT NULL AUTO_INCREMENT,
  `fecha` date DEFAULT '0000-00-00',
  `periodo` varchar(10) CHARACTER SET latin1 COLLATE latin1_general_ci DEFAULT NULL,
  `detalle` text CHARACTER SET latin1 COLLATE latin1_general_ci DEFAULT NULL,
  `monto` double NOT NULL DEFAULT 0,
  PRIMARY KEY (`id_cronograma`)
) ENGINE=MyISAM AUTO_INCREMENT=3 DEFAULT CHARSET=latin1;

-- Volcando datos para la tabla distribucion.cronograma: 0 rows
/*!40000 ALTER TABLE `cronograma` DISABLE KEYS */;
/*!40000 ALTER TABLE `cronograma` ENABLE KEYS */;

-- Volcando estructura para tabla distribucion.cronograma_cuentas
CREATE TABLE IF NOT EXISTS `cronograma_cuentas` (
  `id_cronograma_cuentas` int(11) NOT NULL AUTO_INCREMENT,
  `cronograma_id` int(11) NOT NULL,
  `fecha` date NOT NULL,
  `estado` int(11) NOT NULL DEFAULT 0,
  `fecha_pago` date NOT NULL DEFAULT '0000-00-00',
  `tipo_pago` varchar(10) CHARACTER SET latin1 COLLATE latin1_general_ci DEFAULT NULL,
  `detalle` text CHARACTER SET utf8 NOT NULL,
  `monto` double NOT NULL DEFAULT 0,
  `empleado_id` int(11) NOT NULL DEFAULT 0,
  PRIMARY KEY (`id_cronograma_cuentas`)
) ENGINE=MyISAM AUTO_INCREMENT=4 DEFAULT CHARSET=latin1;

-- Volcando datos para la tabla distribucion.cronograma_cuentas: 0 rows
/*!40000 ALTER TABLE `cronograma_cuentas` DISABLE KEYS */;
/*!40000 ALTER TABLE `cronograma_cuentas` ENABLE KEYS */;

-- Volcando estructura para tabla distribucion.gps_asigna_distribucion
CREATE TABLE IF NOT EXISTS `gps_asigna_distribucion` (
  `id_asignacion` int(11) NOT NULL AUTO_INCREMENT,
  `ruta_id` int(11) NOT NULL,
  `grupo_id` varchar(50) DEFAULT '',
  `distribuidor_id` int(11) NOT NULL,
  `fecha_ini` date DEFAULT NULL,
  `fecha_fin` date DEFAULT NULL,
  `estado` int(11) NOT NULL,
  PRIMARY KEY (`id_asignacion`),
  KEY `distribuidor_id` (`distribuidor_id`)
) ENGINE=InnoDB AUTO_INCREMENT=15 DEFAULT CHARSET=utf8;

-- Volcando datos para la tabla distribucion.gps_asigna_distribucion: ~0 rows (aproximadamente)
/*!40000 ALTER TABLE `gps_asigna_distribucion` DISABLE KEYS */;
INSERT INTO `gps_asigna_distribucion` (`id_asignacion`, `ruta_id`, `grupo_id`, `distribuidor_id`, `fecha_ini`, `fecha_fin`, `estado`) VALUES
	(14, 179, '', 128, '2022-09-11', NULL, 1);
/*!40000 ALTER TABLE `gps_asigna_distribucion` ENABLE KEYS */;

-- Volcando estructura para tabla distribucion.gps_historial_asinacion
CREATE TABLE IF NOT EXISTS `gps_historial_asinacion` (
  `id_historial` int(11) NOT NULL AUTO_INCREMENT,
  `ruta_id` int(11) NOT NULL,
  `empleado_id` int(11) NOT NULL DEFAULT 0,
  `distribuidor_id` int(11) NOT NULL DEFAULT 0,
  `fecha_ini` date NOT NULL DEFAULT '0000-00-00',
  `fecha_fin` date NOT NULL DEFAULT '0000-00-00',
  PRIMARY KEY (`id_historial`)
) ENGINE=InnoDB AUTO_INCREMENT=15 DEFAULT CHARSET=utf8;

-- Volcando datos para la tabla distribucion.gps_historial_asinacion: ~2 rows (aproximadamente)
/*!40000 ALTER TABLE `gps_historial_asinacion` DISABLE KEYS */;
INSERT INTO `gps_historial_asinacion` (`id_historial`, `ruta_id`, `empleado_id`, `distribuidor_id`, `fecha_ini`, `fecha_fin`) VALUES
	(13, 180, 1, 0, '2022-10-27', '2022-11-15'),
	(14, 181, 130, 0, '2022-11-15', '0000-00-00');
/*!40000 ALTER TABLE `gps_historial_asinacion` ENABLE KEYS */;

-- Volcando estructura para tabla distribucion.gps_historial_distribuidores_vendedores
CREATE TABLE IF NOT EXISTS `gps_historial_distribuidores_vendedores` (
  `id_historial` int(11) NOT NULL AUTO_INCREMENT,
  `ruta_id` int(11) NOT NULL DEFAULT 0,
  `vendedor_id` int(11) NOT NULL DEFAULT 0,
  `distribuidor_id` int(11) NOT NULL DEFAULT 0,
  `fecha_registro` date DEFAULT NULL,
  `hora_registro` time DEFAULT NULL,
  `grupo_id` int(11) NOT NULL DEFAULT 0,
  PRIMARY KEY (`id_historial`)
) ENGINE=InnoDB AUTO_INCREMENT=3 DEFAULT CHARSET=utf8 COLLATE=utf8_spanish_ci;

-- Volcando datos para la tabla distribucion.gps_historial_distribuidores_vendedores: ~0 rows (aproximadamente)
/*!40000 ALTER TABLE `gps_historial_distribuidores_vendedores` DISABLE KEYS */;
/*!40000 ALTER TABLE `gps_historial_distribuidores_vendedores` ENABLE KEYS */;

-- Volcando estructura para tabla distribucion.gps_noventa_motivos
CREATE TABLE IF NOT EXISTS `gps_noventa_motivos` (
  `id_motivo` int(11) NOT NULL AUTO_INCREMENT,
  `motivo` varchar(200) NOT NULL,
  PRIMARY KEY (`id_motivo`)
) ENGINE=InnoDB AUTO_INCREMENT=31 DEFAULT CHARSET=utf8;

-- Volcando datos para la tabla distribucion.gps_noventa_motivos: ~2 rows (aproximadamente)
/*!40000 ALTER TABLE `gps_noventa_motivos` DISABLE KEYS */;
INSERT INTO `gps_noventa_motivos` (`id_motivo`, `motivo`) VALUES
	(28, 'Cerrado'),
	(29, 'Paso la competencia'),
	(30, 'SE TRASLADO');
/*!40000 ALTER TABLE `gps_noventa_motivos` ENABLE KEYS */;

-- Volcando estructura para tabla distribucion.gps_no_venta
CREATE TABLE IF NOT EXISTS `gps_no_venta` (
  `id_noventa` int(11) NOT NULL AUTO_INCREMENT,
  `fecha` date NOT NULL,
  `hora` time NOT NULL,
  `empleado_id` int(11) NOT NULL,
  `coordenadas` text NOT NULL,
  `direccion` varchar(250) NOT NULL,
  `motivo_id` int(11) NOT NULL,
  PRIMARY KEY (`id_noventa`)
) ENGINE=InnoDB DEFAULT CHARSET=utf8;

-- Volcando datos para la tabla distribucion.gps_no_venta: ~0 rows (aproximadamente)
/*!40000 ALTER TABLE `gps_no_venta` DISABLE KEYS */;
/*!40000 ALTER TABLE `gps_no_venta` ENABLE KEYS */;

-- Volcando estructura para tabla distribucion.gps_rutas
CREATE TABLE IF NOT EXISTS `gps_rutas` (
  `id_ruta` int(11) NOT NULL AUTO_INCREMENT,
  `nombre` varchar(150) NOT NULL,
  `coordenadas` text NOT NULL,
  `fecha` date NOT NULL,
  `estado` int(11) NOT NULL,
  `dia` int(11) NOT NULL DEFAULT 0,
  `empleado_id` int(11) NOT NULL DEFAULT 0,
  `color` varchar(50) NOT NULL DEFAULT '',
  PRIMARY KEY (`id_ruta`),
  KEY `empleado_id` (`empleado_id`)
) ENGINE=InnoDB AUTO_INCREMENT=182 DEFAULT CHARSET=utf8;

-- Volcando datos para la tabla distribucion.gps_rutas: ~3 rows (aproximadamente)
/*!40000 ALTER TABLE `gps_rutas` DISABLE KEYS */;
INSERT INTO `gps_rutas` (`id_ruta`, `nombre`, `coordenadas`, `fecha`, `estado`, `dia`, `empleado_id`, `color`) VALUES
	(179, 'ruta prueba', '*-16.502918636308184,-68.16256999969484*-16.50944524676416,-68.15184116363527*-16.519652774502507,-68.156476020813*-16.516442400514954,-68.16737651824953', '2022-09-11', 1, 0, 1, ''),
	(180, 'RUTA DE PRUEBA2022', '*-16.51665397355247,-68.16695824274615*-16.51646654589126,-68.17409597770643*-16.52342200340184,-68.17980266085324*-16.52659097495286,-68.17044884937953', '2022-10-27', 1, 2, 1, ''),
	(181, 'RUTA NUEVA', '*-16.499617795581663,-68.17478995510295*-16.49439468689133,-68.17368835748167*-16.497193682137556,-68.16304732424551*-16.501721382825878,-68.16218917640387*-16.502956191891986,-68.16356221295047', '2022-11-15', 1, 2, 130, '');
/*!40000 ALTER TABLE `gps_rutas` ENABLE KEYS */;

-- Volcando estructura para tabla distribucion.gps_seguimientos
CREATE TABLE IF NOT EXISTS `gps_seguimientos` (
  `id_seguimiento` int(11) NOT NULL AUTO_INCREMENT,
  `coordenadas` longtext NOT NULL,
  `fecha_seguimiento` date NOT NULL DEFAULT '0000-00-00',
  `hora_seguimiento` longtext NOT NULL,
  `user_id` int(11) NOT NULL,
  PRIMARY KEY (`id_seguimiento`)
) ENGINE=InnoDB AUTO_INCREMENT=5 DEFAULT CHARSET=utf8;

-- Volcando datos para la tabla distribucion.gps_seguimientos: ~0 rows (aproximadamente)
/*!40000 ALTER TABLE `gps_seguimientos` DISABLE KEYS */;
/*!40000 ALTER TABLE `gps_seguimientos` ENABLE KEYS */;

-- Volcando estructura para tabla distribucion.hist_conversiones
CREATE TABLE IF NOT EXISTS `hist_conversiones` (
  `id_conversion` int(11) NOT NULL AUTO_INCREMENT,
  `fecha_registro` date DEFAULT NULL,
  `hora_registro` time DEFAULT NULL,
  `id_origen` int(11) NOT NULL DEFAULT 0,
  `origen_movimiento` enum('Proforma','NotaRemision','Reserva','Preventa','Electronicas') NOT NULL,
  `id_destino` int(11) NOT NULL DEFAULT 0,
  `destino_movimiento` enum('Electronicas','NotaRemision','Manuales','Preventa') NOT NULL,
  `empleado_id` int(11) NOT NULL DEFAULT 0,
  `tipo` enum('ConversionDirecta','ConversionEdicion') NOT NULL DEFAULT 'ConversionDirecta',
  `id_backup_egreso` int(11) NOT NULL DEFAULT 0,
  `ids_backup_detalles` varchar(250) NOT NULL DEFAULT '',
  `dispositivo` enum('Movil','Web') NOT NULL DEFAULT 'Movil',
  PRIMARY KEY (`id_conversion`)
) ENGINE=MyISAM AUTO_INCREMENT=110 DEFAULT CHARSET=latin1;

-- Volcando datos para la tabla distribucion.hist_conversiones: 0 rows
/*!40000 ALTER TABLE `hist_conversiones` DISABLE KEYS */;
/*!40000 ALTER TABLE `hist_conversiones` ENABLE KEYS */;

-- Volcando estructura para tabla distribucion.imports_generals
CREATE TABLE IF NOT EXISTS `imports_generals` (
  `id_general` int(11) NOT NULL AUTO_INCREMENT,
  `fecha_import` date DEFAULT NULL,
  `hora_import` time DEFAULT NULL,
  `tipo_tabla` enum('Ingresos','Productos','Egresos') NOT NULL DEFAULT 'Productos',
  `empleado_id` int(11) NOT NULL DEFAULT 0,
  `estado_importacion` enum('Import','Confirmado') NOT NULL DEFAULT 'Import',
  PRIMARY KEY (`id_general`)
) ENGINE=InnoDB AUTO_INCREMENT=2 DEFAULT CHARSET=utf8;

-- Volcando datos para la tabla distribucion.imports_generals: ~0 rows (aproximadamente)
/*!40000 ALTER TABLE `imports_generals` DISABLE KEYS */;
INSERT INTO `imports_generals` (`id_general`, `fecha_import`, `hora_import`, `tipo_tabla`, `empleado_id`, `estado_importacion`) VALUES
	(1, '2022-11-17', '10:11:54', 'Productos', 1, 'Confirmado');
/*!40000 ALTER TABLE `imports_generals` ENABLE KEYS */;

-- Volcando estructura para tabla distribucion.import_inv_asignaciones
CREATE TABLE IF NOT EXISTS `import_inv_asignaciones` (
  `id_asignacionimport` int(11) NOT NULL AUTO_INCREMENT,
  `producto_id` int(11) NOT NULL DEFAULT 0,
  `unidad_id` int(11) NOT NULL DEFAULT 0,
  `cantidad_unidad` int(11) NOT NULL DEFAULT 0,
  `otro_precio` decimal(20,2) NOT NULL,
  `visible` enum('s','n') NOT NULL DEFAULT 's',
  PRIMARY KEY (`id_asignacionimport`)
) ENGINE=InnoDB AUTO_INCREMENT=45 DEFAULT CHARSET=utf8;

-- Volcando datos para la tabla distribucion.import_inv_asignaciones: ~44 rows (aproximadamente)
/*!40000 ALTER TABLE `import_inv_asignaciones` DISABLE KEYS */;
INSERT INTO `import_inv_asignaciones` (`id_asignacionimport`, `producto_id`, `unidad_id`, `cantidad_unidad`, `otro_precio`, `visible`) VALUES
	(1, 1, 19, 60, 198.00, 's'),
	(2, 2, 20, 20, 60.00, 's'),
	(3, 3, 22, 12, 240.00, 's'),
	(4, 4, 20, 24, 192.00, 's'),
	(5, 5, 19, 24, 124.80, 's'),
	(6, 6, 19, 4, 206.00, 's'),
	(7, 7, 19, 8, 230.40, 's'),
	(8, 8, 19, 24, 120.00, 's'),
	(9, 9, 19, 8, 230.40, 's'),
	(10, 10, 19, 4, 188.00, 's'),
	(11, 11, 23, 4, 164.00, 's'),
	(12, 12, 19, 4, 151.20, 's'),
	(13, 13, 19, 4, 184.00, 's'),
	(14, 14, 19, 4, 231.20, 's'),
	(15, 15, 19, 10, 378.00, 's'),
	(16, 16, 19, 8, 63.20, 's'),
	(17, 17, 24, 6, 95.00, 's'),
	(18, 18, 25, 6, 96.00, 's'),
	(19, 19, 19, 20, 90.00, 's'),
	(20, 20, 19, 20, 90.00, 's'),
	(21, 21, 19, 20, 90.00, 's'),
	(22, 22, 19, 20, 90.00, 's'),
	(23, 23, 19, 20, 90.00, 's'),
	(24, 24, 19, 20, 90.00, 's'),
	(25, 25, 19, 6, 96.00, 's'),
	(26, 26, 19, 24, 168.00, 's'),
	(27, 27, 19, 8, 239.20, 's'),
	(28, 28, 19, 4, 259.60, 's'),
	(29, 29, 19, 12, 396.00, 's'),
	(30, 30, 19, 48, 518.40, 's'),
	(31, 31, 19, 24, 307.00, 's'),
	(32, 32, 25, 6, 51.00, 's'),
	(33, 33, 25, 6, 51.00, 's'),
	(34, 34, 25, 6, 24.00, 's'),
	(35, 35, 19, 18, 158.40, 's'),
	(36, 36, 19, 8, 228.00, 's'),
	(37, 37, 25, 12, 138.00, 's'),
	(38, 38, 25, 12, 174.00, 's'),
	(39, 39, 19, 34, 374.00, 's'),
	(40, 40, 19, 60, 570.00, 's'),
	(41, 41, 19, 100, 350.00, 's'),
	(42, 42, 19, 34, 374.00, 's'),
	(43, 43, 19, 60, 510.00, 's'),
	(44, 44, 19, 12, 540.00, 's');
/*!40000 ALTER TABLE `import_inv_asignaciones` ENABLE KEYS */;

-- Volcando estructura para tabla distribucion.import_inv_productos
CREATE TABLE IF NOT EXISTS `import_inv_productos` (
  `id_producto` int(11) NOT NULL AUTO_INCREMENT,
  `codigo` varchar(50) NOT NULL,
  `codigo_barras` varchar(50) DEFAULT '',
  `nombre` varchar(100) NOT NULL,
  `nombre_factura` varchar(100) NOT NULL,
  `promocion` varchar(10) DEFAULT '',
  `fecha_registro` date NOT NULL,
  `hora_registro` time NOT NULL,
  `fecha_vencimiento` date DEFAULT NULL,
  `fecha_limite` date DEFAULT '1000-01-01',
  `precio_actual` decimal(10,2) DEFAULT 0.00,
  `cantidad_minima` int(11) NOT NULL,
  `imagen` varchar(100) NOT NULL DEFAULT '',
  `ubicacion` text DEFAULT NULL,
  `descripcion` text NOT NULL,
  `unidad_id` int(11) NOT NULL,
  `categoria_id` int(11) NOT NULL,
  `marca_id` int(11) NOT NULL DEFAULT 0,
  `sigla_contenedor` varchar(100) DEFAULT NULL,
  `nro_dui` varchar(100) NOT NULL DEFAULT '0',
  `precio_sugerido` decimal(10,2) DEFAULT 0.00,
  `grupo` varchar(50) DEFAULT '',
  `regalo` int(11) NOT NULL DEFAULT 0,
  `marca` varchar(100) DEFAULT NULL,
  `eliminado` tinyint(1) NOT NULL DEFAULT 0,
  `general_id` int(11) NOT NULL DEFAULT 0,
  PRIMARY KEY (`id_producto`),
  KEY `unidad_id` (`unidad_id`),
  KEY `categoria_id` (`categoria_id`),
  KEY `marca_id` (`marca_id`)
) ENGINE=MyISAM AUTO_INCREMENT=121 DEFAULT CHARSET=utf8;

-- Volcando datos para la tabla distribucion.import_inv_productos: 120 rows
/*!40000 ALTER TABLE `import_inv_productos` DISABLE KEYS */;
INSERT INTO `import_inv_productos` (`id_producto`, `codigo`, `codigo_barras`, `nombre`, `nombre_factura`, `promocion`, `fecha_registro`, `hora_registro`, `fecha_vencimiento`, `fecha_limite`, `precio_actual`, `cantidad_minima`, `imagen`, `ubicacion`, `descripcion`, `unidad_id`, `categoria_id`, `marca_id`, `sigla_contenedor`, `nro_dui`, `precio_sugerido`, `grupo`, `regalo`, `marca`, `eliminado`, `general_id`) VALUES
	(1, '300000', '300000', 'MAICENA CAJA 200 g', 'MAICENA CAJA 200 g', '', '2022-11-17', '10:11:54', NULL, '1000-01-01', 3.30, 10, '', '', '', 18, 5, 0, NULL, '0', 0.00, '', 0, NULL, 0, 1),
	(2, '300003', '300003', 'MAICENA BOLSA 200 g', 'MAICENA BOLSA 200 g', '', '2022-11-17', '10:11:54', NULL, '1000-01-01', 3.00, 10, '', '', '', 20, 5, 0, NULL, '0', 0.00, '', 0, NULL, 0, 1),
	(3, '300065', '300065', 'POLVO DE HORNEAR KRIS 57 g', 'POLVO DE HORNEAR KRIS 57 g', '', '2022-11-17', '10:11:54', NULL, '1000-01-01', 20.00, 10, '', '', '', 21, 6, 0, NULL, '0', 0.00, '', 0, NULL, 0, 1),
	(4, '300074', '300074', 'PURE DE PAPAS KRIS 125 g', 'PURE DE PAPAS KRIS 125 g', '', '2022-11-17', '10:11:54', NULL, '1000-01-01', 8.00, 10, '', '', '', 20, 5, 0, NULL, '0', 0.00, '', 0, NULL, 0, 1),
	(5, '300078', '300078', 'MOSTAZA KRIS DOYPACK 200 g', 'MOSTAZA KRIS DOYPACK 200 g', '', '2022-11-17', '10:11:54', NULL, '1000-01-01', 5.10, 10, '', '', '', 20, 7, 0, NULL, '0', 0.00, '', 0, NULL, 0, 1),
	(6, '300080', '300080', 'MOSTAZA KRIS GALON 4 kg', 'MOSTAZA KRIS GALON 4 kg', '', '2022-11-17', '10:11:54', NULL, '1000-01-01', 51.51, 10, '', '', '', 23, 7, 0, NULL, '0', 0.00, '', 0, NULL, 0, 1),
	(7, '300083', '300083', 'MOSTAZA KRIS SOBRE 50 g', 'MOSTAZA KRIS SOBRE 50 g', '', '2022-11-17', '10:11:54', NULL, '1000-01-01', 28.50, 10, '', '', '', 21, 7, 0, NULL, '0', 0.00, '', 0, NULL, 0, 1),
	(8, '300101', '300101', 'KETCHUP KRIS DOYPACK 200 g', 'KETCHUP KRIS DOYPACK 200 g', '', '2022-11-17', '10:11:54', NULL, '1000-01-01', 5.00, 10, '', '', '', 20, 7, 0, NULL, '0', 0.00, '', 0, NULL, 0, 1),
	(9, '300107', '300107', 'KETCHUP KRIS SOBRE 50 g', 'KETCHUP KRIS SOBRE 50 g', '', '2022-11-17', '10:11:54', NULL, '1000-01-01', 28.80, 10, '', '', '', 21, 7, 0, NULL, '0', 0.00, '', 0, NULL, 0, 1),
	(10, '300108', '300108', 'KETCHUP KRIS SOBRE 9 g', 'KETCHUP KRIS SOBRE 9 g', '', '2022-11-17', '10:11:54', NULL, '1000-01-01', 47.00, 10, '', '', '', 21, 7, 0, NULL, '0', 0.00, '', 0, NULL, 0, 1),
	(11, '300124', '300124', 'KETCHUP REAL GALON 4 kg', 'KETCHUP REAL GALON 4 kg', '', '2022-11-17', '10:11:54', NULL, '1000-01-01', 41.00, 10, '', '', '', 23, 7, 0, NULL, '0', 0.00, '', 0, NULL, 0, 1),
	(12, '300125', '300125', 'KETCHUP REAL SOBRE 9 g', 'KETCHUP REAL SOBRE 9 g', '', '2022-11-17', '10:11:54', NULL, '1000-01-01', 37.80, 10, '', '', '', 21, 7, 0, NULL, '0', 0.00, '', 0, NULL, 0, 1),
	(13, '300189', '300189', 'MAYONESA REAL SOBRE 9 ml', 'MAYONESA REAL SOBRE 9 ml', '', '2022-11-17', '10:11:54', NULL, '1000-01-01', 46.00, 10, '', '', '', 21, 7, 0, NULL, '0', 0.00, '', 0, NULL, 0, 1),
	(14, '300192', '300192', 'MAYONESA REAL GALON 3650 ml', 'MAYONESA REAL GALON 3650 ml', '', '2022-11-17', '10:11:54', NULL, '1000-01-01', 57.80, 10, '', '', '', 23, 7, 0, NULL, '0', 0.00, '', 0, NULL, 0, 1),
	(15, '300266', '300266', 'LEVADURA SECA 20 g', 'LEVADURA SECA 20 g', '', '2022-11-17', '10:11:54', NULL, '1000-01-01', 37.80, 10, '', '', '', 21, 6, 0, NULL, '0', 0.00, '', 0, NULL, 0, 1),
	(16, '300701', '300701', 'REFRESCO REAL SURTIDO 14 G X 25', 'REFRESCO REAL SURTIDO 14 G X 25', '', '2022-11-17', '10:11:54', NULL, '1000-01-01', 7.90, 10, '', '', '', 21, 8, 0, NULL, '0', 0.00, '', 0, NULL, 0, 1),
	(17, '300712', '300712', 'PACK LAVAVAJILLA LIMON1050  LIMON600CC', 'PACK LAVAVAJILLA LIMON1050  LIMON600CC', '', '2022-11-17', '10:11:54', NULL, '1000-01-01', 16.00, 10, '', '', '', 24, 9, 0, NULL, '0', 0.00, '', 0, NULL, 0, 1),
	(18, '300713', '300713', 'PACKLAVAVAJILLALIMON1050LIMOCITRON600CC', 'PACKLAVAVAJILLALIMON1050LIMOCITRON600CC', '', '2022-11-17', '10:11:54', NULL, '1000-01-01', 16.00, 10, '', '', '', 24, 9, 0, NULL, '0', 0.00, '', 0, NULL, 0, 1),
	(19, '300852', '300852', 'GELATINA FRUTILLA 250 G', 'GELATINA FRUTILLA 250 G', '', '2022-11-17', '10:11:54', NULL, '1000-01-01', 4.50, 10, '', '', '', 20, 10, 0, NULL, '0', 0.00, '', 0, NULL, 0, 1),
	(20, '300853', '300853', 'GELATINA FRAMBUESA 250 G', 'GELATINA FRAMBUESA 250 G', '', '2022-11-17', '10:11:54', NULL, '1000-01-01', 4.50, 10, '', '', '', 20, 10, 0, NULL, '0', 0.00, '', 0, NULL, 0, 1),
	(21, '300854', '300854', 'GELATINA CEREZA 250 G', 'GELATINA CEREZA 250 G', '', '2022-11-17', '10:11:54', NULL, '1000-01-01', 4.50, 10, '', '', '', 20, 10, 0, NULL, '0', 0.00, '', 0, NULL, 0, 1),
	(22, '300855', '300855', 'GELATINA NARANJA 250 G', 'GELATINA NARANJA 250 G', '', '2022-11-17', '10:11:54', NULL, '1000-01-01', 4.50, 10, '', '', '', 20, 10, 0, NULL, '0', 0.00, '', 0, NULL, 0, 1),
	(23, '300856', '300856', 'GELATINA PIA 250 G', 'GELATINA PIA 250 G', '', '2022-11-17', '10:11:54', NULL, '1000-01-01', 4.50, 10, '', '', '', 20, 10, 0, NULL, '0', 0.00, '', 0, NULL, 0, 1),
	(24, '300857', '300857', 'GELATINA LIMON 250 G', 'GELATINA LIMON 250 G', '', '2022-11-17', '10:11:54', NULL, '1000-01-01', 4.50, 10, '', '', '', 20, 10, 0, NULL, '0', 0.00, '', 0, NULL, 0, 1),
	(25, '300943', '300943', 'PACK LAVAVAJILLA LIMON1050 NEUTRO 600CC', 'PACK LAVAVAJILLA LIMON1050 NEUTRO 600CC', '', '2022-11-17', '10:11:54', NULL, '1000-01-01', 16.00, 10, '', '', '', 24, 9, 0, NULL, '0', 0.00, '', 0, NULL, 0, 1),
	(26, '300984', '300984', 'MAYONESA KRIS DOYPACK 225 ML', 'MAYONESA KRIS DOYPACK 225 ML', '', '2022-11-17', '10:11:54', NULL, '1000-01-01', 7.00, 10, '', '', '', 20, 7, 0, NULL, '0', 0.00, '', 0, NULL, 0, 1),
	(27, '301040', '301040', 'MAYONESA KRIS SOBRE 47 ML', 'MAYONESA KRIS SOBRE 47 ML', '', '2022-11-17', '10:11:54', NULL, '1000-01-01', 29.90, 10, '', '', '', 21, 7, 0, NULL, '0', 0.00, '', 0, NULL, 0, 1),
	(28, '301041', '301041', 'MAYONESA KRIS SOBRE 120 ML', 'MAYONESA KRIS SOBRE 120 ML', '', '2022-11-17', '10:11:54', NULL, '1000-01-01', 64.90, 10, '', '', '', 21, 7, 0, NULL, '0', 0.00, '', 0, NULL, 0, 1),
	(29, '400000', '400000', 'ACEITE OLIVA VIRGEN EXTRA 500 ml', 'ACEITE OLIVA VIRGEN EXTRA 500 ml', '', '2022-11-17', '10:11:54', NULL, '1000-01-01', 33.00, 10, '', '', '', 26, 11, 0, NULL, '0', 0.00, '', 0, NULL, 0, 1),
	(30, '400136', '400136', 'ATUN EN AGUA Y SAL EL PESCADOR 170 G', 'ATUN EN AGUA Y SAL EL PESCADOR 170 G', '', '2022-11-17', '10:11:54', NULL, '1000-01-01', 10.80, 10, '', '', '', 27, 12, 0, NULL, '0', 0.00, '', 0, NULL, 0, 1),
	(31, '400137', '400137', 'JUREL EN SALSA TOMATE TALL PESCADOR 425/280G', 'JUREL EN SALSA TOMATE TALL PESCADOR 425/280G', '', '2022-11-17', '10:11:54', NULL, '1000-01-01', 12.80, 10, '', '', '', 27, 12, 0, NULL, '0', 0.00, '', 0, NULL, 0, 1),
	(32, '600152', '600152', 'B REFRESCANTE MOCOCHINCHI DE 2 L LCC', 'B REFRESCANTE MOCOCHINCHI DE 2 L LCC', '', '2022-11-17', '10:11:54', NULL, '1000-01-01', 8.50, 10, '', '', '', 26, 13, 0, NULL, '0', 0.00, '', 0, NULL, 0, 1),
	(33, '600154', '600154', 'B REFRESCANTE CHICHA CAMBA DE 2 L LCC', 'B REFRESCANTE CHICHA CAMBA DE 2 L LCC', '', '2022-11-17', '10:11:54', NULL, '1000-01-01', 8.50, 10, '', '', '', 26, 13, 0, NULL, '0', 0.00, '', 0, NULL, 0, 1),
	(34, '600158', '600158', 'AGUA SPERANZA DE 2 L', 'AGUA SPERANZA DE 2 L', '', '2022-11-17', '10:11:54', NULL, '1000-01-01', 4.00, 10, '', '', '', 26, 14, 0, NULL, '0', 0.00, '', 0, NULL, 0, 1),
	(35, '300042', '300042', 'AVENA INSTANTANEA 400 g', 'AVENA INSTANTANEA 400 g', '', '2022-11-17', '10:11:54', NULL, '1000-01-01', 8.50, 10, '', '', '', 18, 5, 0, NULL, '0', 0.00, '', 0, NULL, 0, 1),
	(36, '301052', '301052', 'MOSTAZA KRIS SOBRE 47ML', 'MOSTAZA KRIS SOBRE 47ML', '', '2022-11-17', '10:11:54', NULL, '1000-01-01', 28.50, 10, '', '', '', 21, 5, 0, NULL, '0', 0.00, '', 0, NULL, 0, 1),
	(37, '300886', '300886', 'SACA GRASA EXTRA FUERTE RECARGA 900 MLNI', 'SACA GRASA EXTRA FUERTE RECARGA 900 MLNI', '', '2022-11-17', '10:11:54', NULL, '1000-01-01', 11.50, 10, '', '', '', 26, 9, 0, NULL, '0', 0.00, '', 0, NULL, 0, 1),
	(38, '300885', '300885', 'SACA GRASA EXTRA FUERTE ORIGINAL900 MLNI', 'SACA GRASA EXTRA FUERTE ORIGINAL900 MLNI', '', '2022-11-17', '10:11:54', NULL, '1000-01-01', 14.50, 10, '', '', '', 26, 9, 0, NULL, '0', 0.00, '', 0, NULL, 0, 1),
	(39, '50106', '50106', ' Cocoa  Orgnico  Blsa  250 g', ' Cocoa  Orgnico  Blsa  250 g', '', '2022-11-17', '10:11:54', NULL, '1000-01-01', 11.00, 10, '', '', '', 20, 15, 0, NULL, '0', 0.00, '', 0, NULL, 0, 1),
	(40, '50114', '50114', ' Cocoa  Organico  Blsa 150 g', ' Cocoa  Organico  Blsa 150 g', '', '2022-11-17', '10:11:54', NULL, '1000-01-01', 9.50, 10, '', '', '', 20, 15, 0, NULL, '0', 0.00, '', 0, NULL, 0, 1),
	(41, '50119', '50119', ' Cocoa  Organico  Blsa 50 g', ' Cocoa  Organico  Blsa 50 g', '', '2022-11-17', '10:11:54', NULL, '1000-01-01', 3.00, 10, '', '', '', 20, 15, 0, NULL, '0', 0.00, '', 0, NULL, 0, 1),
	(42, '50117', '50117', ' Cocoa  Natural Blsa  250 g', ' Cocoa  Natural Blsa  250 g', '', '2022-11-17', '10:11:54', NULL, '1000-01-01', 11.00, 10, '', '', '', 20, 15, 0, NULL, '0', 0.00, '', 0, NULL, 0, 1),
	(43, '50116', '50116', ' Cocoa  Natural  Blsa 150 g', ' Cocoa  Natural  Blsa 150 g', '', '2022-11-17', '10:11:54', NULL, '1000-01-01', 8.50, 10, '', '', '', 20, 15, 0, NULL, '0', 0.00, '', 0, NULL, 0, 1),
	(44, '50901', '50901', ' Chocolate de Cocina Bollo  1 Kg', ' Chocolate de Cocina Bollo  1 Kg', '', '2022-11-17', '10:11:54', NULL, '1000-01-01', 45.00, 10, '', '', '', 21, 16, 0, NULL, '0', 0.00, '', 0, NULL, 0, 1),
	(45, '50301', '50301', ' Chocolate Submarino Tableta  200 g', ' Chocolate Submarino Tableta  200 g', '', '2022-11-17', '10:11:54', NULL, '1000-01-01', 19.00, 10, '', '', '', 28, 16, 0, NULL, '0', 0.00, '', 0, NULL, 0, 1),
	(46, '50302', '50302', ' Chocolate Tableta con Leche 100 g', ' Chocolate Tableta con Leche 100 g', '', '2022-11-17', '10:11:54', NULL, '1000-01-01', 12.00, 10, '', '', '', 28, 16, 0, NULL, '0', 0.00, '', 0, NULL, 0, 1),
	(47, '50303', '50303', ' Chocolate Tableta con mani 100 g', ' Chocolate Tableta con mani 100 g', '', '2022-11-17', '10:11:54', NULL, '1000-01-01', 12.00, 10, '', '', '', 28, 16, 0, NULL, '0', 0.00, '', 0, NULL, 0, 1),
	(48, '50304', '50304', ' Chocolate Tableta con Pasas de uva 100 g', ' Chocolate Tableta con Pasas de uva 100 g', '', '2022-11-17', '10:11:54', NULL, '1000-01-01', 12.00, 10, '', '', '', 28, 16, 0, NULL, '0', 0.00, '', 0, NULL, 0, 1),
	(49, '50305', '50305', ' Chocolate Aventura  Leche 20 g', ' Chocolate Aventura  Leche 20 g', '', '2022-11-17', '10:11:54', NULL, '1000-01-01', 56.00, 10, '', '', '', 21, 16, 0, NULL, '0', 0.00, '', 0, NULL, 0, 1),
	(50, '50306', '50306', ' Chocolate Aventura Pasas  20 g', ' Chocolate Aventura Pasas  20 g', '', '2022-11-17', '10:11:54', NULL, '1000-01-01', 56.00, 10, '', '', '', 21, 16, 0, NULL, '0', 0.00, '', 0, NULL, 0, 1),
	(51, '50307', '50307', ' Chocolate Aventura Quinua  20 g', ' Chocolate Aventura Quinua  20 g', '', '2022-11-17', '10:11:54', NULL, '1000-01-01', 56.00, 10, '', '', '', 21, 16, 0, NULL, '0', 0.00, '', 0, NULL, 0, 1),
	(52, '50308', '50308', ' Chocolate Aventura  Amaranto  20 g', ' Chocolate Aventura  Amaranto  20 g', '', '2022-11-17', '10:11:54', NULL, '1000-01-01', 56.00, 10, '', '', '', 21, 16, 0, NULL, '0', 0.00, '', 0, NULL, 0, 1),
	(53, '50312', '50312', ' Chocolate Aventura  Blanco 20 g', ' Chocolate Aventura  Blanco 20 g', '', '2022-11-17', '10:11:54', NULL, '1000-01-01', 56.00, 10, '', '', '', 21, 16, 0, NULL, '0', 0.00, '', 0, NULL, 0, 1),
	(54, '51104', '51104', ' Grageas de Mani    50 g', ' Grageas de Mani    50 g', '', '2022-11-17', '10:11:54', NULL, '1000-01-01', 6.00, 10, '', '', '', 28, 16, 0, NULL, '0', 0.00, '', 0, NULL, 0, 1),
	(55, '51105', '51105', ' Grageas de Arroz    50 g', ' Grageas de Arroz    50 g', '', '2022-11-17', '10:11:54', NULL, '1000-01-01', 6.00, 10, '', '', '', 28, 16, 0, NULL, '0', 0.00, '', 0, NULL, 0, 1),
	(56, '51106', '51106', ' Grageas de Pasas de uva   50 g', ' Grageas de Pasas de uva   50 g', '', '2022-11-17', '10:11:54', NULL, '1000-01-01', 6.00, 10, '', '', '', 28, 16, 0, NULL, '0', 0.00, '', 0, NULL, 0, 1),
	(57, '51110', '51110', '  Filipitos - gritz de maiz   30 g', '  Filipitos - gritz de maiz   30 g', '', '2022-11-17', '10:11:54', NULL, '1000-01-01', 2.00, 10, '', '', '', 28, 16, 0, NULL, '0', 0.00, '', 0, NULL, 0, 1),
	(58, '51115', '51115', '  Filipitos - gritz de maiz  200 g', '  Filipitos - gritz de maiz  200 g', '', '2022-11-17', '10:11:54', NULL, '1000-01-01', 13.00, 10, '', '', '', 28, 16, 0, NULL, '0', 0.00, '', 0, NULL, 0, 1),
	(59, '51116', '51116', '  Fido - fideos con chocolate  200 g', '  Fido - fideos con chocolate  200 g', '', '2022-11-17', '10:11:54', NULL, '1000-01-01', 13.00, 10, '', '', '', 28, 16, 0, NULL, '0', 0.00, '', 0, NULL, 0, 1),
	(60, '51117', '51117', '  Fido - fideos con chocolate  30 g', '  Fido - fideos con chocolate  30 g', '', '2022-11-17', '10:11:54', NULL, '1000-01-01', 2.00, 10, '', '', '', 28, 16, 0, NULL, '0', 0.00, '', 0, NULL, 0, 1),
	(61, '50801', '50801', ' Bombones Selectos en Cja  125 g', ' Bombones Selectos en Cja  125 g', '', '2022-11-17', '10:11:54', NULL, '1000-01-01', 30.00, 10, '', '', '', 28, 16, 0, NULL, '0', 0.00, '', 0, NULL, 0, 1),
	(62, '50806', '50806', ' Bombones Seduccion con cerry rojo en Cja  ', ' Bombones Seduccion con cerry rojo en Cja  ', '', '2022-11-17', '10:11:54', NULL, '1000-01-01', 45.00, 10, '', '', '', 28, 16, 0, NULL, '0', 0.00, '', 0, NULL, 0, 1),
	(63, '50807', '50807', ' Bombones Seduccion con cerry azul en Cja  ', ' Bombones Seduccion con cerry azul en Cja  ', '', '2022-11-17', '10:11:54', NULL, '1000-01-01', 45.00, 10, '', '', '', 28, 16, 0, NULL, '0', 0.00, '', 0, NULL, 0, 1),
	(64, '50311', '50311', 'Tabletas Te amo', 'Tabletas Te amo', '', '2022-11-17', '10:11:54', NULL, '1000-01-01', 20.00, 10, '', '', '', 28, 16, 0, NULL, '0', 0.00, '', 0, NULL, 0, 1),
	(65, '50730', '50730', 'Oso po Panda ', 'Oso po Panda ', '', '2022-11-17', '10:11:54', NULL, '1000-01-01', 25.00, 10, '', '', '', 28, 16, 0, NULL, '0', 0.00, '', 0, NULL, 0, 1),
	(66, '50401', '50401', 'intenso 216 g', 'intenso 216 g', '', '2022-11-17', '10:11:54', NULL, '1000-01-01', 40.00, 10, '', '', '', 28, 16, 0, NULL, '0', 0.00, '', 0, NULL, 0, 1),
	(67, '50404', '50404', ' Chocolate Fine  Dark con Nibs y sal  20 g', ' Chocolate Fine  Dark con Nibs y sal  20 g', '', '2022-11-17', '10:11:54', NULL, '1000-01-01', 6.00, 10, '', '', '', 28, 16, 0, NULL, '0', 0.00, '', 0, NULL, 0, 1),
	(68, '50410', '50410', ' Chocolate Fine Dark   Heitage    20 g', ' Chocolate Fine Dark   Heitage    20 g', '', '2022-11-17', '10:11:54', NULL, '1000-01-01', 6.50, 10, '', '', '', 28, 16, 0, NULL, '0', 0.00, '', 0, NULL, 0, 1),
	(69, '51120', '51120', 'Burbujitas Menta 50 GR', 'Burbujitas Menta 50 GR', '', '2022-11-17', '10:11:54', NULL, '1000-01-01', 5.00, 10, '', '', '', 28, 16, 0, NULL, '0', 0.00, '', 0, NULL, 0, 1),
	(70, '9000111', '9000111', 'AJINOSILLAO FRASCO X 150 ML', 'AJINOSILLAO FRASCO X 150 ML', '', '2022-11-17', '10:11:54', NULL, '1000-01-01', 3.08, 10, '', '', '', 29, 17, 0, NULL, '0', 0.00, '', 0, NULL, 0, 1),
	(71, '9000114', '9000114', 'AJINOSILLAO FRASCO X 1 LT', 'AJINOSILLAO FRASCO X 1 LT', '', '2022-11-17', '10:11:54', NULL, '1000-01-01', 15.00, 10, '', '', '', 26, 17, 0, NULL, '0', 0.00, '', 0, NULL, 0, 1),
	(72, '9000116', '9000116', 'DOA GUSTA GALLINA TIRA X 10 SB X 7', 'DOA GUSTA GALLINA TIRA X 10 SB X 7', '', '2022-11-17', '10:11:54', NULL, '1000-01-01', 28.00, 10, '', '', '', 20, 17, 0, NULL, '0', 0.00, '', 0, NULL, 0, 1),
	(73, '9000117', '9000117', 'DOA GUSTA CARNE TIRA X 10 SB X 7 G', 'DOA GUSTA CARNE TIRA X 10 SB X 7 G', '', '2022-11-17', '10:11:54', NULL, '1000-01-01', 28.00, 10, '', '', '', 20, 17, 0, NULL, '0', 0.00, '', 0, NULL, 0, 1),
	(74, '9000118', '9000118', 'DOA GUSTA COSTILLA TIRA X 10 SB X', 'DOA GUSTA COSTILLA TIRA X 10 SB X', '', '2022-11-17', '10:11:54', NULL, '1000-01-01', 28.00, 10, '', '', '', 20, 17, 0, NULL, '0', 0.00, '', 0, NULL, 0, 1),
	(75, '9000124', '9000124', 'AJINOMEN GALLINA SB X 86 GR', 'AJINOMEN GALLINA SB X 86 GR', '', '2022-11-17', '10:11:54', NULL, '1000-01-01', 2.25, 10, '', '', '', 28, 17, 0, NULL, '0', 0.00, '', 0, NULL, 0, 1),
	(76, '9000125', '9000125', 'AJINOMEN POLLO SB X 86 GR', 'AJINOMEN POLLO SB X 86 GR', '', '2022-11-17', '10:11:54', NULL, '1000-01-01', 2.25, 10, '', '', '', 28, 17, 0, NULL, '0', 0.00, '', 0, NULL, 0, 1),
	(77, '9000126', '9000126', 'AJINOMEN CARNE SB X 86 GR', 'AJINOMEN CARNE SB X 86 GR', '', '2022-11-17', '10:11:54', NULL, '1000-01-01', 2.25, 10, '', '', '', 28, 17, 0, NULL, '0', 0.00, '', 0, NULL, 0, 1),
	(78, '9000127', '9000127', 'AJINOMEN COSTILLA DE RES SB X 86 G', 'AJINOMEN COSTILLA DE RES SB X 86 G', '', '2022-11-17', '10:11:54', NULL, '1000-01-01', 2.25, 10, '', '', '', 28, 17, 0, NULL, '0', 0.00, '', 0, NULL, 0, 1),
	(79, '9000128', '9000128', 'AJINOMEN GALLINA PICANTE SB X 86 G', 'AJINOMEN GALLINA PICANTE SB X 86 G', '', '2022-11-17', '10:11:54', NULL, '1000-01-01', 2.25, 10, '', '', '', 28, 17, 0, NULL, '0', 0.00, '', 0, NULL, 0, 1),
	(80, '9000129', '9000129', 'AJINOMEN CARNE PICANTE SB X 79 GR', 'AJINOMEN CARNE PICANTE SB X 79 GR', '', '2022-11-17', '10:11:54', NULL, '1000-01-01', 2.25, 10, '', '', '', 28, 17, 0, NULL, '0', 0.00, '', 0, NULL, 0, 1),
	(81, '9000130', '9000130', 'AJINOMEN POLLO/VERDURAS SB X 86 GR', 'AJINOMEN POLLO/VERDURAS SB X 86 GR', '', '2022-11-17', '10:11:54', NULL, '1000-01-01', 2.25, 10, '', '', '', 28, 17, 0, NULL, '0', 0.00, '', 0, NULL, 0, 1),
	(82, '9000134', '9000134', 'DELI ARROZ BL X 20 X 12 GR', 'DELI ARROZ BL X 20 X 12 GR', '', '2022-11-17', '10:11:54', NULL, '1000-01-01', 28.00, 10, '', '', '', 20, 17, 0, NULL, '0', 0.00, '', 0, NULL, 0, 1),
	(83, '9000146', '9000146', 'AJM VASO GALLINA X 51GR', 'AJM VASO GALLINA X 51GR', '', '2022-11-17', '10:11:54', NULL, '1000-01-01', 4.33, 10, '', '', '', 28, 17, 0, NULL, '0', 0.00, '', 0, NULL, 0, 1),
	(84, '9000147', '9000147', 'AJM VASO POLLO X 51GR', 'AJM VASO POLLO X 51GR', '', '2022-11-17', '10:11:54', NULL, '1000-01-01', 4.33, 10, '', '', '', 28, 17, 0, NULL, '0', 0.00, '', 0, NULL, 0, 1),
	(85, '9000148', '9000148', 'AJM VASO CARNE X 51GR', 'AJM VASO CARNE X 51GR', '', '2022-11-17', '10:11:54', NULL, '1000-01-01', 4.33, 10, '', '', '', 28, 17, 0, NULL, '0', 0.00, '', 0, NULL, 0, 1),
	(86, '9000152', '9000152', 'AJM VASO GALLINA PICANTE X 51GR', 'AJM VASO GALLINA PICANTE X 51GR', '', '2022-11-17', '10:11:54', NULL, '1000-01-01', 4.33, 10, '', '', '', 28, 17, 0, NULL, '0', 0.00, '', 0, NULL, 0, 1),
	(87, '3', '3', 'AZUCAR REFINADA DE 46 KG FRAC 1 KG X46 AGUAI', 'AZUCAR REFINADA DE 46 KG FRAC 1 KG X46 AGUAI', '', '2022-11-17', '10:11:54', NULL, '1000-01-01', 5.22, 10, '', '', '', 20, 18, 0, NULL, '0', 0.00, '', 0, NULL, 0, 1),
	(88, '5', '5', 'AZUCAR REFINADA DE 50 KG FRAC 5 KG X10 AGUAI', 'AZUCAR REFINADA DE 50 KG FRAC 5 KG X10 AGUAI', '', '2022-11-17', '10:11:54', NULL, '1000-01-01', 25.50, 10, '', '', '', 20, 18, 0, NULL, '0', 0.00, '', 0, NULL, 0, 1),
	(89, '41', '41', 'AZUCAR MORENA DE 46 KG FRAC 1 KG X46 AGUAI', 'AZUCAR MORENA DE 46 KG FRAC 1 KG X46 AGUAI', '', '2022-11-17', '10:11:54', NULL, '1000-01-01', 5.45, 10, '', '', '', 20, 19, 0, NULL, '0', 0.00, '', 0, NULL, 0, 1),
	(90, '26001', '26001', 'PERLITA VERDE MALETA DE 26 METROS 1X4', 'PERLITA VERDE MALETA DE 26 METROS 1X4', '', '2022-11-17', '10:11:54', NULL, '1000-01-01', 68.00, 10, '', '', '', 30, 20, 0, NULL, '0', 0.00, '', 0, NULL, 0, 1),
	(91, '26002', '26002', 'PERLITA VERDE BORRACHO DE 26  1X8', 'PERLITA VERDE BORRACHO DE 26  1X8', '', '2022-11-17', '10:11:54', NULL, '1000-01-01', 68.00, 10, '', '', '', 31, 20, 0, NULL, '0', 0.00, '', 0, NULL, 0, 1),
	(92, '20001', '20001', 'PERLITA ECO AMARILLO PLANCHA 2X10', 'PERLITA ECO AMARILLO PLANCHA 2X10', '', '2022-11-17', '10:11:54', NULL, '1000-01-01', 18.00, 10, '', '', '', 32, 20, 0, NULL, '0', 0.00, '', 0, NULL, 0, 1),
	(93, '20002', '20002', 'PERLITA HOJA DOBLE NARANJA 2X10', 'PERLITA HOJA DOBLE NARANJA 2X10', '', '2022-11-17', '10:11:54', NULL, '1000-01-01', 24.00, 10, '', '', '', 33, 20, 0, NULL, '0', 0.00, '', 0, NULL, 0, 1),
	(94, '30001', '30001', 'PERLITA SERVILLETA NARANJA 6X500', 'PERLITA SERVILLETA NARANJA 6X500', '', '2022-11-17', '10:11:54', NULL, '1000-01-01', 46.00, 10, '', '', '', 34, 20, 0, NULL, '0', 0.00, '', 0, NULL, 0, 1),
	(95, '30002', '30002', 'PERLITA SERVILLETA NARANJA 24X40', 'PERLITA SERVILLETA NARANJA 24X40', '', '2022-11-17', '10:11:54', NULL, '1000-01-01', 29.00, 10, '', '', '', 35, 20, 0, NULL, '0', 0.00, '', 0, NULL, 0, 1),
	(96, '30301', '30301', 'PERLITA VERDE MALETA DE 30 METROS', 'PERLITA VERDE MALETA DE 30 METROS', '', '2022-11-17', '10:11:54', NULL, '1000-01-01', 75.00, 10, '', '', '', 25, 20, 0, NULL, '0', 0.00, '', 0, NULL, 0, 1),
	(97, '30302', '30302', 'PERLITA VERDE BORRACHO DE 30 METROS', 'PERLITA VERDE BORRACHO DE 30 METROS', '', '2022-11-17', '10:11:54', NULL, '1000-01-01', 75.00, 10, '', '', '', 25, 20, 0, NULL, '0', 0.00, '', 0, NULL, 0, 1),
	(98, '40001', '40001', 'PERLITA PAPEL DE COCINA NARANJA', 'PERLITA PAPEL DE COCINA NARANJA', '', '2022-11-17', '10:11:54', NULL, '1000-01-01', 70.00, 10, '', '', '', 25, 20, 0, NULL, '0', 0.00, '', 0, NULL, 0, 1),
	(99, '40002', '40002', 'PERLITA PAPEL DE COCINA VERDE', 'PERLITA PAPEL DE COCINA VERDE', '', '2022-11-17', '10:11:54', NULL, '1000-01-01', 80.00, 10, '', '', '', 25, 20, 0, NULL, '0', 0.00, '', 0, NULL, 0, 1),
	(100, '4579', '4579', 'DETERGENTE EN POLVO 750 GR LIMON  1X 16 LIMPIAMAX ', 'DETERGENTE EN POLVO 750 GR LIMON  1X 16 LIMPIAMAX ', '', '2022-11-17', '10:11:54', NULL, '1000-01-01', 9.50, 10, '', '', '', 20, 9, 0, NULL, '0', 0.00, '', 0, NULL, 0, 1),
	(101, '4581', '4581', 'DETERGENTE EN POLVO 750 GR FLORAL  1X 16 LIMPIAMAX ', 'DETERGENTE EN POLVO 750 GR FLORAL  1X 16 LIMPIAMAX ', '', '2022-11-17', '10:11:54', NULL, '1000-01-01', 9.50, 10, '', '', '', 20, 9, 0, NULL, '0', 0.00, '', 0, NULL, 0, 1),
	(102, '4542', '4542', 'DETERGENTE EN POLVO 1 KL LIMON  1X 12 LIMPIAMAX ', 'DETERGENTE EN POLVO 1 KL LIMON  1X 12 LIMPIAMAX ', '', '2022-11-17', '10:11:54', NULL, '1000-01-01', 12.50, 10, '', '', '', 20, 9, 0, NULL, '0', 0.00, '', 0, NULL, 0, 1),
	(103, '4543', '4543', 'DETERGENTE EN POLVO 1 KL LAVANDA  1X 12 LIMPIAMAX ', 'DETERGENTE EN POLVO 1 KL LAVANDA  1X 12 LIMPIAMAX ', '', '2022-11-17', '10:11:54', NULL, '1000-01-01', 12.50, 10, '', '', '', 20, 9, 0, NULL, '0', 0.00, '', 0, NULL, 0, 1),
	(104, '4544', '4544', 'DETERGENTE EN POLVO 1 KL FLORAL  1X 12 LIMPIAMAX ', 'DETERGENTE EN POLVO 1 KL FLORAL  1X 12 LIMPIAMAX ', '', '2022-11-17', '10:11:54', NULL, '1000-01-01', 12.50, 10, '', '', '', 20, 9, 0, NULL, '0', 0.00, '', 0, NULL, 0, 1),
	(105, '4580', '4580', 'DETERGENTE EN POLVO 750 GR LAVANDA  1X 16 LIMPIAMAX ', 'DETERGENTE EN POLVO 750 GR LAVANDA  1X 16 LIMPIAMAX ', '', '2022-11-17', '10:11:54', NULL, '1000-01-01', 9.50, 10, '', '', '', 20, 9, 0, NULL, '0', 0.00, '', 0, NULL, 0, 1),
	(106, '4547', '4547', 'DETERGENTE EN POLVO 2 KL FLORAL  1X 6 LIMPIAMAX ', 'DETERGENTE EN POLVO 2 KL FLORAL  1X 6 LIMPIAMAX ', '', '2022-11-17', '10:11:54', NULL, '1000-01-01', 26.00, 10, '', '', '', 20, 9, 0, NULL, '0', 0.00, '', 0, NULL, 0, 1),
	(107, '4565', '4565', 'LAVAVAJILLAS LIMON LIMPIAMAX 1200 ML', 'LAVAVAJILLAS LIMON LIMPIAMAX 1200 ML', '', '2022-11-17', '10:11:54', NULL, '1000-01-01', 14.50, 10, '', '', '', 26, 9, 0, NULL, '0', 0.00, '', 0, NULL, 0, 1),
	(108, '5638', '5638', 'LAVAVAJILLAS ECOMAX PODER LIMON 500ML', 'LAVAVAJILLAS ECOMAX PODER LIMON 500ML', '', '2022-11-17', '10:11:54', NULL, '1000-01-01', 4.50, 10, '', '', '', 26, 9, 0, NULL, '0', 0.00, '', 0, NULL, 0, 1),
	(109, '5637', '5637', 'LAVAVAJILLAS ECOMAX PODER LIMON 1050 ML', 'LAVAVAJILLAS ECOMAX PODER LIMON 1050 ML', '', '2022-11-17', '10:11:54', NULL, '1000-01-01', 9.80, 10, '', '', '', 26, 9, 0, NULL, '0', 0.00, '', 0, NULL, 0, 1),
	(110, 'PP0001', 'PP0001', 'PANETON 700 GR TRADICIONAL C/ FRUTAS ABRILL BOLSA TRANSP', 'PANETON 700 GR TRADICIONAL C/ FRUTAS ABRILL BOLSA TRANSP', '', '2022-11-17', '10:11:54', NULL, '1000-01-01', 10.00, 10, '', '', '', 28, 21, 0, NULL, '0', 0.00, '', 0, NULL, 0, 1),
	(111, 'PP0002', 'PP0002', 'PANETON 700 GR TRADICIONAL C/ FRUTAS ABRILL Y UVAS P BOLSA ROJA', 'PANETON 700 GR TRADICIONAL C/ FRUTAS ABRILL Y UVAS P BOLSA ROJA', '', '2022-11-17', '10:11:54', NULL, '1000-01-01', 20.00, 10, '', '', '', 28, 21, 0, NULL, '0', 0.00, '', 0, NULL, 0, 1),
	(112, 'PP0003', 'PP0003', 'PANETON 700 GR TRADICIONAL C/ FRUTAS ABRILL Y UVAS PASAS BOLSA CELEST', 'PANETON 700 GR TRADICIONAL C/ FRUTAS ABRILL Y UVAS PASAS BOLSA CELEST', '', '2022-11-17', '10:11:54', NULL, '1000-01-01', 20.00, 10, '', '', '', 28, 21, 0, NULL, '0', 0.00, '', 0, NULL, 0, 1),
	(113, 'PP0004', 'PP0004', 'PANETON 700 GR CHOCOLATE C/ CHIPS DE CHOCOL BOLSA TRILAM', 'PANETON 700 GR CHOCOLATE C/ CHIPS DE CHOCOL BOLSA TRILAM', '', '2022-11-17', '10:11:54', NULL, '1000-01-01', 20.00, 10, '', '', '', 28, 21, 0, NULL, '0', 0.00, '', 0, NULL, 0, 1),
	(114, 'PP0005', 'PP0005', 'PANETON 700 GR TRADICIONAL C/ FRUTAS ABRILL Y UVAS P CAJA', 'PANETON 700 GR TRADICIONAL C/ FRUTAS ABRILL Y UVAS P CAJA', '', '2022-11-17', '10:11:54', NULL, '1000-01-01', 25.00, 10, '', '', '', 28, 21, 0, NULL, '0', 0.00, '', 0, NULL, 0, 1),
	(115, 'PP0006', 'PP0006', 'PANETON 700 GR CHOCOLATE C/ CHIPS DE CHOCOL CAJA', 'PANETON 700 GR CHOCOLATE C/ CHIPS DE CHOCOL CAJA', '', '2022-11-17', '10:11:54', NULL, '1000-01-01', 25.00, 10, '', '', '', 28, 21, 0, NULL, '0', 0.00, '', 0, NULL, 0, 1),
	(116, 'PP0007', 'PP0007', 'PANETON 700 GR TRADICIONAL C/ FRUTAS ABRILL CAJA C/RECUERDO PELOTA MUNDIAL', 'PANETON 700 GR TRADICIONAL C/ FRUTAS ABRILL CAJA C/RECUERDO PELOTA MUNDIAL', '', '2022-11-17', '10:11:54', NULL, '1000-01-01', 30.00, 10, '', '', '', 28, 21, 0, NULL, '0', 0.00, '', 0, NULL, 0, 1),
	(117, 'PP0008', 'PP0008', 'PANETON 700 GR TRADICIONAL C/ FRUTAS ABRILL CAJA PERSONALIZADO MIN 500 UNID', 'PANETON 700 GR TRADICIONAL C/ FRUTAS ABRILL CAJA PERSONALIZADO MIN 500 UNID', '', '2022-11-17', '10:11:54', NULL, '1000-01-01', 30.00, 10, '', '', '', 28, 21, 0, NULL, '0', 0.00, '', 0, NULL, 0, 1),
	(118, 'PP0009', 'PP0009', 'PANETON MARMOLADO CHOCOLATE Y VAINILLA  CAJA', 'PANETON MARMOLADO CHOCOLATE Y VAINILLA  CAJA', '', '2022-11-17', '10:11:54', NULL, '1000-01-01', 28.00, 10, '', '', '', 28, 21, 0, NULL, '0', 0.00, '', 0, NULL, 0, 1),
	(119, 'PP0010', 'PP0010', 'PANETON 700 GR TRADICIONAL C/ FRUTAS ABRILL Y UVAS PASAS C/ TUPPER PLASTICO', 'PANETON 700 GR TRADICIONAL C/ FRUTAS ABRILL Y UVAS PASAS C/ TUPPER PLASTICO', '', '2022-11-17', '10:11:54', NULL, '1000-01-01', 30.00, 10, '', '', '', 28, 21, 0, NULL, '0', 0.00, '', 0, NULL, 0, 1),
	(120, 'A0010', 'A0010', 'ARROZ FRACCIONADO KILO MORITA PLATINIUM', 'ARROZ FRACCIONADO KILO MORITA PLATINIUM', '', '2022-11-17', '10:11:54', NULL, '1000-01-01', 7.50, 10, '', '', '', 20, 5, 0, NULL, '0', 0.00, '', 0, NULL, 0, 1);
/*!40000 ALTER TABLE `import_inv_productos` ENABLE KEYS */;

-- Volcando estructura para tabla distribucion.inv_almacenes
CREATE TABLE IF NOT EXISTS `inv_almacenes` (
  `id_almacen` int(11) NOT NULL AUTO_INCREMENT,
  `almacen` varchar(100) CHARACTER SET utf8 COLLATE utf8_unicode_ci NOT NULL,
  `direccion` varchar(200) CHARACTER SET utf8 COLLATE utf8_unicode_ci NOT NULL DEFAULT '',
  `telefono` varchar(100) CHARACTER SET utf8 COLLATE utf8_unicode_ci NOT NULL DEFAULT '',
  `descripcion` text CHARACTER SET utf8 COLLATE utf8_unicode_ci NOT NULL,
  `principal` enum('N','S') CHARACTER SET utf8 COLLATE utf8_unicode_ci NOT NULL,
  PRIMARY KEY (`id_almacen`)
) ENGINE=MyISAM AUTO_INCREMENT=24 DEFAULT CHARSET=utf8;

-- Volcando datos para la tabla distribucion.inv_almacenes: 2 rows
/*!40000 ALTER TABLE `inv_almacenes` DISABLE KEYS */;
INSERT INTO `inv_almacenes` (`id_almacen`, `almacen`, `direccion`, `telefono`, `descripcion`, `principal`) VALUES
	(22, 'almacen principal', 'almacen principal', '7000001', '', 'S'),
	(23, 'almacén secundarios', 'almacén secundarios', '600002', '', 'N');
/*!40000 ALTER TABLE `inv_almacenes` ENABLE KEYS */;

-- Volcando estructura para tabla distribucion.inv_asignaciones
CREATE TABLE IF NOT EXISTS `inv_asignaciones` (
  `id_asignacion` int(11) NOT NULL AUTO_INCREMENT,
  `producto_id` int(11) NOT NULL,
  `unidad_id` int(11) NOT NULL,
  `cantidad_unidad` int(11) NOT NULL,
  `otro_precio` decimal(20,2) NOT NULL,
  `visible` enum('s','n') NOT NULL DEFAULT 's',
  PRIMARY KEY (`id_asignacion`)
) ENGINE=InnoDB AUTO_INCREMENT=45 DEFAULT CHARSET=utf8;

-- Volcando datos para la tabla distribucion.inv_asignaciones: ~44 rows (aproximadamente)
/*!40000 ALTER TABLE `inv_asignaciones` DISABLE KEYS */;
INSERT INTO `inv_asignaciones` (`id_asignacion`, `producto_id`, `unidad_id`, `cantidad_unidad`, `otro_precio`, `visible`) VALUES
	(1, 1, 19, 60, 198.00, 's'),
	(2, 2, 20, 20, 60.00, 's'),
	(3, 3, 22, 12, 240.00, 's'),
	(4, 4, 20, 24, 192.00, 's'),
	(5, 5, 19, 24, 124.80, 's'),
	(6, 6, 19, 4, 206.00, 's'),
	(7, 7, 19, 8, 230.40, 's'),
	(8, 8, 19, 24, 120.00, 's'),
	(9, 9, 19, 8, 230.40, 's'),
	(10, 10, 19, 4, 188.00, 's'),
	(11, 11, 23, 4, 164.00, 's'),
	(12, 12, 19, 4, 151.20, 's'),
	(13, 13, 19, 4, 184.00, 's'),
	(14, 14, 19, 4, 231.20, 's'),
	(15, 15, 19, 10, 378.00, 's'),
	(16, 16, 19, 8, 63.20, 's'),
	(17, 17, 24, 6, 95.00, 's'),
	(18, 18, 25, 6, 96.00, 's'),
	(19, 19, 19, 20, 90.00, 's'),
	(20, 20, 19, 20, 90.00, 's'),
	(21, 21, 19, 20, 90.00, 's'),
	(22, 22, 19, 20, 90.00, 's'),
	(23, 23, 19, 20, 90.00, 's'),
	(24, 24, 19, 20, 90.00, 's'),
	(25, 25, 19, 6, 96.00, 's'),
	(26, 26, 19, 24, 168.00, 's'),
	(27, 27, 19, 8, 239.20, 's'),
	(28, 28, 19, 4, 259.60, 's'),
	(29, 29, 19, 12, 396.00, 's'),
	(30, 30, 19, 48, 518.40, 's'),
	(31, 31, 19, 24, 307.00, 's'),
	(32, 32, 25, 6, 51.00, 's'),
	(33, 33, 25, 6, 51.00, 's'),
	(34, 34, 25, 6, 24.00, 's'),
	(35, 35, 19, 18, 158.40, 's'),
	(36, 36, 19, 8, 228.00, 's'),
	(37, 37, 25, 12, 138.00, 's'),
	(38, 38, 25, 12, 174.00, 's'),
	(39, 39, 19, 34, 374.00, 's'),
	(40, 40, 19, 60, 570.00, 's'),
	(41, 41, 19, 100, 350.00, 's'),
	(42, 42, 19, 34, 374.00, 's'),
	(43, 43, 19, 60, 510.00, 's'),
	(44, 44, 19, 12, 540.00, 's');
/*!40000 ALTER TABLE `inv_asignaciones` ENABLE KEYS */;

-- Volcando estructura para tabla distribucion.inv_asignaciones_almacenes
CREATE TABLE IF NOT EXISTS `inv_asignaciones_almacenes` (
  `id_asignacion` int(11) NOT NULL AUTO_INCREMENT,
  `fecha_registro` date NOT NULL,
  `hora_registro` time NOT NULL,
  `institucion_id` int(11) NOT NULL DEFAULT 0,
  `almacen_id` int(11) NOT NULL DEFAULT 0,
  PRIMARY KEY (`id_asignacion`)
) ENGINE=InnoDB DEFAULT CHARSET=utf8;

-- Volcando datos para la tabla distribucion.inv_asignaciones_almacenes: ~0 rows (aproximadamente)
/*!40000 ALTER TABLE `inv_asignaciones_almacenes` DISABLE KEYS */;
/*!40000 ALTER TABLE `inv_asignaciones_almacenes` ENABLE KEYS */;

-- Volcando estructura para tabla distribucion.inv_asignacion_tipo_precio
CREATE TABLE IF NOT EXISTS `inv_asignacion_tipo_precio` (
  `id_asignacion_tipo` int(11) NOT NULL AUTO_INCREMENT,
  `asignacion_id` int(11) NOT NULL DEFAULT 0,
  `producto_id` int(11) NOT NULL DEFAULT 0,
  `cliente_tipo_id` int(11) NOT NULL DEFAULT 0,
  `nivel` enum('Principal','Secundario') NOT NULL DEFAULT 'Secundario',
  PRIMARY KEY (`id_asignacion_tipo`)
) ENGINE=InnoDB AUTO_INCREMENT=25 DEFAULT CHARSET=utf8;

-- Volcando datos para la tabla distribucion.inv_asignacion_tipo_precio: ~24 rows (aproximadamente)
/*!40000 ALTER TABLE `inv_asignacion_tipo_precio` DISABLE KEYS */;
INSERT INTO `inv_asignacion_tipo_precio` (`id_asignacion_tipo`, `asignacion_id`, `producto_id`, `cliente_tipo_id`, `nivel`) VALUES
	(1, 0, 2, 17, 'Principal'),
	(2, 0, 3, 20, 'Principal'),
	(3, 0, 4, 18, 'Principal'),
	(4, 0, 13, 17, 'Principal'),
	(5, 0, 13, 18, 'Secundario'),
	(6, 0, 13, 20, 'Secundario'),
	(7, 0, 14, 17, 'Principal'),
	(8, 0, 14, 18, 'Secundario'),
	(9, 0, 14, 20, 'Secundario'),
	(10, 0, 15, 17, 'Principal'),
	(11, 0, 15, 18, 'Secundario'),
	(12, 0, 15, 20, 'Secundario'),
	(13, 0, 16, 17, 'Principal'),
	(14, 0, 16, 18, 'Secundario'),
	(15, 0, 16, 20, 'Secundario'),
	(16, 0, 17, 17, 'Principal'),
	(17, 0, 18, 20, 'Principal'),
	(18, 36, 18, 17, 'Secundario'),
	(19, 0, 19, 18, 'Principal'),
	(20, 37, 19, 20, 'Secundario'),
	(21, 38, 19, 17, 'Secundario'),
	(22, 0, 20, 20, 'Principal'),
	(23, 39, 20, 18, 'Secundario'),
	(24, 40, 20, 17, 'Secundario');
/*!40000 ALTER TABLE `inv_asignacion_tipo_precio` ENABLE KEYS */;

-- Volcando estructura para tabla distribucion.inv_bancos
CREATE TABLE IF NOT EXISTS `inv_bancos` (
  `id_banco` int(11) NOT NULL AUTO_INCREMENT,
  `banco` char(60) NOT NULL,
  `tipo` enum('bnb','bisa') NOT NULL DEFAULT 'bnb',
  `cuenta` varchar(25) NOT NULL,
  `estado` tinyint(1) NOT NULL DEFAULT 1,
  PRIMARY KEY (`id_banco`)
) ENGINE=InnoDB AUTO_INCREMENT=5 DEFAULT CHARSET=utf8;

-- Volcando datos para la tabla distribucion.inv_bancos: ~4 rows (aproximadamente)
/*!40000 ALTER TABLE `inv_bancos` DISABLE KEYS */;
INSERT INTO `inv_bancos` (`id_banco`, `banco`, `tipo`, `cuenta`, `estado`) VALUES
	(1, 'Banco Nacional De Bolivia Bs.', 'bnb', '1000240466', 1),
	(2, 'Banco Bisa Bs.', 'bisa', '2310440020', 1),
	(3, 'Banco Nacional De Bolivia $us', 'bnb', '1400607326', 1),
	(4, 'Banco Union Bs.', 'bnb', '10000024846913', 1);
/*!40000 ALTER TABLE `inv_bancos` ENABLE KEYS */;

-- Volcando estructura para tabla distribucion.inv_caja
CREATE TABLE IF NOT EXISTS `inv_caja` (
  `id_caja` int(11) NOT NULL AUTO_INCREMENT,
  `fecha` date NOT NULL,
  `hora_caja` time NOT NULL,
  `total_ingresos` decimal(10,3) NOT NULL DEFAULT 0.000,
  `total_egresos` decimal(10,3) NOT NULL DEFAULT 0.000,
  `total_saldo` decimal(10,3) NOT NULL DEFAULT 0.000,
  `total_total` decimal(10,3) NOT NULL DEFAULT 0.000,
  `estado` enum('INICIO','CAJA','CIERRE') NOT NULL,
  PRIMARY KEY (`id_caja`)
) ENGINE=InnoDB DEFAULT CHARSET=latin1;

-- Volcando datos para la tabla distribucion.inv_caja: ~0 rows (aproximadamente)
/*!40000 ALTER TABLE `inv_caja` DISABLE KEYS */;
/*!40000 ALTER TABLE `inv_caja` ENABLE KEYS */;

-- Volcando estructura para tabla distribucion.inv_categorias
CREATE TABLE IF NOT EXISTS `inv_categorias` (
  `id_categoria` int(11) NOT NULL AUTO_INCREMENT,
  `categoria` varchar(100) CHARACTER SET latin1 NOT NULL,
  `descripcion` text CHARACTER SET utf8 COLLATE utf8_unicode_ci NOT NULL,
  `categoria_id` int(11) NOT NULL DEFAULT 0,
  PRIMARY KEY (`id_categoria`)
) ENGINE=MyISAM AUTO_INCREMENT=22 DEFAULT CHARSET=utf8;

-- Volcando datos para la tabla distribucion.inv_categorias: 17 rows
/*!40000 ALTER TABLE `inv_categorias` DISABLE KEYS */;
INSERT INTO `inv_categorias` (`id_categoria`, `categoria`, `descripcion`, `categoria_id`) VALUES
	(5, 'CULINARIOS', 'Sin descripcion', 0),
	(6, 'PANIFICACION', 'Sin descripcion', 0),
	(7, 'SALSAS', 'Sin descripcion', 0),
	(8, 'REFRES POLVO', 'Sin descripcion', 0),
	(9, 'LIMPIEZA', 'Sin descripcion', 0),
	(10, 'POSTRES POLVO', 'Sin descripcion', 0),
	(11, 'ACEITE OLIVA', 'Sin descripcion', 0),
	(12, 'CONSERVA', 'Sin descripcion', 0),
	(13, 'REFRES BOTELLA', 'Sin descripcion', 0),
	(14, 'AGUA BOTELLA', 'Sin descripcion', 0),
	(15, 'COCOA', 'Sin descripcion', 0),
	(16, 'CHOCOLATE', 'Sin descripcion', 0),
	(17, 'SAZONADOR', 'Sin descripcion', 0),
	(18, 'AZUCAR', 'Sin descripcion', 0),
	(19, 'AZUCAR MORENA', 'Sin descripcion', 0),
	(20, 'PAPEL', 'Sin descripcion', 0),
	(21, 'NAVIDEOS', 'Sin descripcion', 0);
/*!40000 ALTER TABLE `inv_categorias` ENABLE KEYS */;

-- Volcando estructura para tabla distribucion.inv_clientes
CREATE TABLE IF NOT EXISTS `inv_clientes` (
  `id_cliente` int(11) NOT NULL AUTO_INCREMENT,
  `fecha_registro` date DEFAULT NULL,
  `hora_registro` time NOT NULL DEFAULT '00:00:00',
  `cliente` varchar(200) CHARACTER SET utf8 COLLATE utf8_unicode_ci NOT NULL,
  `nombre_factura` varchar(200) NOT NULL,
  `nit` varchar(50) CHARACTER SET utf8 COLLATE utf8_unicode_ci NOT NULL,
  `email` varchar(50) NOT NULL DEFAULT '',
  `clave` varchar(60) NOT NULL DEFAULT '',
  `estado` enum('si','no') CHARACTER SET utf8 COLLATE utf8_unicode_ci NOT NULL DEFAULT 'si',
  `cuentas_por_cobrar` enum('no','si') NOT NULL DEFAULT 'no',
  `telefono` varchar(100) CHARACTER SET utf8 COLLATE utf8_unicode_ci NOT NULL DEFAULT '',
  `direccion` text CHARACTER SET utf8 COLLATE utf8_unicode_ci NOT NULL DEFAULT '',
  `descripcion` text NOT NULL DEFAULT '',
  `ubicacion` text NOT NULL DEFAULT '-16.507330653609248, -68.16302964994102',
  `imagen` text NOT NULL DEFAULT '',
  `categoria` int(11) NOT NULL DEFAULT 0,
  `tipo` varchar(50) NOT NULL DEFAULT '',
  `token` varchar(60) NOT NULL DEFAULT '',
  `cliente_grupo_id` int(11) NOT NULL DEFAULT 0,
  `credito` tinyint(1) NOT NULL DEFAULT 0,
  `dias` int(3) DEFAULT 0,
  `fecha_modificacion` datetime DEFAULT NULL,
  PRIMARY KEY (`id_cliente`),
  KEY `estado` (`estado`),
  KEY `cuentas_por_cobrar` (`cuentas_por_cobrar`),
  FULLTEXT KEY `nombre_factura` (`nombre_factura`),
  FULLTEXT KEY `nit` (`nit`),
  FULLTEXT KEY `cliente` (`cliente`)
) ENGINE=MyISAM AUTO_INCREMENT=4999 DEFAULT CHARSET=utf8;

-- Volcando datos para la tabla distribucion.inv_clientes: 5 rows
/*!40000 ALTER TABLE `inv_clientes` DISABLE KEYS */;
INSERT INTO `inv_clientes` (`id_cliente`, `fecha_registro`, `hora_registro`, `cliente`, `nombre_factura`, `nit`, `email`, `clave`, `estado`, `cuentas_por_cobrar`, `telefono`, `direccion`, `descripcion`, `ubicacion`, `imagen`, `categoria`, `tipo`, `token`, `cliente_grupo_id`, `credito`, `dias`, `fecha_modificacion`) VALUES
	(4994, NULL, '00:00:00', 'prueba de cliente', 'prueba de cliente', '5464564', 'prueba@gmail.com', 'e6362735b250352f1a0a78533a10da8ee5e7a239', 'si', 'no', '34534534', 'sdfd', 'prueba de cliente', '-16.50727565121458,-68.16283014468377', '58444fc76502c10c862d4ca4d5fcbb22.jpg', 0, 'Publico en general', '', 0, 0, 0, NULL),
	(4995, NULL, '00:00:00', 'cliente de prueba 2', 'cliente de prueba 2', '5938459374', 'prueba@gmail.com', '6b23f3c78c7c5f912033c401d71a3f8556d8a849', 'si', 'no', '987874569', 'cliente de prueba 2', 'cliente de prueba 2', '-16.50750420720031,-68.16258041844893', '8b5e1a4d823932778d1e95ed2bd925de.jpg', 0, 'Mayorista o minorista', '', 0, 0, 0, NULL),
	(4996, NULL, '00:00:00', 'mary', 'mary', '98798734', 'mar@gmail.com', '66cc06d99998ae168e7545ec863788caf1b7962f', 'si', 'no', '9887878', 'ceja', 'mary', '-16.507874525185894,-68.16265583038331', '25dec91941276dcf7d579b3bbe5668c5.jpg', 0, 'Talleres', '', 0, 0, 0, NULL),
	(4997, NULL, '00:00:00', 'clic cliente de prueba', 'clic cliente de prueba', '0', '', '', 'si', 'no', '', '', '', '-16.507330653609248, -68.16302964994102', '', 0, '', '', 0, 0, 0, NULL),
	(4998, NULL, '00:00:00', 'cliente de prueba 2022', 'cliente de prueba 2022', '700000011', 'prueba@gmail.com', 'c37532ce3008cce0b1630a4dfd681a0d3da2d38a', 'si', 'no', '60000001', 'av 6 de marzo', 'esta es una prueba', '-16.501265592645037,-68.16124729149824', '', 0, 'Talleres', '', 0, 1, 15, NULL);
/*!40000 ALTER TABLE `inv_clientes` ENABLE KEYS */;

-- Volcando estructura para tabla distribucion.inv_clientes_grupos
CREATE TABLE IF NOT EXISTS `inv_clientes_grupos` (
  `id_cliente_grupo` int(11) NOT NULL AUTO_INCREMENT,
  `nombre_grupo` varchar(50) NOT NULL,
  `descuento_grupo` int(11) NOT NULL DEFAULT 0,
  `credito_grupo` enum('no','si') NOT NULL DEFAULT 'si',
  `permiso_grupo` int(11) NOT NULL DEFAULT 0,
  `estado_grupo` int(11) NOT NULL DEFAULT 0,
  PRIMARY KEY (`id_cliente_grupo`)
) ENGINE=InnoDB AUTO_INCREMENT=3 DEFAULT CHARSET=utf8;

-- Volcando datos para la tabla distribucion.inv_clientes_grupos: ~0 rows (aproximadamente)
/*!40000 ALTER TABLE `inv_clientes_grupos` DISABLE KEYS */;
/*!40000 ALTER TABLE `inv_clientes_grupos` ENABLE KEYS */;

-- Volcando estructura para tabla distribucion.inv_control
CREATE TABLE IF NOT EXISTS `inv_control` (
  `id_control` int(11) NOT NULL AUTO_INCREMENT,
  `id_materiales` int(11) NOT NULL,
  `tipo` enum('fabrica','cliente','salida') NOT NULL,
  `cantidad` int(11) NOT NULL,
  `stock` enum('ingreso','egreso') NOT NULL,
  `cliente_id` int(11) NOT NULL,
  `empleado_id` int(11) NOT NULL,
  `fecha_control` date NOT NULL,
  `estado` enum('pendiente','entregado','vendido') DEFAULT NULL,
  `proveedor` varchar(100) NOT NULL,
  `ordenes_salidas_id` int(11) NOT NULL DEFAULT 0,
  `egreso_id` int(11) NOT NULL DEFAULT 0,
  `planilla` varchar(10) NOT NULL DEFAULT '',
  `placa` varchar(10) NOT NULL DEFAULT '',
  `almacen_id` int(11) NOT NULL,
  `cantidad_inicial` int(11) DEFAULT 0,
  PRIMARY KEY (`id_control`)
) ENGINE=MyISAM DEFAULT CHARSET=latin1;

-- Volcando datos para la tabla distribucion.inv_control: 0 rows
/*!40000 ALTER TABLE `inv_control` DISABLE KEYS */;
/*!40000 ALTER TABLE `inv_control` ENABLE KEYS */;

-- Volcando estructura para tabla distribucion.inv_control_detalle
CREATE TABLE IF NOT EXISTS `inv_control_detalle` (
  `id_control_detalle` int(11) NOT NULL AUTO_INCREMENT,
  `fecha` date NOT NULL,
  `control_id` int(11) NOT NULL,
  `stock` enum('ingreso','egreso') NOT NULL,
  `cantidad` int(11) NOT NULL,
  `ordenes_salidas_id` int(11) NOT NULL,
  PRIMARY KEY (`id_control_detalle`)
) ENGINE=MyISAM DEFAULT CHARSET=latin1;

-- Volcando datos para la tabla distribucion.inv_control_detalle: 0 rows
/*!40000 ALTER TABLE `inv_control_detalle` DISABLE KEYS */;
/*!40000 ALTER TABLE `inv_control_detalle` ENABLE KEYS */;

-- Volcando estructura para tabla distribucion.inv_deposito
CREATE TABLE IF NOT EXISTS `inv_deposito` (
  `id_deposito` int(11) NOT NULL AUTO_INCREMENT,
  `banco` varchar(25) NOT NULL,
  `nro_deposito` varchar(20) NOT NULL,
  `monto_deposito` decimal(8,2) NOT NULL,
  `fecha` date DEFAULT NULL,
  `estado` enum('pendiente','concluido','anulado') NOT NULL DEFAULT 'pendiente',
  `empleado_id` int(11) NOT NULL,
  PRIMARY KEY (`id_deposito`),
  KEY `empleado_id` (`empleado_id`)
) ENGINE=MyISAM AUTO_INCREMENT=6 DEFAULT CHARSET=latin1;

-- Volcando datos para la tabla distribucion.inv_deposito: 5 rows
/*!40000 ALTER TABLE `inv_deposito` DISABLE KEYS */;
INSERT INTO `inv_deposito` (`id_deposito`, `banco`, `nro_deposito`, `monto_deposito`, `fecha`, `estado`, `empleado_id`) VALUES
	(1, '1', '479', 880.00, '2021-11-18', 'concluido', 27),
	(2, '1', '416', 1200.00, '2021-11-18', 'concluido', 27),
	(3, '1', '587', 8183.00, '2021-11-18', 'concluido', 27),
	(4, '1', '594', 7790.00, '2021-11-18', 'concluido', 27),
	(5, '1', '1235464', 570.00, '2022-06-01', 'concluido', 27);
/*!40000 ALTER TABLE `inv_deposito` ENABLE KEYS */;

-- Volcando estructura para tabla distribucion.inv_deposito_detalle
CREATE TABLE IF NOT EXISTS `inv_deposito_detalle` (
  `id_deposito_detalle` int(11) NOT NULL AUTO_INCREMENT,
  `deposito_id` int(11) NOT NULL,
  `pago_detalle_id` int(11) NOT NULL,
  PRIMARY KEY (`id_deposito_detalle`),
  KEY `deposito_id` (`deposito_id`,`pago_detalle_id`)
) ENGINE=MyISAM AUTO_INCREMENT=36 DEFAULT CHARSET=latin1;

-- Volcando datos para la tabla distribucion.inv_deposito_detalle: 35 rows
/*!40000 ALTER TABLE `inv_deposito_detalle` DISABLE KEYS */;
INSERT INTO `inv_deposito_detalle` (`id_deposito_detalle`, `deposito_id`, `pago_detalle_id`) VALUES
	(1, 1, 2935),
	(2, 1, 2934),
	(3, 1, 2698),
	(4, 1, 751),
	(5, 1, 749),
	(6, 1, 2608),
	(7, 2, 2174),
	(8, 2, 3244),
	(9, 3, 2589),
	(10, 3, 1994),
	(11, 3, 1931),
	(12, 3, 3114),
	(13, 3, 2799),
	(14, 3, 1927),
	(15, 3, 2710),
	(16, 3, 3014),
	(17, 3, 1905),
	(18, 3, 2576),
	(19, 3, 2592),
	(20, 3, 2562),
	(21, 3, 2344),
	(22, 3, 1908),
	(23, 4, 671),
	(24, 4, 3233),
	(25, 4, 3168),
	(26, 4, 3172),
	(27, 4, 2973),
	(28, 4, 3231),
	(29, 4, 2974),
	(30, 4, 2962),
	(31, 4, 2006),
	(32, 4, 2237),
	(33, 5, 2699),
	(34, 5, 3392),
	(35, 5, 2609);
/*!40000 ALTER TABLE `inv_deposito_detalle` ENABLE KEYS */;

-- Volcando estructura para tabla distribucion.inv_detalle_ingreso_material
CREATE TABLE IF NOT EXISTS `inv_detalle_ingreso_material` (
  `cantidad` int(11) DEFAULT NULL,
  `ingreso_material_id` int(11) DEFAULT NULL,
  `materiales_stock_id` int(11) DEFAULT NULL
) ENGINE=MyISAM DEFAULT CHARSET=latin1;

-- Volcando datos para la tabla distribucion.inv_detalle_ingreso_material: 0 rows
/*!40000 ALTER TABLE `inv_detalle_ingreso_material` DISABLE KEYS */;
/*!40000 ALTER TABLE `inv_detalle_ingreso_material` ENABLE KEYS */;

-- Volcando estructura para tabla distribucion.inv_dosificaciones
CREATE TABLE IF NOT EXISTS `inv_dosificaciones` (
  `id_dosificacion` int(11) NOT NULL AUTO_INCREMENT,
  `fecha_registro` date NOT NULL,
  `hora_registro` time NOT NULL,
  `nro_tramite` varchar(50) NOT NULL,
  `nro_autorizacion` varchar(50) CHARACTER SET utf8 COLLATE utf8_unicode_ci NOT NULL,
  `llave_dosificacion` varchar(200) CHARACTER SET latin1 NOT NULL,
  `fecha_limite` date NOT NULL,
  `leyenda` text NOT NULL,
  `activo` enum('N','S') NOT NULL,
  `nro_facturas` int(11) NOT NULL,
  `observacion` text CHARACTER SET utf8 COLLATE utf8_unicode_ci NOT NULL,
  PRIMARY KEY (`id_dosificacion`)
) ENGINE=MyISAM AUTO_INCREMENT=4 DEFAULT CHARSET=utf8;

-- Volcando datos para la tabla distribucion.inv_dosificaciones: 0 rows
/*!40000 ALTER TABLE `inv_dosificaciones` DISABLE KEYS */;
/*!40000 ALTER TABLE `inv_dosificaciones` ENABLE KEYS */;

-- Volcando estructura para tabla distribucion.inv_egresos
CREATE TABLE IF NOT EXISTS `inv_egresos` (
  `id_egreso` int(11) NOT NULL AUTO_INCREMENT,
  `fecha_egreso` date NOT NULL,
  `hora_egreso` time NOT NULL,
  `tipo` enum('Venta','Traspaso','Baja','Perdida','Devolucion','No venta') CHARACTER SET utf8 COLLATE utf8_unicode_ci NOT NULL,
  `provisionado` enum('N','S') NOT NULL,
  `descripcion` text CHARACTER SET utf8 COLLATE utf8_unicode_ci DEFAULT NULL,
  `nro_factura` bigint(20) NOT NULL DEFAULT 0,
  `nro_autorizacion` varchar(20) CHARACTER SET utf8 COLLATE utf8_unicode_ci NOT NULL DEFAULT '0',
  `codigo_control` varchar(20) CHARACTER SET utf8 COLLATE utf8_unicode_ci DEFAULT '',
  `fecha_limite` date NOT NULL,
  `monto_total` decimal(10,2) NOT NULL DEFAULT 0.00,
  `descuento_porcentaje` int(11) DEFAULT 0,
  `descuento_bs` decimal(20,2) NOT NULL DEFAULT 0.00,
  `monto_total_descuento` decimal(20,2) NOT NULL DEFAULT 0.00,
  `cliente_id` int(11) DEFAULT 0,
  `nombre_cliente` varchar(100) CHARACTER SET utf8 COLLATE utf8_unicode_ci NOT NULL,
  `nit_ci` varchar(20) CHARACTER SET utf8 COLLATE utf8_unicode_ci NOT NULL,
  `nro_registros` int(11) NOT NULL DEFAULT 0,
  `coordenadas` text DEFAULT NULL,
  `observacion` varchar(150) DEFAULT '',
  `dosificacion_id` int(11) NOT NULL DEFAULT 0,
  `almacen_id` int(11) NOT NULL DEFAULT 0,
  `empleado_id` int(11) NOT NULL,
  `motivo_id` int(11) DEFAULT 0,
  `motivo` char(120) DEFAULT NULL,
  `duracion` time DEFAULT '00:00:00',
  `cobrar` varchar(10) DEFAULT '',
  `grupo` varchar(50) DEFAULT '',
  `descripcion_venta` varchar(150) DEFAULT '',
  `estadoe` int(11) DEFAULT 0,
  `ruta_id` int(11) NOT NULL DEFAULT 0,
  `estado` int(11) NOT NULL DEFAULT 0,
  `plan_de_pagos` enum('si','no') NOT NULL DEFAULT 'no',
  `ordenes_salidas_id` int(11) DEFAULT 0,
  `anulado` int(11) NOT NULL DEFAULT 0,
  `factura` enum('Factura','Nota','Ninguno') DEFAULT 'Ninguno',
  `evento` enum('Ninguno','Devuelto') NOT NULL DEFAULT 'Ninguno',
  PRIMARY KEY (`id_egreso`),
  KEY `cliente_id` (`cliente_id`),
  KEY `dosificacion_id` (`dosificacion_id`),
  KEY `almacen_id` (`almacen_id`),
  KEY `empleado_id` (`empleado_id`),
  KEY `tipo` (`tipo`),
  KEY `provisionado` (`provisionado`),
  KEY `motivo_id` (`motivo_id`),
  KEY `ruta_id` (`ruta_id`),
  KEY `estadoe` (`estadoe`),
  KEY `estado` (`estado`),
  KEY `anulado` (`anulado`),
  KEY `factura` (`factura`),
  KEY `plan_de_pagos` (`plan_de_pagos`),
  KEY `ordenes_salidas_id` (`ordenes_salidas_id`),
  KEY `evento` (`evento`),
  FULLTEXT KEY `nombre_cliente` (`nombre_cliente`),
  FULLTEXT KEY `nit_ci` (`nit_ci`)
) ENGINE=MyISAM AUTO_INCREMENT=15 DEFAULT CHARSET=utf8;

-- Volcando datos para la tabla distribucion.inv_egresos: 3 rows
/*!40000 ALTER TABLE `inv_egresos` DISABLE KEYS */;
INSERT INTO `inv_egresos` (`id_egreso`, `fecha_egreso`, `hora_egreso`, `tipo`, `provisionado`, `descripcion`, `nro_factura`, `nro_autorizacion`, `codigo_control`, `fecha_limite`, `monto_total`, `descuento_porcentaje`, `descuento_bs`, `monto_total_descuento`, `cliente_id`, `nombre_cliente`, `nit_ci`, `nro_registros`, `coordenadas`, `observacion`, `dosificacion_id`, `almacen_id`, `empleado_id`, `motivo_id`, `motivo`, `duracion`, `cobrar`, `grupo`, `descripcion_venta`, `estadoe`, `ruta_id`, `estado`, `plan_de_pagos`, `ordenes_salidas_id`, `anulado`, `factura`, `evento`) VALUES
	(1, '2022-11-11', '21:15:23', 'Venta', 'S', 'Venta de productos con nota de remisión', 1, '', '', '0000-00-00', 785.00, 0, 0.00, 785.00, 4998, 'CLIENTE DE PRUEBA 2022', '700000011', 1, NULL, '', 0, 22, 1, 0, NULL, '00:00:00', 'no', '', '', 0, 0, 1, 'si', 0, 0, 'Ninguno', 'Ninguno'),
	(2, '2022-11-14', '16:21:05', 'Venta', 'S', 'Venta de productos con nota de remisión', 2, '', '', '0000-00-00', 2030.00, 0, 0.00, 2030.00, 4996, 'MARY', '98798734', 2, NULL, '', 0, 22, 1, 0, NULL, '00:00:00', 'no', '', '', 0, 0, 1, 'no', 0, 0, 'Ninguno', 'Ninguno'),
	(3, '2022-11-14', '16:22:47', 'Venta', 'S', 'Venta de productos con nota de remisión', 3, '', '', '0000-00-00', 965.00, 0, 0.00, 965.00, 4995, 'CLIENTE DE PRUEBA 2', '5938459374', 2, NULL, '', 0, 22, 1, 0, NULL, '00:00:00', 'no', '', '', 0, 0, 1, 'no', 0, 0, 'Ninguno', 'Ninguno'),
	(4, '2022-11-23', '14:49:46', 'Venta', 'S', 'Venta de productos con preventa', 1, '', '', '1000-01-01', 3.30, 0, 0.00, 3.30, 4996, 'mary', '98798734', 1, '-16.507874525185894,-68.16265583038331', 'ANTES DE 12 AM', 0, 22, 1, 0, NULL, '00:00:00', '', '', '', 2, 0, 1, 'no', 0, 0, 'Ninguno', 'Ninguno'),
	(5, '2022-11-23', '14:50:24', 'Venta', 'S', 'Venta de productos con preventa', 2, '', '', '1000-01-01', 3.30, 0, 0.00, 3.30, 4995, 'cliente de prueba 2', '5938459374', 1, '-16.50750420720031,-68.16258041844893', 'TODO EL DIA', 0, 22, 1, 0, NULL, '00:00:00', '', '', '', 2, 0, 1, 'no', 0, 0, 'Ninguno', 'Ninguno'),
	(6, '2022-11-23', '14:50:53', 'Venta', 'S', 'Venta de productos con preventa', 3, '', '', '1000-01-01', 3.30, 0, 0.00, 3.30, 4998, 'cliente de prueba 2022', '700000011', 1, '-16.501265592645037,-68.16124729149824', 'EN LA TARDE', 0, 22, 1, 0, NULL, '00:00:00', '', '', '', 2, 0, 1, 'si', 0, 0, 'Ninguno', 'Ninguno'),
	(7, '2022-11-23', '14:51:19', 'Venta', 'S', 'Venta de productos con preventa', 4, '', '', '1000-01-01', 16.50, 0, 0.00, 16.50, 4998, 'cliente de prueba 2022', '700000011', 1, '-16.501265592645037,-68.16124729149824', 'TODO EL DIA', 0, 22, 1, 0, NULL, '00:00:00', '', '', '', 2, 0, 1, 'si', 0, 0, 'Ninguno', 'Ninguno'),
	(8, '2022-11-23', '15:23:56', 'Venta', 'S', 'Venta de productos con preventa', 5, '', '', '1000-01-01', 3.30, 0, 0.00, 3.30, 4998, 'cliente de prueba 2022', '700000011', 1, '-16.501265592645037,-68.16124729149824', 'TODO EL DIA', 0, 22, 1, 0, NULL, '00:00:00', '', '', '', 2, 0, 1, 'si', 0, 0, 'Ninguno', 'Ninguno'),
	(9, '2022-11-23', '15:24:22', 'Venta', 'S', 'Venta de productos con preventa', 6, '', '', '1000-01-01', 3.30, 0, 0.00, 3.30, 4998, 'cliente de prueba 2022', '700000011', 1, '-16.501265592645037,-68.16124729149824', 'ANTES DE 12 AM', 0, 22, 1, 0, NULL, '00:00:00', '', '', '', 2, 0, 1, 'si', 0, 0, 'Ninguno', 'Ninguno'),
	(10, '2022-11-23', '15:24:54', 'Venta', 'S', 'Venta de productos con preventa', 7, '', '', '1000-01-01', 3.30, 0, 0.00, 3.30, 4995, 'cliente de prueba 2', '5938459374', 1, '-16.50750420720031,-68.16258041844893', 'ANTES DE 12 AM', 0, 22, 1, 0, NULL, '00:00:00', '', '', '', 2, 0, 1, 'no', 0, 0, 'Ninguno', 'Ninguno'),
	(11, '2022-11-23', '15:25:13', 'Venta', 'S', 'Venta de productos con preventa', 8, '', '', '1000-01-01', 3.30, 0, 0.00, 3.30, 4998, 'cliente de prueba 2022', '700000011', 1, '-16.501265592645037,-68.16124729149824', 'EN LA TARDE', 0, 22, 1, 0, NULL, '00:00:00', '', '', '', 2, 0, 1, 'si', 0, 0, 'Ninguno', 'Ninguno'),
	(12, '2022-11-23', '15:25:36', 'Venta', 'S', 'Venta de productos con preventa', 9, '', '', '1000-01-01', 23.10, 0, 0.00, 23.10, 4994, 'prueba de cliente', '5464564', 1, '-16.50727565121458,-68.16283014468377', 'EN LA TARDE', 0, 22, 1, 0, NULL, '00:00:00', '', '', '', 2, 0, 1, 'no', 0, 0, 'Ninguno', 'Ninguno'),
	(13, '2022-11-23', '15:26:23', 'Venta', 'S', 'Venta de productos con preventa', 10, '', '', '1000-01-01', 42.90, 0, 0.00, 42.90, 4998, 'cliente de prueba 2022', '700000011', 1, '-16.501265592645037,-68.16124729149824', 'TODO EL DIA', 0, 22, 1, 0, NULL, '00:00:00', '', '', '', 2, 0, 1, 'si', 0, 0, 'Ninguno', 'Ninguno'),
	(14, '2022-11-23', '15:26:49', 'Venta', 'S', 'Venta de productos con preventa', 11, '', '', '1000-01-01', 36.30, 0, 0.00, 36.30, 4995, 'cliente de prueba 2', '5938459374', 1, '-16.50750420720031,-68.16258041844893', 'EN LA TARDE', 0, 22, 1, 0, NULL, '00:00:00', '', '', '', 2, 0, 1, 'no', 0, 0, 'Ninguno', 'Ninguno');
/*!40000 ALTER TABLE `inv_egresos` ENABLE KEYS */;

-- Volcando estructura para tabla distribucion.inv_egresos_anular
CREATE TABLE IF NOT EXISTS `inv_egresos_anular` (
  `id_anular` int(11) NOT NULL AUTO_INCREMENT,
  `id_egreso` int(11) NOT NULL DEFAULT 0,
  `fecha_egreso` date NOT NULL,
  `hora_egreso` time NOT NULL,
  `tipo` enum('Venta','Traspaso','Baja','Perdida','Devolucion','No venta') DEFAULT NULL,
  `provisionado` enum('N','S') NOT NULL,
  `descripcion` text CHARACTER SET utf8 COLLATE utf8_unicode_ci DEFAULT NULL,
  `nro_factura` bigint(20) NOT NULL DEFAULT 0,
  `nro_autorizacion` varchar(20) CHARACTER SET utf8 COLLATE utf8_unicode_ci NOT NULL DEFAULT '0',
  `codigo_control` varchar(20) CHARACTER SET utf8 COLLATE utf8_unicode_ci DEFAULT '',
  `fecha_limite` date NOT NULL,
  `monto_total` decimal(10,2) NOT NULL DEFAULT 0.00,
  `descuento_porcentaje` int(11) DEFAULT 0,
  `descuento_bs` decimal(20,2) NOT NULL DEFAULT 0.00,
  `monto_total_descuento` decimal(20,2) NOT NULL DEFAULT 0.00,
  `cliente_id` int(11) DEFAULT 0,
  `nombre_cliente` varchar(100) CHARACTER SET utf8 COLLATE utf8_unicode_ci NOT NULL,
  `nit_ci` varchar(20) CHARACTER SET utf8 COLLATE utf8_unicode_ci NOT NULL,
  `nro_registros` int(11) NOT NULL DEFAULT 0,
  `estadoe` int(11) DEFAULT 0,
  `coordenadas` text DEFAULT NULL,
  `observacion` varchar(150) DEFAULT '',
  `dosificacion_id` int(11) NOT NULL DEFAULT 0,
  `almacen_id` int(11) NOT NULL DEFAULT 0,
  `empleado_id` int(11) NOT NULL,
  `motivo_id` int(11) DEFAULT 0,
  `motivo` char(120) DEFAULT NULL,
  `duracion` time DEFAULT '00:00:00',
  `cobrar` varchar(10) DEFAULT '',
  `grupo` varchar(50) DEFAULT '',
  `descripcion_venta` varchar(150) DEFAULT '',
  `ruta_id` int(11) NOT NULL DEFAULT 0,
  `estado` int(11) NOT NULL DEFAULT 0,
  `plan_de_pagos` enum('si','no') NOT NULL DEFAULT 'no',
  `ordenes_salidas_id` int(11) DEFAULT 0,
  `anulado` int(11) NOT NULL DEFAULT 0,
  `factura` enum('Factura','Nota','Ninguno') DEFAULT 'Ninguno',
  `evento` enum('Ninguno','Devuelto') DEFAULT 'Ninguno',
  `fecha_registro` date DEFAULT NULL,
  `hora_registro` time DEFAULT NULL,
  `empleado_id_accion` int(11) NOT NULL DEFAULT 0,
  PRIMARY KEY (`id_anular`),
  KEY `cliente_id` (`cliente_id`),
  KEY `dosificacion_id` (`dosificacion_id`),
  KEY `almacen_id` (`almacen_id`),
  KEY `empleado_id` (`empleado_id`),
  KEY `tipo` (`tipo`),
  KEY `provisionado` (`provisionado`),
  KEY `motivo_id` (`motivo_id`),
  KEY `ruta_id` (`ruta_id`),
  KEY `estadoe` (`estadoe`),
  KEY `estado` (`estado`),
  KEY `anulado` (`anulado`),
  KEY `factura` (`factura`),
  KEY `plan_de_pagos` (`plan_de_pagos`),
  KEY `ordenes_salidas_id` (`ordenes_salidas_id`),
  FULLTEXT KEY `nombre_cliente` (`nombre_cliente`),
  FULLTEXT KEY `nit_ci` (`nit_ci`)
) ENGINE=MyISAM DEFAULT CHARSET=utf8;

-- Volcando datos para la tabla distribucion.inv_egresos_anular: 0 rows
/*!40000 ALTER TABLE `inv_egresos_anular` DISABLE KEYS */;
/*!40000 ALTER TABLE `inv_egresos_anular` ENABLE KEYS */;

-- Volcando estructura para tabla distribucion.inv_egresos_desc_asignaciones
CREATE TABLE IF NOT EXISTS `inv_egresos_desc_asignaciones` (
  `id_asignacion` int(11) NOT NULL AUTO_INCREMENT,
  `egreso_id` int(11) NOT NULL DEFAULT 0,
  `model_id` int(11) NOT NULL,
  `model_table` varchar(100) COLLATE utf8_unicode_ci NOT NULL,
  `tipo_id` int(11) NOT NULL DEFAULT 0,
  `descuento` decimal(10,2) NOT NULL DEFAULT 0.00,
  `desc_efectivo` decimal(10,2) NOT NULL DEFAULT 0.00,
  PRIMARY KEY (`id_asignacion`) USING BTREE
) ENGINE=InnoDB DEFAULT CHARSET=utf8 COLLATE=utf8_unicode_ci;

-- Volcando datos para la tabla distribucion.inv_egresos_desc_asignaciones: ~0 rows (aproximadamente)
/*!40000 ALTER TABLE `inv_egresos_desc_asignaciones` DISABLE KEYS */;
/*!40000 ALTER TABLE `inv_egresos_desc_asignaciones` ENABLE KEYS */;

-- Volcando estructura para tabla distribucion.inv_egresos_detalles
CREATE TABLE IF NOT EXISTS `inv_egresos_detalles` (
  `id_detalle` int(11) NOT NULL AUTO_INCREMENT,
  `precio` decimal(10,2) NOT NULL,
  `unidad_id` int(11) DEFAULT 0,
  `cantidad` int(11) NOT NULL,
  `descuento` int(11) NOT NULL DEFAULT 0,
  `producto_id` int(11) NOT NULL,
  `egreso_id` int(11) NOT NULL,
  `promocion_id` int(11) NOT NULL DEFAULT 0,
  `asignacion_id` int(11) NOT NULL DEFAULT 0,
  `lote` varchar(30) DEFAULT NULL,
  PRIMARY KEY (`id_detalle`),
  KEY `producto_id` (`producto_id`),
  KEY `egreso_id` (`egreso_id`),
  KEY `asignacion_id` (`asignacion_id`),
  KEY `promocion_id` (`promocion_id`),
  KEY `unidad_id` (`unidad_id`),
  FULLTEXT KEY `lote` (`lote`)
) ENGINE=MyISAM AUTO_INCREMENT=17 DEFAULT CHARSET=utf8;

-- Volcando datos para la tabla distribucion.inv_egresos_detalles: 5 rows
/*!40000 ALTER TABLE `inv_egresos_detalles` DISABLE KEYS */;
INSERT INTO `inv_egresos_detalles` (`id_detalle`, `precio`, `unidad_id`, `cantidad`, `descuento`, `producto_id`, `egreso_id`, `promocion_id`, `asignacion_id`, `lote`) VALUES
	(1, 157.00, 1, 5, 0, 304, 1, 0, 0, 'lt1-5'),
	(2, 265.00, 1, 5, 0, 366, 2, 0, 0, 'lt1-5'),
	(3, 235.00, 1, 3, 0, 428, 2, 0, 0, 'lt1-3'),
	(4, 235.00, 1, 3, 0, 428, 3, 0, 0, 'lt1-3'),
	(5, 260.00, 1, 1, 0, 429, 3, 0, 0, 'lt1-1'),
	(6, 3.30, 18, 1, 0, 1, 4, 0, 0, 'lt1-1'),
	(7, 3.30, 18, 1, 0, 1, 5, 0, 0, 'lt1-1'),
	(8, 3.30, 18, 1, 0, 1, 6, 0, 0, 'lt1-1'),
	(9, 3.30, 18, 5, 0, 1, 7, 0, 0, 'lt1-5'),
	(10, 3.30, 18, 1, 0, 1, 8, 0, 0, 'lt1-1'),
	(11, 3.30, 18, 1, 0, 1, 9, 0, 0, 'lt1-1'),
	(12, 3.30, 18, 1, 0, 1, 10, 0, 0, 'lt1-1'),
	(13, 3.30, 18, 1, 0, 1, 11, 0, 0, 'lt1-1'),
	(14, 3.30, 18, 7, 0, 1, 12, 0, 0, 'lt1-7'),
	(15, 3.30, 18, 13, 0, 1, 13, 0, 0, 'lt1-13'),
	(16, 3.30, 18, 11, 0, 1, 14, 0, 0, 'lt1-11');
/*!40000 ALTER TABLE `inv_egresos_detalles` ENABLE KEYS */;

-- Volcando estructura para tabla distribucion.inv_egresos_detalles_anular
CREATE TABLE IF NOT EXISTS `inv_egresos_detalles_anular` (
  `id_detalleAccion` int(11) NOT NULL AUTO_INCREMENT,
  `id_detalle` int(11) NOT NULL DEFAULT 0,
  `precio` decimal(10,2) NOT NULL,
  `unidad_id` int(11) DEFAULT 0,
  `cantidad` int(11) NOT NULL,
  `descuento` int(11) NOT NULL DEFAULT 0,
  `producto_id` int(11) NOT NULL,
  `egreso_id` int(11) NOT NULL,
  `promocion_id` int(11) NOT NULL DEFAULT 0,
  `asignacion_id` int(11) NOT NULL DEFAULT 0,
  `lote` varchar(30) DEFAULT NULL,
  `fecha_registro` date DEFAULT NULL,
  `hora_registro` time DEFAULT NULL,
  `empleado_id_accion` int(11) NOT NULL DEFAULT 0,
  `accion_id` int(11) NOT NULL DEFAULT 0,
  PRIMARY KEY (`id_detalleAccion`),
  KEY `producto_id` (`producto_id`),
  KEY `egreso_id` (`egreso_id`),
  KEY `asignacion_id` (`asignacion_id`),
  KEY `promocion_id` (`promocion_id`),
  KEY `unidad_id` (`unidad_id`),
  FULLTEXT KEY `lote` (`lote`)
) ENGINE=MyISAM DEFAULT CHARSET=utf8;

-- Volcando datos para la tabla distribucion.inv_egresos_detalles_anular: 0 rows
/*!40000 ALTER TABLE `inv_egresos_detalles_anular` DISABLE KEYS */;
/*!40000 ALTER TABLE `inv_egresos_detalles_anular` ENABLE KEYS */;

-- Volcando estructura para tabla distribucion.inv_egresos_detalles_editar_post
CREATE TABLE IF NOT EXISTS `inv_egresos_detalles_editar_post` (
  `id_detalleAccion` int(11) NOT NULL AUTO_INCREMENT,
  `id_detalle` int(11) NOT NULL DEFAULT 0,
  `precio` decimal(10,2) NOT NULL,
  `unidad_id` int(11) DEFAULT 0,
  `cantidad` int(11) NOT NULL,
  `descuento` int(11) NOT NULL DEFAULT 0,
  `producto_id` int(11) NOT NULL,
  `egreso_id` int(11) NOT NULL,
  `promocion_id` int(11) NOT NULL DEFAULT 0,
  `asignacion_id` int(11) NOT NULL DEFAULT 0,
  `lote` varchar(30) DEFAULT NULL,
  `fecha_registro` date DEFAULT NULL,
  `hora_registro` time DEFAULT NULL,
  `empleado_id_accion` int(11) NOT NULL DEFAULT 0,
  `accion_id` int(11) NOT NULL DEFAULT 0,
  PRIMARY KEY (`id_detalleAccion`),
  KEY `producto_id` (`producto_id`),
  KEY `egreso_id` (`egreso_id`),
  KEY `asignacion_id` (`asignacion_id`),
  KEY `promocion_id` (`promocion_id`),
  KEY `unidad_id` (`unidad_id`),
  FULLTEXT KEY `lote` (`lote`)
) ENGINE=MyISAM DEFAULT CHARSET=utf8;

-- Volcando datos para la tabla distribucion.inv_egresos_detalles_editar_post: 0 rows
/*!40000 ALTER TABLE `inv_egresos_detalles_editar_post` DISABLE KEYS */;
/*!40000 ALTER TABLE `inv_egresos_detalles_editar_post` ENABLE KEYS */;

-- Volcando estructura para tabla distribucion.inv_egresos_detalles_editar_previo
CREATE TABLE IF NOT EXISTS `inv_egresos_detalles_editar_previo` (
  `id_detalleAccion` int(11) NOT NULL AUTO_INCREMENT,
  `id_detalle` int(11) NOT NULL DEFAULT 0,
  `precio` decimal(10,2) NOT NULL,
  `unidad_id` int(11) DEFAULT 0,
  `cantidad` int(11) NOT NULL,
  `descuento` int(11) NOT NULL DEFAULT 0,
  `producto_id` int(11) NOT NULL,
  `egreso_id` int(11) NOT NULL,
  `promocion_id` int(11) NOT NULL DEFAULT 0,
  `asignacion_id` int(11) NOT NULL DEFAULT 0,
  `lote` varchar(30) DEFAULT NULL,
  `fecha_registro` date DEFAULT NULL,
  `hora_registro` time DEFAULT NULL,
  `empleado_id_accion` int(11) NOT NULL DEFAULT 0,
  `accion_id` int(11) NOT NULL DEFAULT 0,
  PRIMARY KEY (`id_detalleAccion`),
  KEY `producto_id` (`producto_id`),
  KEY `egreso_id` (`egreso_id`),
  KEY `asignacion_id` (`asignacion_id`),
  KEY `promocion_id` (`promocion_id`),
  KEY `unidad_id` (`unidad_id`),
  FULLTEXT KEY `lote` (`lote`)
) ENGINE=MyISAM DEFAULT CHARSET=utf8;

-- Volcando datos para la tabla distribucion.inv_egresos_detalles_editar_previo: 0 rows
/*!40000 ALTER TABLE `inv_egresos_detalles_editar_previo` DISABLE KEYS */;
/*!40000 ALTER TABLE `inv_egresos_detalles_editar_previo` ENABLE KEYS */;

-- Volcando estructura para tabla distribucion.inv_egresos_detalles_eliminar_post
CREATE TABLE IF NOT EXISTS `inv_egresos_detalles_eliminar_post` (
  `id_detalleAccion` int(11) NOT NULL AUTO_INCREMENT,
  `id_detalle` int(11) NOT NULL DEFAULT 0,
  `precio` decimal(10,2) NOT NULL,
  `unidad_id` int(11) DEFAULT 0,
  `cantidad` int(11) NOT NULL,
  `descuento` int(11) NOT NULL DEFAULT 0,
  `producto_id` int(11) NOT NULL,
  `egreso_id` int(11) NOT NULL,
  `promocion_id` int(11) NOT NULL DEFAULT 0,
  `asignacion_id` int(11) NOT NULL DEFAULT 0,
  `lote` varchar(30) DEFAULT NULL,
  `fecha_registro` date DEFAULT NULL,
  `hora_registro` time DEFAULT NULL,
  `empleado_id_accion` int(11) NOT NULL DEFAULT 0,
  `accion_id` int(11) NOT NULL DEFAULT 0,
  PRIMARY KEY (`id_detalleAccion`),
  KEY `producto_id` (`producto_id`),
  KEY `egreso_id` (`egreso_id`),
  KEY `asignacion_id` (`asignacion_id`),
  KEY `promocion_id` (`promocion_id`),
  KEY `unidad_id` (`unidad_id`),
  FULLTEXT KEY `lote` (`lote`)
) ENGINE=MyISAM DEFAULT CHARSET=utf8;

-- Volcando datos para la tabla distribucion.inv_egresos_detalles_eliminar_post: 0 rows
/*!40000 ALTER TABLE `inv_egresos_detalles_eliminar_post` DISABLE KEYS */;
/*!40000 ALTER TABLE `inv_egresos_detalles_eliminar_post` ENABLE KEYS */;

-- Volcando estructura para tabla distribucion.inv_egresos_detalles_eliminar_previo
CREATE TABLE IF NOT EXISTS `inv_egresos_detalles_eliminar_previo` (
  `id_detalleAccion` int(11) NOT NULL AUTO_INCREMENT,
  `id_detalle` int(11) NOT NULL DEFAULT 0,
  `precio` decimal(10,2) NOT NULL,
  `unidad_id` int(11) DEFAULT 0,
  `cantidad` int(11) NOT NULL,
  `descuento` int(11) NOT NULL DEFAULT 0,
  `producto_id` int(11) NOT NULL,
  `egreso_id` int(11) NOT NULL,
  `promocion_id` int(11) NOT NULL DEFAULT 0,
  `asignacion_id` int(11) NOT NULL DEFAULT 0,
  `lote` varchar(30) DEFAULT NULL,
  `fecha_registro` date DEFAULT NULL,
  `hora_registro` time DEFAULT NULL,
  `empleado_id_accion` int(11) NOT NULL DEFAULT 0,
  `accion_id` int(11) NOT NULL DEFAULT 0,
  PRIMARY KEY (`id_detalleAccion`),
  KEY `producto_id` (`producto_id`),
  KEY `egreso_id` (`egreso_id`),
  KEY `asignacion_id` (`asignacion_id`),
  KEY `promocion_id` (`promocion_id`),
  KEY `unidad_id` (`unidad_id`),
  FULLTEXT KEY `lote` (`lote`)
) ENGINE=MyISAM DEFAULT CHARSET=utf8;

-- Volcando datos para la tabla distribucion.inv_egresos_detalles_eliminar_previo: 0 rows
/*!40000 ALTER TABLE `inv_egresos_detalles_eliminar_previo` DISABLE KEYS */;
/*!40000 ALTER TABLE `inv_egresos_detalles_eliminar_previo` ENABLE KEYS */;

-- Volcando estructura para tabla distribucion.inv_egresos_detalles_entregas
CREATE TABLE IF NOT EXISTS `inv_egresos_detalles_entregas` (
  `id_detalleAccion` int(11) NOT NULL AUTO_INCREMENT,
  `id_detalle` int(11) NOT NULL DEFAULT 0,
  `precio` decimal(10,2) NOT NULL,
  `unidad_id` int(11) DEFAULT 0,
  `cantidad` int(11) NOT NULL,
  `descuento` int(11) NOT NULL DEFAULT 0,
  `producto_id` int(11) NOT NULL,
  `egreso_id` int(11) NOT NULL,
  `promocion_id` int(11) NOT NULL DEFAULT 0,
  `asignacion_id` int(11) NOT NULL DEFAULT 0,
  `lote` varchar(30) DEFAULT NULL,
  `fecha_registro` date DEFAULT NULL,
  `hora_registro` time DEFAULT NULL,
  `empleado_id_accion` int(11) NOT NULL DEFAULT 0,
  `accion_id` int(11) DEFAULT NULL,
  PRIMARY KEY (`id_detalleAccion`),
  KEY `producto_id` (`producto_id`),
  KEY `egreso_id` (`egreso_id`),
  KEY `asignacion_id` (`asignacion_id`),
  KEY `promocion_id` (`promocion_id`),
  KEY `unidad_id` (`unidad_id`),
  FULLTEXT KEY `lote` (`lote`)
) ENGINE=MyISAM DEFAULT CHARSET=utf8;

-- Volcando datos para la tabla distribucion.inv_egresos_detalles_entregas: 0 rows
/*!40000 ALTER TABLE `inv_egresos_detalles_entregas` DISABLE KEYS */;
/*!40000 ALTER TABLE `inv_egresos_detalles_entregas` ENABLE KEYS */;

-- Volcando estructura para tabla distribucion.inv_egresos_detalles_inicio
CREATE TABLE IF NOT EXISTS `inv_egresos_detalles_inicio` (
  `id_detalleAccion` int(11) NOT NULL AUTO_INCREMENT,
  `id_detalle` int(11) NOT NULL DEFAULT 0,
  `precio` decimal(10,2) NOT NULL,
  `unidad_id` int(11) DEFAULT 0,
  `cantidad` int(11) NOT NULL,
  `descuento` int(11) NOT NULL DEFAULT 0,
  `producto_id` int(11) NOT NULL,
  `egreso_id` int(11) NOT NULL,
  `promocion_id` int(11) NOT NULL DEFAULT 0,
  `asignacion_id` int(11) NOT NULL DEFAULT 0,
  `lote` varchar(30) DEFAULT NULL,
  `fecha_registro` date DEFAULT NULL,
  `hora_registro` time DEFAULT NULL,
  `empleado_id_accion` int(11) NOT NULL DEFAULT 0,
  `accion_id` int(11) DEFAULT NULL,
  PRIMARY KEY (`id_detalleAccion`),
  KEY `producto_id` (`producto_id`),
  KEY `egreso_id` (`egreso_id`),
  KEY `asignacion_id` (`asignacion_id`),
  KEY `promocion_id` (`promocion_id`),
  KEY `unidad_id` (`unidad_id`),
  FULLTEXT KEY `lote` (`lote`)
) ENGINE=MyISAM DEFAULT CHARSET=utf8;

-- Volcando datos para la tabla distribucion.inv_egresos_detalles_inicio: 0 rows
/*!40000 ALTER TABLE `inv_egresos_detalles_inicio` DISABLE KEYS */;
/*!40000 ALTER TABLE `inv_egresos_detalles_inicio` ENABLE KEYS */;

-- Volcando estructura para tabla distribucion.inv_egresos_detalles_noentregas
CREATE TABLE IF NOT EXISTS `inv_egresos_detalles_noentregas` (
  `id_detalleAccion` int(11) NOT NULL AUTO_INCREMENT,
  `id_detalle` int(11) NOT NULL DEFAULT 0,
  `precio` decimal(10,2) NOT NULL,
  `unidad_id` int(11) DEFAULT 0,
  `cantidad` int(11) NOT NULL,
  `descuento` int(11) NOT NULL DEFAULT 0,
  `producto_id` int(11) NOT NULL,
  `egreso_id` int(11) NOT NULL,
  `promocion_id` int(11) NOT NULL DEFAULT 0,
  `asignacion_id` int(11) NOT NULL DEFAULT 0,
  `lote` varchar(30) DEFAULT NULL,
  `fecha_registro` date DEFAULT NULL,
  `hora_registro` time DEFAULT NULL,
  `empleado_id_accion` int(11) NOT NULL DEFAULT 0,
  `accion_id` int(11) DEFAULT NULL,
  PRIMARY KEY (`id_detalleAccion`),
  KEY `producto_id` (`producto_id`),
  KEY `egreso_id` (`egreso_id`),
  KEY `asignacion_id` (`asignacion_id`),
  KEY `promocion_id` (`promocion_id`),
  KEY `unidad_id` (`unidad_id`),
  KEY `empleado_id_accion` (`empleado_id_accion`),
  FULLTEXT KEY `lote` (`lote`)
) ENGINE=MyISAM DEFAULT CHARSET=utf8;

-- Volcando datos para la tabla distribucion.inv_egresos_detalles_noentregas: 0 rows
/*!40000 ALTER TABLE `inv_egresos_detalles_noentregas` DISABLE KEYS */;
/*!40000 ALTER TABLE `inv_egresos_detalles_noentregas` ENABLE KEYS */;

-- Volcando estructura para tabla distribucion.inv_egresos_detalles_noventas
CREATE TABLE IF NOT EXISTS `inv_egresos_detalles_noventas` (
  `id_detalleAccion` int(11) NOT NULL AUTO_INCREMENT,
  `id_detalle` int(11) NOT NULL DEFAULT 0,
  `precio` decimal(10,2) NOT NULL,
  `unidad_id` int(11) DEFAULT 0,
  `cantidad` int(11) NOT NULL,
  `descuento` int(11) NOT NULL DEFAULT 0,
  `producto_id` int(11) NOT NULL,
  `egreso_id` int(11) NOT NULL,
  `promocion_id` int(11) NOT NULL DEFAULT 0,
  `asignacion_id` int(11) NOT NULL DEFAULT 0,
  `lote` varchar(30) DEFAULT NULL,
  `fecha_registro` date DEFAULT NULL,
  `hora_registro` time DEFAULT NULL,
  `empleado_id_accion` int(11) NOT NULL DEFAULT 0,
  `accion_id` int(11) DEFAULT NULL,
  PRIMARY KEY (`id_detalleAccion`),
  KEY `producto_id` (`producto_id`),
  KEY `egreso_id` (`egreso_id`),
  KEY `asignacion_id` (`asignacion_id`),
  KEY `promocion_id` (`promocion_id`),
  KEY `unidad_id` (`unidad_id`),
  KEY `empleado_id_accion` (`empleado_id_accion`),
  FULLTEXT KEY `lote` (`lote`)
) ENGINE=MyISAM DEFAULT CHARSET=utf8;

-- Volcando datos para la tabla distribucion.inv_egresos_detalles_noventas: 0 rows
/*!40000 ALTER TABLE `inv_egresos_detalles_noventas` DISABLE KEYS */;
/*!40000 ALTER TABLE `inv_egresos_detalles_noventas` ENABLE KEYS */;

-- Volcando estructura para tabla distribucion.inv_egresos_detalles_ventas_editadas
CREATE TABLE IF NOT EXISTS `inv_egresos_detalles_ventas_editadas` (
  `id_detalleAccion` int(11) NOT NULL AUTO_INCREMENT,
  `id_detalle` int(11) NOT NULL DEFAULT 0,
  `precio` decimal(10,2) NOT NULL,
  `unidad_id` int(11) DEFAULT 0,
  `cantidad` int(11) NOT NULL,
  `descuento` int(11) NOT NULL DEFAULT 0,
  `producto_id` int(11) NOT NULL,
  `egreso_id` int(11) NOT NULL,
  `promocion_id` int(11) NOT NULL DEFAULT 0,
  `asignacion_id` int(11) NOT NULL DEFAULT 0,
  `lote` varchar(30) DEFAULT NULL,
  `fecha_registro` date DEFAULT NULL,
  `hora_registro` time DEFAULT NULL,
  `empleado_id_accion` int(11) NOT NULL DEFAULT 0,
  `accion_id` int(11) DEFAULT NULL,
  PRIMARY KEY (`id_detalleAccion`),
  KEY `producto_id` (`producto_id`),
  KEY `egreso_id` (`egreso_id`),
  KEY `asignacion_id` (`asignacion_id`),
  KEY `promocion_id` (`promocion_id`),
  KEY `unidad_id` (`unidad_id`),
  FULLTEXT KEY `lote` (`lote`)
) ENGINE=MyISAM DEFAULT CHARSET=utf8;

-- Volcando datos para la tabla distribucion.inv_egresos_detalles_ventas_editadas: 0 rows
/*!40000 ALTER TABLE `inv_egresos_detalles_ventas_editadas` DISABLE KEYS */;
/*!40000 ALTER TABLE `inv_egresos_detalles_ventas_editadas` ENABLE KEYS */;

-- Volcando estructura para tabla distribucion.inv_egresos_editar_post
CREATE TABLE IF NOT EXISTS `inv_egresos_editar_post` (
  `id_editarPost` int(11) NOT NULL AUTO_INCREMENT,
  `id_egreso` int(11) NOT NULL DEFAULT 0,
  `fecha_egreso` date NOT NULL,
  `hora_egreso` time NOT NULL,
  `tipo` enum('Venta','Traspaso','Baja','Perdida','Devolucion','No venta') CHARACTER SET utf8 COLLATE utf8_unicode_ci NOT NULL,
  `provisionado` enum('N','S') NOT NULL,
  `descripcion` text CHARACTER SET utf8 COLLATE utf8_unicode_ci DEFAULT NULL,
  `nro_factura` bigint(20) NOT NULL DEFAULT 0,
  `nro_autorizacion` varchar(20) CHARACTER SET utf8 COLLATE utf8_unicode_ci NOT NULL DEFAULT '0',
  `codigo_control` varchar(20) CHARACTER SET utf8 COLLATE utf8_unicode_ci DEFAULT '',
  `fecha_limite` date NOT NULL,
  `monto_total` decimal(10,2) NOT NULL DEFAULT 0.00,
  `descuento_porcentaje` int(11) DEFAULT 0,
  `descuento_bs` decimal(20,2) NOT NULL DEFAULT 0.00,
  `monto_total_descuento` decimal(20,2) NOT NULL DEFAULT 0.00,
  `cliente_id` int(11) DEFAULT 0,
  `nombre_cliente` varchar(100) CHARACTER SET utf8 COLLATE utf8_unicode_ci NOT NULL,
  `nit_ci` varchar(20) CHARACTER SET utf8 COLLATE utf8_unicode_ci NOT NULL,
  `nro_registros` int(11) NOT NULL DEFAULT 0,
  `estadoe` int(11) DEFAULT 0,
  `coordenadas` text DEFAULT NULL,
  `observacion` varchar(150) DEFAULT '',
  `dosificacion_id` int(11) NOT NULL DEFAULT 0,
  `almacen_id` int(11) NOT NULL DEFAULT 0,
  `empleado_id` int(11) NOT NULL,
  `motivo_id` int(11) DEFAULT 0,
  `motivo` char(120) DEFAULT NULL,
  `duracion` time DEFAULT '00:00:00',
  `cobrar` varchar(10) DEFAULT '',
  `grupo` varchar(50) DEFAULT '',
  `descripcion_venta` varchar(150) DEFAULT '',
  `ruta_id` int(11) NOT NULL DEFAULT 0,
  `estado` int(11) NOT NULL DEFAULT 0,
  `plan_de_pagos` enum('si','no') NOT NULL DEFAULT 'no',
  `ordenes_salidas_id` int(11) DEFAULT 0,
  `anulado` int(11) NOT NULL DEFAULT 0,
  `factura` enum('Factura','Nota','Ninguno') DEFAULT 'Ninguno',
  `evento` enum('Ninguno','Devuelto') DEFAULT 'Ninguno',
  `fecha_registro` date DEFAULT NULL,
  `hora_registro` time DEFAULT NULL,
  `empleado_id_accion` int(11) NOT NULL DEFAULT 0,
  PRIMARY KEY (`id_editarPost`),
  KEY `cliente_id` (`cliente_id`),
  KEY `dosificacion_id` (`dosificacion_id`),
  KEY `almacen_id` (`almacen_id`),
  KEY `empleado_id` (`empleado_id`),
  KEY `tipo` (`tipo`),
  KEY `provisionado` (`provisionado`),
  KEY `motivo_id` (`motivo_id`),
  KEY `ruta_id` (`ruta_id`),
  KEY `estadoe` (`estadoe`),
  KEY `estado` (`estado`),
  KEY `anulado` (`anulado`),
  KEY `factura` (`factura`),
  KEY `plan_de_pagos` (`plan_de_pagos`),
  KEY `ordenes_salidas_id` (`ordenes_salidas_id`),
  FULLTEXT KEY `nombre_cliente` (`nombre_cliente`),
  FULLTEXT KEY `nit_ci` (`nit_ci`)
) ENGINE=MyISAM DEFAULT CHARSET=utf8;

-- Volcando datos para la tabla distribucion.inv_egresos_editar_post: 0 rows
/*!40000 ALTER TABLE `inv_egresos_editar_post` DISABLE KEYS */;
/*!40000 ALTER TABLE `inv_egresos_editar_post` ENABLE KEYS */;

-- Volcando estructura para tabla distribucion.inv_egresos_editar_previo
CREATE TABLE IF NOT EXISTS `inv_egresos_editar_previo` (
  `id_editarPrevio` int(11) NOT NULL AUTO_INCREMENT,
  `id_egreso` int(11) NOT NULL DEFAULT 0,
  `fecha_egreso` date NOT NULL,
  `hora_egreso` time NOT NULL,
  `tipo` enum('Venta','Traspaso','Baja','Perdida','Devolucion','No venta') CHARACTER SET utf8 COLLATE utf8_unicode_ci NOT NULL,
  `provisionado` enum('N','S') NOT NULL,
  `descripcion` text CHARACTER SET utf8 COLLATE utf8_unicode_ci DEFAULT NULL,
  `nro_factura` bigint(20) NOT NULL DEFAULT 0,
  `nro_autorizacion` varchar(20) CHARACTER SET utf8 COLLATE utf8_unicode_ci NOT NULL DEFAULT '0',
  `codigo_control` varchar(20) CHARACTER SET utf8 COLLATE utf8_unicode_ci DEFAULT '',
  `fecha_limite` date NOT NULL,
  `monto_total` decimal(10,2) NOT NULL DEFAULT 0.00,
  `descuento_porcentaje` int(11) DEFAULT 0,
  `descuento_bs` decimal(20,2) NOT NULL DEFAULT 0.00,
  `monto_total_descuento` decimal(20,2) NOT NULL DEFAULT 0.00,
  `cliente_id` int(11) DEFAULT 0,
  `nombre_cliente` varchar(100) CHARACTER SET utf8 COLLATE utf8_unicode_ci NOT NULL,
  `nit_ci` varchar(20) CHARACTER SET utf8 COLLATE utf8_unicode_ci NOT NULL,
  `nro_registros` int(11) NOT NULL DEFAULT 0,
  `estadoe` int(11) DEFAULT 0,
  `coordenadas` text DEFAULT NULL,
  `observacion` varchar(150) DEFAULT '',
  `dosificacion_id` int(11) NOT NULL DEFAULT 0,
  `almacen_id` int(11) NOT NULL DEFAULT 0,
  `empleado_id` int(11) NOT NULL,
  `motivo_id` int(11) DEFAULT 0,
  `motivo` char(120) DEFAULT NULL,
  `duracion` time DEFAULT '00:00:00',
  `cobrar` varchar(10) DEFAULT '',
  `grupo` varchar(50) DEFAULT '',
  `descripcion_venta` varchar(150) DEFAULT '',
  `ruta_id` int(11) NOT NULL DEFAULT 0,
  `estado` int(11) NOT NULL DEFAULT 0,
  `plan_de_pagos` enum('si','no') NOT NULL DEFAULT 'no',
  `ordenes_salidas_id` int(11) DEFAULT 0,
  `anulado` int(11) NOT NULL DEFAULT 0,
  `factura` enum('Factura','Nota','Ninguno') DEFAULT 'Ninguno',
  `evento` enum('Ninguno','Devuelto') DEFAULT 'Ninguno',
  `fecha_registro` date DEFAULT NULL,
  `hora_registro` time DEFAULT NULL,
  `empleado_id_accion` int(11) NOT NULL DEFAULT 0,
  PRIMARY KEY (`id_editarPrevio`),
  KEY `cliente_id` (`cliente_id`),
  KEY `dosificacion_id` (`dosificacion_id`),
  KEY `almacen_id` (`almacen_id`),
  KEY `empleado_id` (`empleado_id`),
  KEY `tipo` (`tipo`),
  KEY `provisionado` (`provisionado`),
  KEY `motivo_id` (`motivo_id`),
  KEY `ruta_id` (`ruta_id`),
  KEY `estadoe` (`estadoe`),
  KEY `estado` (`estado`),
  KEY `anulado` (`anulado`),
  KEY `factura` (`factura`),
  KEY `plan_de_pagos` (`plan_de_pagos`),
  KEY `ordenes_salidas_id` (`ordenes_salidas_id`),
  FULLTEXT KEY `nombre_cliente` (`nombre_cliente`),
  FULLTEXT KEY `nit_ci` (`nit_ci`)
) ENGINE=MyISAM DEFAULT CHARSET=utf8;

-- Volcando datos para la tabla distribucion.inv_egresos_editar_previo: 0 rows
/*!40000 ALTER TABLE `inv_egresos_editar_previo` DISABLE KEYS */;
/*!40000 ALTER TABLE `inv_egresos_editar_previo` ENABLE KEYS */;

-- Volcando estructura para tabla distribucion.inv_egresos_efectivo
CREATE TABLE IF NOT EXISTS `inv_egresos_efectivo` (
  `id_efectivo` int(11) NOT NULL AUTO_INCREMENT,
  `movimiento_id` int(11) NOT NULL DEFAULT 0,
  `importe_total` decimal(10,3) NOT NULL DEFAULT 0.000,
  `pago_efectivo` decimal(10,3) NOT NULL DEFAULT 0.000,
  `cambio_efectivo` decimal(10,3) NOT NULL DEFAULT 0.000,
  `tipo_movimiento` enum('Egreso','Ingreso') NOT NULL DEFAULT 'Egreso',
  `estado` enum('Pedido','Editado','Cerrado') NOT NULL DEFAULT 'Pedido',
  PRIMARY KEY (`id_efectivo`)
) ENGINE=InnoDB AUTO_INCREMENT=4 DEFAULT CHARSET=utf8;

-- Volcando datos para la tabla distribucion.inv_egresos_efectivo: ~2 rows (aproximadamente)
/*!40000 ALTER TABLE `inv_egresos_efectivo` DISABLE KEYS */;
INSERT INTO `inv_egresos_efectivo` (`id_efectivo`, `movimiento_id`, `importe_total`, `pago_efectivo`, `cambio_efectivo`, `tipo_movimiento`, `estado`) VALUES
	(1, 1, 785.000, 1000.000, 215.000, 'Egreso', 'Pedido'),
	(2, 2, 0.000, 0.000, 0.000, 'Egreso', 'Pedido'),
	(3, 3, 0.000, 0.000, 0.000, 'Egreso', 'Pedido');
/*!40000 ALTER TABLE `inv_egresos_efectivo` ENABLE KEYS */;

-- Volcando estructura para tabla distribucion.inv_egresos_eliminar_post
CREATE TABLE IF NOT EXISTS `inv_egresos_eliminar_post` (
  `id_eliminarPost` int(11) NOT NULL AUTO_INCREMENT,
  `id_egreso` int(11) NOT NULL DEFAULT 0,
  `fecha_egreso` date NOT NULL,
  `hora_egreso` time NOT NULL,
  `tipo` enum('Venta','Traspaso','Baja','Perdida','Devolucion','No venta') CHARACTER SET utf8 COLLATE utf8_unicode_ci NOT NULL,
  `provisionado` enum('N','S') NOT NULL,
  `descripcion` text CHARACTER SET utf8 COLLATE utf8_unicode_ci DEFAULT NULL,
  `nro_factura` varchar(20) NOT NULL DEFAULT '0',
  `nro_autorizacion` varchar(20) CHARACTER SET utf8 COLLATE utf8_unicode_ci NOT NULL DEFAULT '0',
  `codigo_control` varchar(20) CHARACTER SET utf8 COLLATE utf8_unicode_ci DEFAULT '',
  `fecha_limite` date NOT NULL,
  `monto_total` decimal(10,2) NOT NULL DEFAULT 0.00,
  `descuento_porcentaje` int(11) DEFAULT 0,
  `descuento_bs` decimal(20,2) NOT NULL DEFAULT 0.00,
  `monto_total_descuento` decimal(20,2) NOT NULL DEFAULT 0.00,
  `cliente_id` int(11) DEFAULT 0,
  `nombre_cliente` varchar(100) CHARACTER SET utf8 COLLATE utf8_unicode_ci NOT NULL,
  `nit_ci` varchar(20) CHARACTER SET utf8 COLLATE utf8_unicode_ci NOT NULL,
  `nro_registros` int(11) NOT NULL DEFAULT 0,
  `estadoe` int(11) DEFAULT 0,
  `coordenadas` text DEFAULT NULL,
  `observacion` varchar(150) DEFAULT '',
  `dosificacion_id` int(11) NOT NULL DEFAULT 0,
  `almacen_id` int(11) NOT NULL DEFAULT 0,
  `empleado_id` int(11) NOT NULL,
  `motivo_id` int(11) DEFAULT 0,
  `motivo` char(120) DEFAULT NULL,
  `duracion` time DEFAULT '00:00:00',
  `cobrar` varchar(10) DEFAULT '',
  `grupo` varchar(50) DEFAULT '',
  `descripcion_venta` varchar(150) DEFAULT '',
  `ruta_id` int(11) NOT NULL DEFAULT 0,
  `estado` int(11) NOT NULL DEFAULT 0,
  `plan_de_pagos` enum('si','no') NOT NULL DEFAULT 'no',
  `ordenes_salidas_id` int(11) DEFAULT 0,
  `anulado` int(11) NOT NULL DEFAULT 0,
  `factura` enum('Factura','Nota','Ninguno') DEFAULT 'Ninguno',
  `evento` enum('Ninguno','Devuelto') DEFAULT 'Ninguno',
  `fecha_registro` date DEFAULT NULL,
  `hora_registro` time DEFAULT NULL,
  `empleado_id_accion` int(11) NOT NULL DEFAULT 0,
  PRIMARY KEY (`id_eliminarPost`),
  KEY `cliente_id` (`cliente_id`),
  KEY `dosificacion_id` (`dosificacion_id`),
  KEY `almacen_id` (`almacen_id`),
  KEY `empleado_id` (`empleado_id`),
  KEY `tipo` (`tipo`),
  KEY `provisionado` (`provisionado`),
  KEY `motivo_id` (`motivo_id`),
  KEY `ruta_id` (`ruta_id`),
  KEY `estadoe` (`estadoe`),
  KEY `estado` (`estado`),
  KEY `anulado` (`anulado`),
  KEY `factura` (`factura`),
  KEY `plan_de_pagos` (`plan_de_pagos`),
  KEY `ordenes_salidas_id` (`ordenes_salidas_id`),
  FULLTEXT KEY `nombre_cliente` (`nombre_cliente`),
  FULLTEXT KEY `nit_ci` (`nit_ci`)
) ENGINE=MyISAM DEFAULT CHARSET=utf8;

-- Volcando datos para la tabla distribucion.inv_egresos_eliminar_post: 0 rows
/*!40000 ALTER TABLE `inv_egresos_eliminar_post` DISABLE KEYS */;
/*!40000 ALTER TABLE `inv_egresos_eliminar_post` ENABLE KEYS */;

-- Volcando estructura para tabla distribucion.inv_egresos_eliminar_previo
CREATE TABLE IF NOT EXISTS `inv_egresos_eliminar_previo` (
  `id_eliminarPrevio` int(11) NOT NULL AUTO_INCREMENT,
  `id_egreso` int(11) NOT NULL DEFAULT 0,
  `fecha_egreso` date NOT NULL,
  `hora_egreso` time NOT NULL,
  `tipo` enum('Venta','Traspaso','Baja','Perdida','Devolucion','No venta') CHARACTER SET utf8 COLLATE utf8_unicode_ci NOT NULL,
  `provisionado` enum('N','S') NOT NULL,
  `descripcion` text CHARACTER SET utf8 COLLATE utf8_unicode_ci DEFAULT NULL,
  `nro_factura` varchar(20) NOT NULL DEFAULT '0',
  `nro_autorizacion` varchar(20) CHARACTER SET utf8 COLLATE utf8_unicode_ci NOT NULL DEFAULT '0',
  `codigo_control` varchar(20) CHARACTER SET utf8 COLLATE utf8_unicode_ci DEFAULT '',
  `fecha_limite` date NOT NULL,
  `monto_total` decimal(10,2) NOT NULL DEFAULT 0.00,
  `descuento_porcentaje` int(11) DEFAULT 0,
  `descuento_bs` decimal(20,2) NOT NULL DEFAULT 0.00,
  `monto_total_descuento` decimal(20,2) NOT NULL DEFAULT 0.00,
  `cliente_id` int(11) DEFAULT 0,
  `nombre_cliente` varchar(100) CHARACTER SET utf8 COLLATE utf8_unicode_ci NOT NULL,
  `nit_ci` varchar(20) CHARACTER SET utf8 COLLATE utf8_unicode_ci NOT NULL,
  `nro_registros` int(11) NOT NULL DEFAULT 0,
  `estadoe` int(11) DEFAULT 0,
  `coordenadas` text DEFAULT NULL,
  `observacion` varchar(150) DEFAULT '',
  `dosificacion_id` int(11) NOT NULL DEFAULT 0,
  `almacen_id` int(11) NOT NULL DEFAULT 0,
  `empleado_id` int(11) NOT NULL,
  `motivo_id` int(11) DEFAULT 0,
  `motivo` char(120) DEFAULT NULL,
  `duracion` time DEFAULT '00:00:00',
  `cobrar` varchar(10) DEFAULT '',
  `grupo` varchar(50) DEFAULT '',
  `descripcion_venta` varchar(150) DEFAULT '',
  `ruta_id` int(11) NOT NULL DEFAULT 0,
  `estado` int(11) NOT NULL DEFAULT 0,
  `plan_de_pagos` enum('si','no') NOT NULL DEFAULT 'no',
  `ordenes_salidas_id` int(11) DEFAULT 0,
  `anulado` int(11) NOT NULL DEFAULT 0,
  `factura` enum('Factura','Nota','Ninguno') DEFAULT 'Ninguno',
  `evento` enum('Ninguno','Devuelto') DEFAULT 'Ninguno',
  `fecha_registro` date DEFAULT NULL,
  `hora_registro` time DEFAULT NULL,
  `empleado_id_accion` int(11) NOT NULL DEFAULT 0,
  PRIMARY KEY (`id_eliminarPrevio`),
  KEY `cliente_id` (`cliente_id`),
  KEY `dosificacion_id` (`dosificacion_id`),
  KEY `almacen_id` (`almacen_id`),
  KEY `empleado_id` (`empleado_id`),
  KEY `tipo` (`tipo`),
  KEY `provisionado` (`provisionado`),
  KEY `motivo_id` (`motivo_id`),
  KEY `ruta_id` (`ruta_id`),
  KEY `estadoe` (`estadoe`),
  KEY `estado` (`estado`),
  KEY `anulado` (`anulado`),
  KEY `factura` (`factura`),
  KEY `plan_de_pagos` (`plan_de_pagos`),
  KEY `ordenes_salidas_id` (`ordenes_salidas_id`),
  FULLTEXT KEY `nombre_cliente` (`nombre_cliente`),
  FULLTEXT KEY `nit_ci` (`nit_ci`)
) ENGINE=MyISAM DEFAULT CHARSET=utf8;

-- Volcando datos para la tabla distribucion.inv_egresos_eliminar_previo: 0 rows
/*!40000 ALTER TABLE `inv_egresos_eliminar_previo` DISABLE KEYS */;
/*!40000 ALTER TABLE `inv_egresos_eliminar_previo` ENABLE KEYS */;

-- Volcando estructura para tabla distribucion.inv_egresos_entregas
CREATE TABLE IF NOT EXISTS `inv_egresos_entregas` (
  `id_entrega` int(11) NOT NULL AUTO_INCREMENT,
  `id_egreso` int(11) NOT NULL DEFAULT 0,
  `fecha_egreso` date DEFAULT NULL,
  `hora_egreso` time NOT NULL,
  `tipo` enum('Venta','Traspaso','Baja','Perdida','Devolucion','No venta') CHARACTER SET utf8 COLLATE utf8_unicode_ci NOT NULL,
  `provisionado` enum('N','S') NOT NULL,
  `descripcion` text CHARACTER SET utf8 COLLATE utf8_unicode_ci DEFAULT NULL,
  `nro_factura` varchar(20) NOT NULL DEFAULT '0',
  `nro_autorizacion` varchar(20) CHARACTER SET utf8 COLLATE utf8_unicode_ci NOT NULL DEFAULT '0',
  `codigo_control` varchar(20) CHARACTER SET utf8 COLLATE utf8_unicode_ci DEFAULT '',
  `fecha_limite` date NOT NULL,
  `monto_total` decimal(10,2) NOT NULL DEFAULT 0.00,
  `descuento_porcentaje` int(11) DEFAULT 0,
  `descuento_bs` decimal(20,2) NOT NULL DEFAULT 0.00,
  `monto_total_descuento` decimal(20,2) NOT NULL DEFAULT 0.00,
  `cliente_id` int(11) DEFAULT 0,
  `nombre_cliente` varchar(100) CHARACTER SET utf8 COLLATE utf8_unicode_ci NOT NULL,
  `nit_ci` varchar(20) CHARACTER SET utf8 COLLATE utf8_unicode_ci NOT NULL,
  `nro_registros` int(11) NOT NULL DEFAULT 0,
  `estadoe` int(11) DEFAULT 0,
  `coordenadas` text DEFAULT NULL,
  `observacion` varchar(150) DEFAULT '',
  `dosificacion_id` int(11) NOT NULL DEFAULT 0,
  `almacen_id` int(11) NOT NULL DEFAULT 0,
  `empleado_id` int(11) NOT NULL,
  `motivo_id` int(11) DEFAULT 0,
  `motivo` char(120) DEFAULT NULL,
  `duracion` time DEFAULT '00:00:00',
  `cobrar` varchar(10) DEFAULT '',
  `grupo` varchar(50) DEFAULT '',
  `descripcion_venta` varchar(150) DEFAULT '',
  `ruta_id` int(11) NOT NULL DEFAULT 0,
  `estado` int(11) NOT NULL DEFAULT 0,
  `plan_de_pagos` enum('si','no') NOT NULL DEFAULT 'no',
  `ordenes_salidas_id` int(11) DEFAULT 0,
  `anulado` int(11) NOT NULL DEFAULT 0,
  `factura` enum('Factura','Nota','Ninguno') DEFAULT 'Ninguno',
  `evento` enum('Ninguno','Devuelto') DEFAULT 'Ninguno',
  `fecha_registro` date DEFAULT NULL,
  `hora_registro` time DEFAULT NULL,
  `empleado_id_accion` int(11) NOT NULL DEFAULT 0,
  PRIMARY KEY (`id_entrega`),
  KEY `cliente_id` (`cliente_id`),
  KEY `dosificacion_id` (`dosificacion_id`),
  KEY `almacen_id` (`almacen_id`),
  KEY `empleado_id` (`empleado_id`),
  KEY `tipo` (`tipo`),
  KEY `provisionado` (`provisionado`),
  KEY `motivo_id` (`motivo_id`),
  KEY `ruta_id` (`ruta_id`),
  KEY `estadoe` (`estadoe`),
  KEY `estado` (`estado`),
  KEY `anulado` (`anulado`),
  KEY `factura` (`factura`),
  KEY `plan_de_pagos` (`plan_de_pagos`),
  KEY `ordenes_salidas_id` (`ordenes_salidas_id`),
  FULLTEXT KEY `nombre_cliente` (`nombre_cliente`),
  FULLTEXT KEY `nit_ci` (`nit_ci`)
) ENGINE=MyISAM DEFAULT CHARSET=utf8;

-- Volcando datos para la tabla distribucion.inv_egresos_entregas: 0 rows
/*!40000 ALTER TABLE `inv_egresos_entregas` DISABLE KEYS */;
/*!40000 ALTER TABLE `inv_egresos_entregas` ENABLE KEYS */;

-- Volcando estructura para tabla distribucion.inv_egresos_inicio
CREATE TABLE IF NOT EXISTS `inv_egresos_inicio` (
  `id_inicio` int(11) NOT NULL AUTO_INCREMENT,
  `id_egreso` int(11) NOT NULL DEFAULT 0,
  `fecha_egreso` date DEFAULT NULL,
  `hora_egreso` time NOT NULL,
  `tipo` enum('Venta','Traspaso','Baja','Perdida','Devolucion','No venta') CHARACTER SET utf8 COLLATE utf8_unicode_ci NOT NULL,
  `provisionado` enum('N','S') NOT NULL,
  `descripcion` text CHARACTER SET utf8 COLLATE utf8_unicode_ci DEFAULT NULL,
  `nro_factura` varchar(20) NOT NULL DEFAULT '0',
  `nro_autorizacion` varchar(20) CHARACTER SET utf8 COLLATE utf8_unicode_ci NOT NULL DEFAULT '0',
  `codigo_control` varchar(20) CHARACTER SET utf8 COLLATE utf8_unicode_ci DEFAULT '',
  `fecha_limite` date NOT NULL,
  `monto_total` decimal(10,2) NOT NULL DEFAULT 0.00,
  `descuento_porcentaje` int(11) DEFAULT 0,
  `descuento_bs` decimal(20,2) NOT NULL DEFAULT 0.00,
  `monto_total_descuento` decimal(20,2) NOT NULL DEFAULT 0.00,
  `cliente_id` int(11) DEFAULT 0,
  `nombre_cliente` varchar(100) CHARACTER SET utf8 COLLATE utf8_unicode_ci NOT NULL,
  `nit_ci` varchar(20) CHARACTER SET utf8 COLLATE utf8_unicode_ci NOT NULL,
  `nro_registros` int(11) NOT NULL DEFAULT 0,
  `estadoe` int(11) DEFAULT 0,
  `coordenadas` text DEFAULT NULL,
  `observacion` varchar(150) DEFAULT '',
  `dosificacion_id` int(11) NOT NULL DEFAULT 0,
  `almacen_id` int(11) NOT NULL DEFAULT 0,
  `empleado_id` int(11) NOT NULL,
  `motivo_id` int(11) DEFAULT 0,
  `motivo` char(120) DEFAULT NULL,
  `duracion` time DEFAULT '00:00:00',
  `cobrar` varchar(10) DEFAULT '',
  `grupo` varchar(50) DEFAULT '',
  `descripcion_venta` varchar(150) DEFAULT '',
  `ruta_id` int(11) NOT NULL DEFAULT 0,
  `estado` int(11) NOT NULL DEFAULT 0,
  `plan_de_pagos` enum('si','no') NOT NULL DEFAULT 'no',
  `ordenes_salidas_id` int(11) DEFAULT 0,
  `anulado` int(11) NOT NULL DEFAULT 0,
  `factura` enum('Factura','Nota','Ninguno') DEFAULT 'Ninguno',
  `evento` enum('Ninguno','Devuelto') DEFAULT 'Ninguno',
  `fecha_registro` date DEFAULT NULL,
  `hora_registro` time DEFAULT NULL,
  `empleado_id_accion` int(11) NOT NULL DEFAULT 0,
  `estado_vendedor` enum('Abierto','Cerrado') NOT NULL DEFAULT 'Abierto',
  PRIMARY KEY (`id_inicio`),
  KEY `cliente_id` (`cliente_id`),
  KEY `dosificacion_id` (`dosificacion_id`),
  KEY `almacen_id` (`almacen_id`),
  KEY `empleado_id` (`empleado_id`),
  KEY `tipo` (`tipo`),
  KEY `provisionado` (`provisionado`),
  KEY `motivo_id` (`motivo_id`),
  KEY `ruta_id` (`ruta_id`),
  KEY `estadoe` (`estadoe`),
  KEY `estado` (`estado`),
  KEY `anulado` (`anulado`),
  KEY `factura` (`factura`),
  KEY `plan_de_pagos` (`plan_de_pagos`),
  KEY `ordenes_salidas_id` (`ordenes_salidas_id`),
  FULLTEXT KEY `nombre_cliente` (`nombre_cliente`),
  FULLTEXT KEY `nit_ci` (`nit_ci`)
) ENGINE=MyISAM DEFAULT CHARSET=utf8;

-- Volcando datos para la tabla distribucion.inv_egresos_inicio: 0 rows
/*!40000 ALTER TABLE `inv_egresos_inicio` DISABLE KEYS */;
/*!40000 ALTER TABLE `inv_egresos_inicio` ENABLE KEYS */;

-- Volcando estructura para tabla distribucion.inv_egresos_noentregas
CREATE TABLE IF NOT EXISTS `inv_egresos_noentregas` (
  `id_inicio` int(11) NOT NULL AUTO_INCREMENT,
  `id_egreso` int(11) NOT NULL DEFAULT 0,
  `fecha_egreso` date DEFAULT NULL,
  `hora_egreso` time NOT NULL,
  `tipo` enum('Venta','Traspaso','Baja','Perdida','Devolucion','No venta') CHARACTER SET utf8 COLLATE utf8_unicode_ci NOT NULL,
  `provisionado` enum('N','S') NOT NULL,
  `descripcion` text CHARACTER SET utf8 COLLATE utf8_unicode_ci DEFAULT NULL,
  `nro_factura` varchar(20) NOT NULL DEFAULT '0',
  `nro_autorizacion` varchar(20) CHARACTER SET utf8 COLLATE utf8_unicode_ci NOT NULL DEFAULT '0',
  `codigo_control` varchar(20) CHARACTER SET utf8 COLLATE utf8_unicode_ci DEFAULT '',
  `fecha_limite` date NOT NULL,
  `monto_total` decimal(10,2) NOT NULL DEFAULT 0.00,
  `descuento_porcentaje` int(11) DEFAULT 0,
  `descuento_bs` decimal(20,2) NOT NULL DEFAULT 0.00,
  `monto_total_descuento` decimal(20,2) NOT NULL DEFAULT 0.00,
  `cliente_id` int(11) DEFAULT 0,
  `nombre_cliente` varchar(100) CHARACTER SET utf8 COLLATE utf8_unicode_ci NOT NULL,
  `nit_ci` varchar(20) CHARACTER SET utf8 COLLATE utf8_unicode_ci NOT NULL,
  `nro_registros` int(11) NOT NULL DEFAULT 0,
  `estadoe` int(11) DEFAULT 0,
  `coordenadas` text DEFAULT NULL,
  `observacion` varchar(150) DEFAULT '',
  `dosificacion_id` int(11) NOT NULL DEFAULT 0,
  `almacen_id` int(11) NOT NULL DEFAULT 0,
  `empleado_id` int(11) NOT NULL,
  `motivo_id` int(11) DEFAULT 0,
  `motivo` char(120) DEFAULT NULL,
  `duracion` time DEFAULT '00:00:00',
  `cobrar` varchar(10) DEFAULT '',
  `grupo` varchar(50) DEFAULT '',
  `descripcion_venta` varchar(150) DEFAULT '',
  `ruta_id` int(11) NOT NULL DEFAULT 0,
  `estado` int(11) NOT NULL DEFAULT 0,
  `plan_de_pagos` enum('si','no') NOT NULL DEFAULT 'no',
  `ordenes_salidas_id` int(11) DEFAULT 0,
  `anulado` int(11) NOT NULL DEFAULT 0,
  `factura` enum('Factura','Nota','Ninguno') DEFAULT 'Ninguno',
  `evento` enum('Ninguno','Devuelto') DEFAULT 'Ninguno',
  `fecha_registro` date DEFAULT NULL,
  `hora_registro` time DEFAULT NULL,
  `empleado_id_accion` int(11) NOT NULL DEFAULT 0,
  PRIMARY KEY (`id_inicio`),
  KEY `cliente_id` (`cliente_id`),
  KEY `dosificacion_id` (`dosificacion_id`),
  KEY `almacen_id` (`almacen_id`),
  KEY `empleado_id` (`empleado_id`),
  KEY `tipo` (`tipo`),
  KEY `provisionado` (`provisionado`),
  KEY `motivo_id` (`motivo_id`),
  KEY `ruta_id` (`ruta_id`),
  KEY `estadoe` (`estadoe`),
  KEY `estado` (`estado`),
  KEY `anulado` (`anulado`),
  KEY `factura` (`factura`),
  KEY `plan_de_pagos` (`plan_de_pagos`),
  KEY `ordenes_salidas_id` (`ordenes_salidas_id`),
  KEY `empleado_id_accion` (`empleado_id_accion`),
  FULLTEXT KEY `nombre_cliente` (`nombre_cliente`),
  FULLTEXT KEY `nit_ci` (`nit_ci`)
) ENGINE=MyISAM DEFAULT CHARSET=utf8;

-- Volcando datos para la tabla distribucion.inv_egresos_noentregas: 0 rows
/*!40000 ALTER TABLE `inv_egresos_noentregas` DISABLE KEYS */;
/*!40000 ALTER TABLE `inv_egresos_noentregas` ENABLE KEYS */;

-- Volcando estructura para tabla distribucion.inv_egresos_noventas
CREATE TABLE IF NOT EXISTS `inv_egresos_noventas` (
  `id_inicio` int(11) NOT NULL AUTO_INCREMENT,
  `id_egreso` int(11) NOT NULL DEFAULT 0,
  `fecha_egreso` date DEFAULT NULL,
  `hora_egreso` time NOT NULL,
  `tipo` enum('Venta','Traspaso','Baja','Perdida','Devolucion','No venta') CHARACTER SET utf8 COLLATE utf8_unicode_ci NOT NULL,
  `provisionado` enum('N','S') NOT NULL,
  `descripcion` text CHARACTER SET utf8 COLLATE utf8_unicode_ci DEFAULT NULL,
  `nro_factura` varchar(20) NOT NULL DEFAULT '0',
  `nro_autorizacion` varchar(20) CHARACTER SET utf8 COLLATE utf8_unicode_ci NOT NULL DEFAULT '0',
  `codigo_control` varchar(20) CHARACTER SET utf8 COLLATE utf8_unicode_ci DEFAULT '',
  `fecha_limite` date NOT NULL,
  `monto_total` decimal(10,2) NOT NULL DEFAULT 0.00,
  `descuento_porcentaje` int(11) DEFAULT 0,
  `descuento_bs` decimal(20,2) NOT NULL DEFAULT 0.00,
  `monto_total_descuento` decimal(20,2) NOT NULL DEFAULT 0.00,
  `cliente_id` int(11) DEFAULT 0,
  `nombre_cliente` varchar(100) CHARACTER SET utf8 COLLATE utf8_unicode_ci NOT NULL,
  `nit_ci` varchar(20) CHARACTER SET utf8 COLLATE utf8_unicode_ci NOT NULL,
  `nro_registros` int(11) NOT NULL DEFAULT 0,
  `estadoe` int(11) DEFAULT 0,
  `coordenadas` text DEFAULT NULL,
  `observacion` varchar(150) DEFAULT '',
  `dosificacion_id` int(11) NOT NULL DEFAULT 0,
  `almacen_id` int(11) NOT NULL DEFAULT 0,
  `empleado_id` int(11) NOT NULL,
  `motivo_id` int(11) DEFAULT 0,
  `motivo` char(120) DEFAULT NULL,
  `duracion` time DEFAULT '00:00:00',
  `cobrar` varchar(10) DEFAULT '',
  `grupo` varchar(50) DEFAULT '',
  `descripcion_venta` varchar(150) DEFAULT '',
  `ruta_id` int(11) NOT NULL DEFAULT 0,
  `estado` int(11) NOT NULL DEFAULT 0,
  `plan_de_pagos` enum('si','no') NOT NULL DEFAULT 'no',
  `ordenes_salidas_id` int(11) DEFAULT 0,
  `anulado` int(11) NOT NULL DEFAULT 0,
  `factura` enum('Factura','Nota','Ninguno') DEFAULT 'Ninguno',
  `evento` enum('Ninguno','Devuelto') DEFAULT 'Ninguno',
  `fecha_registro` date DEFAULT NULL,
  `hora_registro` time DEFAULT NULL,
  `empleado_id_accion` int(11) NOT NULL DEFAULT 0,
  PRIMARY KEY (`id_inicio`),
  KEY `cliente_id` (`cliente_id`),
  KEY `dosificacion_id` (`dosificacion_id`),
  KEY `almacen_id` (`almacen_id`),
  KEY `empleado_id` (`empleado_id`),
  KEY `tipo` (`tipo`),
  KEY `provisionado` (`provisionado`),
  KEY `motivo_id` (`motivo_id`),
  KEY `ruta_id` (`ruta_id`),
  KEY `estadoe` (`estadoe`),
  KEY `estado` (`estado`),
  KEY `anulado` (`anulado`),
  KEY `factura` (`factura`),
  KEY `plan_de_pagos` (`plan_de_pagos`),
  KEY `ordenes_salidas_id` (`ordenes_salidas_id`),
  FULLTEXT KEY `nombre_cliente` (`nombre_cliente`),
  FULLTEXT KEY `nit_ci` (`nit_ci`)
) ENGINE=MyISAM DEFAULT CHARSET=utf8;

-- Volcando datos para la tabla distribucion.inv_egresos_noventas: 0 rows
/*!40000 ALTER TABLE `inv_egresos_noventas` DISABLE KEYS */;
/*!40000 ALTER TABLE `inv_egresos_noventas` ENABLE KEYS */;

-- Volcando estructura para tabla distribucion.inv_egresos_ventas_editadas
CREATE TABLE IF NOT EXISTS `inv_egresos_ventas_editadas` (
  `id_inicio` int(11) NOT NULL AUTO_INCREMENT,
  `id_egreso` int(11) NOT NULL DEFAULT 0,
  `fecha_egreso` date DEFAULT NULL,
  `hora_egreso` time NOT NULL,
  `tipo` enum('Venta','Traspaso','Baja','Perdida','Devolucion','No venta') CHARACTER SET utf8 COLLATE utf8_unicode_ci NOT NULL,
  `provisionado` enum('N','S') NOT NULL,
  `descripcion` text CHARACTER SET utf8 COLLATE utf8_unicode_ci DEFAULT NULL,
  `nro_factura` varchar(20) NOT NULL DEFAULT '0',
  `nro_autorizacion` varchar(20) CHARACTER SET utf8 COLLATE utf8_unicode_ci NOT NULL DEFAULT '0',
  `codigo_control` varchar(20) CHARACTER SET utf8 COLLATE utf8_unicode_ci DEFAULT '',
  `fecha_limite` date NOT NULL,
  `monto_total` decimal(10,2) NOT NULL DEFAULT 0.00,
  `descuento_porcentaje` int(11) DEFAULT 0,
  `descuento_bs` decimal(20,2) NOT NULL DEFAULT 0.00,
  `monto_total_descuento` decimal(20,2) NOT NULL DEFAULT 0.00,
  `cliente_id` int(11) DEFAULT 0,
  `nombre_cliente` varchar(100) CHARACTER SET utf8 COLLATE utf8_unicode_ci NOT NULL,
  `nit_ci` varchar(20) CHARACTER SET utf8 COLLATE utf8_unicode_ci NOT NULL,
  `nro_registros` int(11) NOT NULL DEFAULT 0,
  `estadoe` int(11) DEFAULT 0,
  `coordenadas` text DEFAULT NULL,
  `observacion` varchar(150) DEFAULT '',
  `dosificacion_id` int(11) NOT NULL DEFAULT 0,
  `almacen_id` int(11) NOT NULL DEFAULT 0,
  `empleado_id` int(11) NOT NULL,
  `motivo_id` int(11) DEFAULT 0,
  `motivo` char(120) DEFAULT NULL,
  `duracion` time DEFAULT '00:00:00',
  `cobrar` varchar(10) DEFAULT '',
  `grupo` varchar(50) DEFAULT '',
  `descripcion_venta` varchar(150) DEFAULT '',
  `ruta_id` int(11) NOT NULL DEFAULT 0,
  `estado` int(11) NOT NULL DEFAULT 0,
  `plan_de_pagos` enum('si','no') NOT NULL DEFAULT 'no',
  `ordenes_salidas_id` int(11) DEFAULT 0,
  `anulado` int(11) NOT NULL DEFAULT 0,
  `factura` enum('Factura','Nota','Ninguno') DEFAULT 'Ninguno',
  `evento` enum('Ninguno','Devuelto') DEFAULT 'Ninguno',
  `fecha_registro` date DEFAULT NULL,
  `hora_registro` time DEFAULT NULL,
  `empleado_id_accion` int(11) NOT NULL DEFAULT 0,
  PRIMARY KEY (`id_inicio`),
  KEY `cliente_id` (`cliente_id`),
  KEY `dosificacion_id` (`dosificacion_id`),
  KEY `almacen_id` (`almacen_id`),
  KEY `empleado_id` (`empleado_id`),
  KEY `tipo` (`tipo`),
  KEY `provisionado` (`provisionado`),
  KEY `motivo_id` (`motivo_id`),
  KEY `ruta_id` (`ruta_id`),
  KEY `estadoe` (`estadoe`),
  KEY `estado` (`estado`),
  KEY `anulado` (`anulado`),
  KEY `factura` (`factura`),
  KEY `plan_de_pagos` (`plan_de_pagos`),
  KEY `ordenes_salidas_id` (`ordenes_salidas_id`),
  FULLTEXT KEY `nombre_cliente` (`nombre_cliente`),
  FULLTEXT KEY `nit_ci` (`nit_ci`)
) ENGINE=MyISAM DEFAULT CHARSET=utf8;

-- Volcando datos para la tabla distribucion.inv_egresos_ventas_editadas: 0 rows
/*!40000 ALTER TABLE `inv_egresos_ventas_editadas` DISABLE KEYS */;
/*!40000 ALTER TABLE `inv_egresos_ventas_editadas` ENABLE KEYS */;

-- Volcando estructura para tabla distribucion.inv_importacion
CREATE TABLE IF NOT EXISTS `inv_importacion` (
  `id_importacion` int(11) NOT NULL AUTO_INCREMENT,
  `fecha_inicio` datetime DEFAULT NULL,
  `fecha_final` datetime DEFAULT NULL,
  `total` decimal(10,2) DEFAULT NULL,
  `total_gastos` decimal(11,2) DEFAULT 0.00,
  `total_costo` decimal(10,2) DEFAULT 0.00,
  `descripcion` tinytext DEFAULT NULL,
  `estado` enum('activo','inactivo') DEFAULT 'activo',
  `nro_registros` int(11) DEFAULT NULL,
  `id_proveedor` varchar(50) DEFAULT NULL,
  `almacen_id` int(11) DEFAULT NULL,
  `empleado_id` int(11) DEFAULT NULL,
  `etapa` enum('preparacion','concluido') NOT NULL,
  `ingreso_id` int(11) DEFAULT NULL,
  `fecha_factura` date NOT NULL DEFAULT '0000-00-00',
  `nro_factura` varchar(20) NOT NULL DEFAULT '',
  `nro_correlativo` int(11) NOT NULL,
  PRIMARY KEY (`id_importacion`),
  KEY `id_proveedor` (`id_proveedor`,`almacen_id`,`empleado_id`,`ingreso_id`)
) ENGINE=InnoDB AUTO_INCREMENT=38 DEFAULT CHARSET=utf8mb4;

-- Volcando datos para la tabla distribucion.inv_importacion: ~0 rows (aproximadamente)
/*!40000 ALTER TABLE `inv_importacion` DISABLE KEYS */;
/*!40000 ALTER TABLE `inv_importacion` ENABLE KEYS */;

-- Volcando estructura para tabla distribucion.inv_importacion_gasto
CREATE TABLE IF NOT EXISTS `inv_importacion_gasto` (
  `id_importacion_gasto` int(11) NOT NULL AUTO_INCREMENT,
  `nombre` varchar(100) DEFAULT NULL,
  `codigo` varchar(100) DEFAULT NULL,
  `fecha` datetime DEFAULT NULL,
  `total` decimal(10,2) DEFAULT NULL,
  `total_gasto` decimal(10,2) DEFAULT NULL,
  `tipo_pago` varchar(100) DEFAULT NULL,
  `pago` decimal(10,2) DEFAULT NULL,
  `estado` enum('activo','inactivo') DEFAULT 'activo',
  `importacion_id` int(11) DEFAULT NULL,
  `empleado_id` int(11) DEFAULT NULL,
  `proveedor_id` int(11) NOT NULL DEFAULT 0,
  PRIMARY KEY (`id_importacion_gasto`),
  KEY `importacion_id` (`importacion_id`,`empleado_id`,`proveedor_id`)
) ENGINE=InnoDB AUTO_INCREMENT=54 DEFAULT CHARSET=utf8mb4;

-- Volcando datos para la tabla distribucion.inv_importacion_gasto: ~0 rows (aproximadamente)
/*!40000 ALTER TABLE `inv_importacion_gasto` DISABLE KEYS */;
/*!40000 ALTER TABLE `inv_importacion_gasto` ENABLE KEYS */;

-- Volcando estructura para tabla distribucion.inv_importacion_gasto_detalle
CREATE TABLE IF NOT EXISTS `inv_importacion_gasto_detalle` (
  `id_importacion_gasto_detalle` int(11) NOT NULL AUTO_INCREMENT,
  `gasto` varchar(100) DEFAULT NULL,
  `factura` varchar(50) DEFAULT NULL,
  `costo_anadido` decimal(10,2) DEFAULT NULL,
  `costo` decimal(10,2) DEFAULT NULL,
  `gastos_id` int(11) DEFAULT 0,
  `importacion_gasto_id` int(11) DEFAULT 0,
  PRIMARY KEY (`id_importacion_gasto_detalle`),
  KEY `gastos_id` (`gastos_id`,`importacion_gasto_id`)
) ENGINE=InnoDB AUTO_INCREMENT=240 DEFAULT CHARSET=utf8mb4;

-- Volcando datos para la tabla distribucion.inv_importacion_gasto_detalle: ~0 rows (aproximadamente)
/*!40000 ALTER TABLE `inv_importacion_gasto_detalle` DISABLE KEYS */;
/*!40000 ALTER TABLE `inv_importacion_gasto_detalle` ENABLE KEYS */;

-- Volcando estructura para tabla distribucion.inv_importacion_pagos
CREATE TABLE IF NOT EXISTS `inv_importacion_pagos` (
  `id_importacion_pagos` int(11) NOT NULL AUTO_INCREMENT,
  `fecha` datetime DEFAULT NULL,
  `monto` decimal(10,2) DEFAULT NULL,
  `forma_pago` char(25) DEFAULT NULL,
  `comprobante` char(15) DEFAULT NULL,
  `importacion_gasto_id` int(11) DEFAULT NULL,
  `empleado_id` int(11) DEFAULT NULL,
  PRIMARY KEY (`id_importacion_pagos`),
  KEY `importacion_gasto_id` (`importacion_gasto_id`,`empleado_id`)
) ENGINE=InnoDB AUTO_INCREMENT=53 DEFAULT CHARSET=utf8mb4;

-- Volcando datos para la tabla distribucion.inv_importacion_pagos: ~0 rows (aproximadamente)
/*!40000 ALTER TABLE `inv_importacion_pagos` DISABLE KEYS */;
/*!40000 ALTER TABLE `inv_importacion_pagos` ENABLE KEYS */;

-- Volcando estructura para tabla distribucion.inv_ingresos
CREATE TABLE IF NOT EXISTS `inv_ingresos` (
  `id_ingreso` int(11) NOT NULL AUTO_INCREMENT,
  `fecha_ingreso` date NOT NULL DEFAULT '0000-00-00',
  `hora_ingreso` time DEFAULT '00:00:00',
  `tipo` enum('Compra','Traspaso') CHARACTER SET utf8 COLLATE utf8_unicode_ci NOT NULL,
  `descripcion` text CHARACTER SET utf8 COLLATE utf8_unicode_ci NOT NULL,
  `monto_total` decimal(10,2) DEFAULT 0.00,
  `descuento` int(11) NOT NULL DEFAULT 0,
  `monto_total_descuento` decimal(20,0) NOT NULL DEFAULT 0,
  `nombre_proveedor` varchar(200) NOT NULL,
  `nro_registros` int(11) DEFAULT 0,
  `almacen_id` int(11) NOT NULL,
  `empleado_id` int(11) NOT NULL DEFAULT 0,
  `transitorio` int(11) NOT NULL DEFAULT 0,
  `des_transitorio` varchar(150) NOT NULL DEFAULT '0',
  `plan_de_pagos` enum('si','no') NOT NULL DEFAULT 'no',
  `proveedor_id` int(3) NOT NULL DEFAULT 0,
  PRIMARY KEY (`id_ingreso`),
  KEY `almacen_id` (`almacen_id`),
  KEY `empleado_id` (`empleado_id`),
  KEY `tipo` (`tipo`),
  KEY `proveedor_id` (`proveedor_id`),
  KEY `plan_de_pagos` (`plan_de_pagos`),
  FULLTEXT KEY `nombre_proveedor` (`nombre_proveedor`)
) ENGINE=MyISAM AUTO_INCREMENT=7 DEFAULT CHARSET=utf8;

-- Volcando datos para la tabla distribucion.inv_ingresos: 6 rows
/*!40000 ALTER TABLE `inv_ingresos` DISABLE KEYS */;
INSERT INTO `inv_ingresos` (`id_ingreso`, `fecha_ingreso`, `hora_ingreso`, `tipo`, `descripcion`, `monto_total`, `descuento`, `monto_total_descuento`, `nombre_proveedor`, `nro_registros`, `almacen_id`, `empleado_id`, `transitorio`, `des_transitorio`, `plan_de_pagos`, `proveedor_id`) VALUES
	(1, '2022-11-01', '15:28:47', 'Compra', '', 1500.00, 0, 0, 'PROVEEEDOR DE PRUEBA', 1, 22, 1, 0, '', 'no', 376),
	(2, '2022-11-11', '21:06:49', 'Compra', '', 910.00, 0, 0, 'PROVEEEDOR DE PRUEBA', 3, 22, 1, 0, '', 'no', 376),
	(3, '2022-11-11', '21:13:21', 'Compra', '', 668.00, 0, 0, 'PROVEEEDOR DE PRUEBA', 4, 22, 1, 0, '', 'si', 376),
	(4, '2022-11-11', '22:27:11', 'Compra', '', 465.00, 0, 0, 'PROVEEEDOR DE PRUEBA', 2, 22, 1, 0, '', 'si', 376),
	(5, '2022-11-11', '22:36:25', 'Compra', '', 2144.00, 0, 0, 'PROVEEEDOR DE PRUEBA', 2, 22, 1, 0, '', 'si', 376),
	(6, '2022-11-14', '08:55:46', 'Compra', '', 205.00, 0, 0, 'PROVEEEDOR DE PRUEBA', 2, 22, 1, 0, '', 'no', 376);
/*!40000 ALTER TABLE `inv_ingresos` ENABLE KEYS */;

-- Volcando estructura para tabla distribucion.inv_ingresos_detalles
CREATE TABLE IF NOT EXISTS `inv_ingresos_detalles` (
  `id_detalle` int(11) NOT NULL AUTO_INCREMENT,
  `cantidad` int(11) NOT NULL,
  `costo` decimal(10,2) NOT NULL,
  `lote` varchar(30) NOT NULL DEFAULT ' ',
  `lote_cantidad` int(11) DEFAULT NULL,
  `lote2` varchar(25) NOT NULL DEFAULT '',
  `producto_id` int(11) NOT NULL,
  `ingreso_id` int(11) NOT NULL,
  `elaboracion` date DEFAULT NULL,
  `vencimiento` date NOT NULL,
  `nro_autorizacion` varchar(25) DEFAULT '',
  `contenedor` varchar(50) NOT NULL DEFAULT '',
  `factura` varchar(20) NOT NULL DEFAULT '',
  `almacen_id` int(11) DEFAULT 0,
  `asignacion_id` int(11) DEFAULT 0,
  `nro_control` varchar(25) DEFAULT '',
  PRIMARY KEY (`id_detalle`),
  KEY `producto_id` (`producto_id`),
  KEY `ingreso_id` (`ingreso_id`),
  KEY `almacen_id` (`almacen_id`),
  KEY `asignacion_id` (`asignacion_id`)
) ENGINE=MyISAM AUTO_INCREMENT=15 DEFAULT CHARSET=utf8;

-- Volcando datos para la tabla distribucion.inv_ingresos_detalles: 14 rows
/*!40000 ALTER TABLE `inv_ingresos_detalles` DISABLE KEYS */;
INSERT INTO `inv_ingresos_detalles` (`id_detalle`, `cantidad`, `costo`, `lote`, `lote_cantidad`, `lote2`, `producto_id`, `ingreso_id`, `elaboracion`, `vencimiento`, `nro_autorizacion`, `contenedor`, `factura`, `almacen_id`, `asignacion_id`, `nro_control`) VALUES
	(1, 500, 3.00, 'lt1', 457, '', 1, 1, '2022-11-01', '2022-11-01', '', '0', '', 0, 0, ''),
	(2, 50, 4.00, 'lt1', 45, '', 304, 2, '2022-11-11', '2022-11-11', '', '0', '', 0, 0, ''),
	(3, 100, 5.00, 'lt1', 100, '', 309, 2, '2022-11-11', '2022-11-11', '', '0', '', 0, 0, ''),
	(4, 70, 3.00, 'lt1', 70, '', 318, 2, '2022-11-11', '2022-11-11', '', '0', '', 0, 0, ''),
	(5, 40, 2.00, 'lt1', 40, '', 341, 3, '2022-11-11', '2022-11-11', '', '0', '', 0, 0, ''),
	(6, 30, 2.60, 'lt1', 30, '', 359, 3, '2022-11-11', '2022-11-11', '', '0', '', 0, 0, ''),
	(7, 5, 60.00, 'lt1', 0, '', 366, 3, '2022-11-11', '2022-11-11', '', '0', '', 0, 0, ''),
	(8, 70, 3.00, 'lt1', 70, '', 382, 3, '2022-11-11', '2022-11-11', '', '0', '', 0, 0, ''),
	(9, 50, 3.00, 'lt1', 50, '', 391, 4, '2022-11-11', '2022-11-11', '', '0', '', 0, 0, ''),
	(10, 70, 4.50, 'lt1', 70, '', 413, 4, '2022-11-11', '2022-11-11', '', '0', '', 0, 0, ''),
	(11, 501, 4.00, 'lt1', 495, '', 428, 5, '2022-11-11', '2022-11-11', '', '0', '', 0, 0, ''),
	(12, 35, 4.00, 'lt1', 34, '', 429, 5, '2022-11-11', '2022-11-11', '', '0', '', 0, 0, ''),
	(13, 50, 4.00, 'lt2', 50, '', 304, 6, '2022-11-14', '2022-11-14', '', '0', '', 0, 0, ''),
	(14, 1, 5.00, 'lt2', 1, '', 309, 6, '2022-11-14', '2022-11-14', '', '0', '', 0, 0, '');
/*!40000 ALTER TABLE `inv_ingresos_detalles` ENABLE KEYS */;

-- Volcando estructura para tabla distribucion.inv_ingresos_detalles_import
CREATE TABLE IF NOT EXISTS `inv_ingresos_detalles_import` (
  `id_detalle` int(11) NOT NULL AUTO_INCREMENT,
  `cantidad` int(11) NOT NULL,
  `costo` decimal(10,2) NOT NULL,
  `lote` varchar(30) NOT NULL DEFAULT ' ',
  `lote_cantidad` int(11) DEFAULT NULL,
  `lote2` varchar(25) NOT NULL DEFAULT '',
  `producto_id` int(11) NOT NULL,
  `ingreso_id` int(11) NOT NULL,
  `elaboracion` date DEFAULT NULL,
  `vencimiento` date NOT NULL,
  `nro_autorizacion` varchar(25) DEFAULT '',
  `contenedor` varchar(50) NOT NULL DEFAULT '',
  `factura` varchar(20) NOT NULL DEFAULT '',
  `almacen_id` int(11) DEFAULT 0,
  `asignacion_id` int(11) DEFAULT 0,
  `nro_control` varchar(25) DEFAULT '',
  PRIMARY KEY (`id_detalle`),
  KEY `producto_id` (`producto_id`),
  KEY `ingreso_id` (`ingreso_id`),
  KEY `almacen_id` (`almacen_id`),
  KEY `asignacion_id` (`asignacion_id`)
) ENGINE=MyISAM AUTO_INCREMENT=90086 DEFAULT CHARSET=utf8;

-- Volcando datos para la tabla distribucion.inv_ingresos_detalles_import: 56 rows
/*!40000 ALTER TABLE `inv_ingresos_detalles_import` DISABLE KEYS */;
INSERT INTO `inv_ingresos_detalles_import` (`id_detalle`, `cantidad`, `costo`, `lote`, `lote_cantidad`, `lote2`, `producto_id`, `ingreso_id`, `elaboracion`, `vencimiento`, `nro_autorizacion`, `contenedor`, `factura`, `almacen_id`, `asignacion_id`, `nro_control`) VALUES
	(5, 314, 78.00, 'lt315', 314, '', 20, 2, '0000-00-00', '0000-00-00', '', '0', '0', 0, 0, ''),
	(6, 355, 22.00, 'lt356', 355, '', 19, 2, '0000-00-00', '0000-00-00', '', '0', '0', 0, 0, ''),
	(7, 397, 27.00, 'lt398', 397, '', 18, 2, '0000-00-00', '0000-00-00', '', '0', '0', 0, 0, ''),
	(8, 315, 36.00, 'lt316', 315, '', 5, 2, '0000-00-00', '0000-00-00', '', '0', '0', 0, 0, ''),
	(9, 314, 78.00, 'lt315', 314, '', 20, 3, '0000-00-00', '0000-00-00', '', '0', '0', 0, 0, ''),
	(10, 355, 22.00, 'lt356', 355, '', 19, 3, '0000-00-00', '0000-00-00', '', '0', '0', 0, 0, ''),
	(11, 397, 27.00, 'lt398', 397, '', 18, 3, '0000-00-00', '0000-00-00', '', '0', '0', 0, 0, ''),
	(12, 315, 36.00, 'lt316', 315, '', 5, 3, '0000-00-00', '0000-00-00', '', '0', '0', 0, 0, ''),
	(13, 314, 78.00, 'lt315', 314, '', 20, 4, '0000-00-00', '0000-00-00', '', '0', '0', 0, 0, ''),
	(14, 355, 22.00, 'lt356', 355, '', 19, 4, '0000-00-00', '0000-00-00', '', '0', '0', 0, 0, ''),
	(15, 397, 27.00, 'lt398', 397, '', 18, 4, '0000-00-00', '0000-00-00', '', '0', '0', 0, 0, ''),
	(16, 315, 36.00, 'lt316', 315, '', 5, 4, '0000-00-00', '0000-00-00', '', '0', '0', 0, 0, ''),
	(17, 314, 78.00, 'lt315', 314, '', 20, 5, '0000-00-00', '0000-00-00', '', '0', '0', 0, 0, ''),
	(18, 355, 22.00, 'lt356', 355, '', 19, 5, '0000-00-00', '0000-00-00', '', '0', '0', 0, 0, ''),
	(19, 397, 27.00, 'lt398', 397, '', 18, 5, '0000-00-00', '0000-00-00', '', '0', '0', 0, 0, ''),
	(20, 315, 36.00, 'lt316', 315, '', 5, 5, '0000-00-00', '0000-00-00', '', '0', '0', 0, 0, ''),
	(21, 314, 78.00, 'lt315', 314, '', 20, 6, '0000-00-00', '0000-00-00', '', '0', '0', 0, 0, ''),
	(22, 355, 22.00, 'lt356', 355, '', 19, 6, '0000-00-00', '0000-00-00', '', '0', '0', 0, 0, ''),
	(23, 397, 27.00, 'lt398', 397, '', 18, 6, '0000-00-00', '0000-00-00', '', '0', '0', 0, 0, ''),
	(24, 315, 36.00, 'lt316', 315, '', 5, 6, '0000-00-00', '0000-00-00', '', '0', '0', 0, 0, ''),
	(25, 314, 78.00, 'lt315', 314, '', 20, 7, '0000-00-00', '0000-00-00', '', '0', '0', 0, 0, ''),
	(26, 355, 22.00, 'lt356', 355, '', 19, 7, '0000-00-00', '0000-00-00', '', '0', '0', 0, 0, ''),
	(27, 397, 27.00, 'lt398', 397, '', 18, 7, '0000-00-00', '0000-00-00', '', '0', '0', 0, 0, ''),
	(28, 315, 36.00, 'lt316', 315, '', 5, 7, '0000-00-00', '0000-00-00', '', '0', '0', 0, 0, ''),
	(29, 314, 78.00, 'lt315', 314, '', 20, 8, '0000-00-00', '0000-00-00', '', '0', '0', 0, 0, ''),
	(30, 355, 22.00, 'lt356', 355, '', 19, 8, '0000-00-00', '0000-00-00', '', '0', '0', 0, 0, ''),
	(31, 397, 27.00, 'lt398', 397, '', 18, 8, '0000-00-00', '0000-00-00', '', '0', '0', 0, 0, ''),
	(32, 315, 36.00, 'lt316', 315, '', 5, 8, '0000-00-00', '0000-00-00', '', '0', '0', 0, 0, ''),
	(52, 315, 36.00, 'lt316', 315, '', 5, 13, '0000-00-00', '0000-00-00', '', '0', '0', 0, 0, ''),
	(51, 397, 27.00, 'lt398', 397, '', 18, 13, '0000-00-00', '0000-00-00', '', '0', '0', 0, 0, ''),
	(50, 355, 22.00, 'lt356', 355, '', 19, 13, '0000-00-00', '0000-00-00', '', '0', '0', 0, 0, ''),
	(49, 314, 78.00, 'lt315', 314, '', 20, 13, '0000-00-00', '0000-00-00', '', '0', '0', 0, 0, ''),
	(60, 315, 36.00, 'lt316', 315, '', 5, 15, '0000-00-00', '0000-00-00', '', '0', '0', 0, 0, ''),
	(59, 397, 27.00, 'lt398', 397, '', 18, 15, '0000-00-00', '0000-00-00', '', '0', '0', 0, 0, ''),
	(58, 355, 22.00, 'lt356', 355, '', 19, 15, '0000-00-00', '0000-00-00', '', '0', '0', 0, 0, ''),
	(57, 314, 78.00, 'lt315', 314, '', 20, 15, '0000-00-00', '0000-00-00', '', '0', '0', 0, 0, ''),
	(61, 314, 78.00, 'lt315', 314, '', 20, 16, '0000-00-00', '0000-00-00', '', '0', '0', 0, 0, ''),
	(62, 355, 22.00, 'lt356', 355, '', 19, 16, '0000-00-00', '0000-00-00', '', '0', '0', 0, 0, ''),
	(63, 397, 27.00, 'lt398', 397, '', 18, 16, '0000-00-00', '0000-00-00', '', '0', '0', 0, 0, ''),
	(64, 315, 36.00, 'lt316', 315, '', 5, 16, '0000-00-00', '0000-00-00', '', '0', '0', 0, 0, ''),
	(72099, 315, 36.00, 'lt316', 315, '', 5, 44, '0000-00-00', '0000-00-00', '', '0', '0', 0, 0, ''),
	(72098, 397, 27.00, 'lt398', 397, '', 18, 44, '0000-00-00', '0000-00-00', '', '0', '0', 0, 0, ''),
	(72097, 355, 22.00, 'lt356', 355, '', 19, 44, '0000-00-00', '0000-00-00', '', '0', '0', 0, 0, ''),
	(72096, 314, 78.00, 'lt315', 314, '', 20, 44, '0000-00-00', '0000-00-00', '', '0', '0', 0, 0, ''),
	(72091, 315, 36.00, 'lt316', 315, '', 5, 42, '0000-00-00', '0000-00-00', '', '0', '0', 0, 0, ''),
	(72090, 397, 27.00, 'lt398', 397, '', 18, 42, '0000-00-00', '0000-00-00', '', '0', '0', 0, 0, ''),
	(72089, 355, 22.00, 'lt356', 355, '', 19, 42, '0000-00-00', '0000-00-00', '', '0', '0', 0, 0, ''),
	(72088, 314, 78.00, 'lt315', 314, '', 20, 42, '0000-00-00', '0000-00-00', '', '0', '0', 0, 0, ''),
	(72087, 315, 36.00, 'lt316', 315, '', 5, 41, '0000-00-00', '0000-00-00', '', '0', '0', 0, 0, ''),
	(72086, 397, 27.00, 'lt398', 397, '', 18, 41, '0000-00-00', '0000-00-00', '', '0', '0', 0, 0, ''),
	(72085, 355, 22.00, 'lt356', 355, '', 19, 41, '0000-00-00', '0000-00-00', '', '0', '0', 0, 0, ''),
	(72084, 314, 78.00, 'lt315', 314, '', 20, 41, '0000-00-00', '0000-00-00', '', '0', '0', 0, 0, ''),
	(72083, 315, 36.00, 'lt316', 315, '', 5, 40, '0000-00-00', '0000-00-00', '', '0', '0', 0, 0, ''),
	(72082, 397, 27.00, 'lt398', 397, '', 18, 40, '0000-00-00', '0000-00-00', '', '0', '0', 0, 0, ''),
	(72081, 355, 22.00, 'lt356', 355, '', 19, 40, '0000-00-00', '0000-00-00', '', '0', '0', 0, 0, ''),
	(72080, 314, 78.00, 'lt315', 314, '', 20, 40, '0000-00-00', '0000-00-00', '', '0', '0', 0, 0, '');
/*!40000 ALTER TABLE `inv_ingresos_detalles_import` ENABLE KEYS */;

-- Volcando estructura para tabla distribucion.inv_ingresos_import
CREATE TABLE IF NOT EXISTS `inv_ingresos_import` (
  `id_ingreso` int(11) NOT NULL AUTO_INCREMENT,
  `fecha_ingreso` date DEFAULT NULL,
  `hora_ingreso` time DEFAULT NULL,
  `tipo` enum('Compra','Traspaso') CHARACTER SET utf8 COLLATE utf8_unicode_ci NOT NULL,
  `descripcion` text CHARACTER SET utf8 COLLATE utf8_unicode_ci NOT NULL,
  `monto_total` decimal(10,2) DEFAULT 0.00,
  `descuento` int(11) NOT NULL DEFAULT 0,
  `monto_total_descuento` decimal(20,0) NOT NULL DEFAULT 0,
  `nombre_proveedor` varchar(200) NOT NULL,
  `nro_registros` int(11) DEFAULT 0,
  `almacen_id` int(11) NOT NULL,
  `empleado_id` int(11) NOT NULL DEFAULT 0,
  `transitorio` int(11) NOT NULL DEFAULT 0,
  `des_transitorio` varchar(150) NOT NULL DEFAULT '0',
  `plan_de_pagos` enum('si','no') NOT NULL DEFAULT 'no',
  `proveedor_id` int(3) NOT NULL DEFAULT 0,
  `estado_import` enum('Import','Confirmado') NOT NULL DEFAULT 'Import',
  PRIMARY KEY (`id_ingreso`),
  KEY `almacen_id` (`almacen_id`),
  KEY `empleado_id` (`empleado_id`),
  KEY `tipo` (`tipo`),
  KEY `proveedor_id` (`proveedor_id`),
  KEY `plan_de_pagos` (`plan_de_pagos`),
  FULLTEXT KEY `nombre_proveedor` (`nombre_proveedor`)
) ENGINE=MyISAM AUTO_INCREMENT=49 DEFAULT CHARSET=utf8;

-- Volcando datos para la tabla distribucion.inv_ingresos_import: 15 rows
/*!40000 ALTER TABLE `inv_ingresos_import` DISABLE KEYS */;
INSERT INTO `inv_ingresos_import` (`id_ingreso`, `fecha_ingreso`, `hora_ingreso`, `tipo`, `descripcion`, `monto_total`, `descuento`, `monto_total_descuento`, `nombre_proveedor`, `nro_registros`, `almacen_id`, `empleado_id`, `transitorio`, `des_transitorio`, `plan_de_pagos`, `proveedor_id`, `estado_import`) VALUES
	(1, '2022-09-19', '19:43:39', 'Compra', 'ES UNA COMPRA DE PRUEBA', 96789.00, 0, 0, 'CHECKCODE', 0, 22, 1, 0, '0', 'no', 377, 'Confirmado'),
	(2, '2022-09-19', '19:50:11', 'Compra', 'ES UNA COMPRA DE PRUEBA', 96789.00, 0, 0, 'CHECKCODE', 0, 22, 1, 0, '0', 'no', 377, 'Confirmado'),
	(3, '2022-09-19', '19:52:23', 'Compra', 'ES UNA COMPRA DE PRUEBA', 96789.00, 0, 0, 'CHECKCODE', 0, 22, 1, 0, '0', 'no', 377, 'Confirmado'),
	(4, '2022-09-19', '19:54:50', 'Compra', 'ES UNA COMPRA DE PRUEBA', 96789.00, 0, 0, 'CHECKCODE', 0, 22, 1, 0, '0', 'no', 377, 'Confirmado'),
	(5, '2022-09-19', '20:00:30', 'Compra', 'ES UNA COMPRA DE PRUEBA', 96789.00, 0, 0, 'CHECKCODE', 0, 22, 1, 0, '0', 'no', 377, 'Confirmado'),
	(6, '2022-09-19', '20:01:34', 'Compra', 'ES UNA COMPRA DE PRUEBA', 96789.00, 0, 0, 'CHECKCODE', 0, 22, 1, 0, '0', 'no', 377, 'Confirmado'),
	(7, '2022-09-19', '20:12:29', 'Compra', 'ES UNA COMPRA DE PRUEBA', 96789.00, 0, 0, 'CHECKCODE', 0, 22, 1, 0, '0', 'no', 377, 'Confirmado'),
	(8, '2022-09-19', '20:17:08', 'Compra', 'ES UNA COMPRA DE PRUEBA', 96789.00, 0, 0, 'CHECKCODE', 0, 22, 1, 0, '0', 'no', 377, 'Confirmado'),
	(13, '2022-09-19', '20:44:22', 'Compra', 'ES UNA COMPRA DE PRUEBA', 96789.00, 0, 0, 'CHECKCODE', 0, 22, 1, 0, '0', 'no', 377, 'Confirmado'),
	(15, '2022-09-19', '20:48:59', 'Compra', 'ES UNA COMPRA DE PRUEBA', 96789.00, 0, 0, 'CHECKCODE', 0, 22, 1, 0, '0', 'no', 377, 'Confirmado'),
	(16, '2022-09-19', '20:52:08', 'Compra', 'ES UNA COMPRA DE PRUEBA', 96789.00, 0, 0, 'CHECKCODE', 0, 22, 1, 0, '0', 'no', 377, 'Confirmado'),
	(40, '2022-09-19', '22:32:45', 'Compra', 'ES UNA COMPRA DE PRUEBA', 96789.00, 0, 0, 'CHECKCODE', 0, 22, 1, 0, '0', 'no', 377, 'Confirmado'),
	(41, '2022-09-19', '23:01:32', 'Compra', 'ES UNA COMPRA DE PRUEBA', 54361.00, 0, 0, 'CHECKCODE', 6001, 22, 1, 0, '0', 'no', 377, 'Confirmado'),
	(42, '2022-09-19', '23:03:42', 'Compra', 'ES UNA COMPRA DE PRUEBA', 54361.00, 0, 0, 'CHECKCODE', 4, 22, 1, 0, '0', 'no', 377, 'Confirmado'),
	(44, '2022-09-20', '08:17:31', 'Compra', 'ES UNA COMPRA DE PRUEBA', 54361.00, 0, 0, 'CHECKCODE', 4, 22, 1, 0, '0', 'no', 377, 'Confirmado');
/*!40000 ALTER TABLE `inv_ingresos_import` ENABLE KEYS */;

-- Volcando estructura para tabla distribucion.inv_ingreso_material
CREATE TABLE IF NOT EXISTS `inv_ingreso_material` (
  `id_ingreso_material` int(11) NOT NULL AUTO_INCREMENT,
  `Fecha` date DEFAULT NULL,
  `Planilla` varchar(15) DEFAULT NULL,
  `Placa` varchar(15) DEFAULT NULL,
  `empleado_id` int(11) DEFAULT NULL,
  PRIMARY KEY (`id_ingreso_material`),
  KEY `empleado_id` (`empleado_id`)
) ENGINE=MyISAM DEFAULT CHARSET=latin1;

-- Volcando datos para la tabla distribucion.inv_ingreso_material: 0 rows
/*!40000 ALTER TABLE `inv_ingreso_material` DISABLE KEYS */;
/*!40000 ALTER TABLE `inv_ingreso_material` ENABLE KEYS */;

-- Volcando estructura para tabla distribucion.inv_marcas
CREATE TABLE IF NOT EXISTS `inv_marcas` (
  `id_marca` int(11) NOT NULL AUTO_INCREMENT,
  `marca` varchar(500) COLLATE utf8_spanish_ci NOT NULL DEFAULT '',
  `descripcion` varchar(1500) COLLATE utf8_spanish_ci NOT NULL DEFAULT '',
  PRIMARY KEY (`id_marca`)
) ENGINE=InnoDB AUTO_INCREMENT=6 DEFAULT CHARSET=utf8 COLLATE=utf8_spanish_ci;

-- Volcando datos para la tabla distribucion.inv_marcas: ~0 rows (aproximadamente)
/*!40000 ALTER TABLE `inv_marcas` DISABLE KEYS */;
INSERT INTO `inv_marcas` (`id_marca`, `marca`, `descripcion`) VALUES
	(5, 'toyota', '');
/*!40000 ALTER TABLE `inv_marcas` ENABLE KEYS */;

-- Volcando estructura para tabla distribucion.inv_materiales
CREATE TABLE IF NOT EXISTS `inv_materiales` (
  `id_materiales` int(11) NOT NULL AUTO_INCREMENT,
  `nombre` varchar(100) NOT NULL,
  `id_unidad` int(11) NOT NULL,
  `precio` int(11) NOT NULL,
  `id_producto` int(11) NOT NULL,
  `id_empleado` int(11) NOT NULL,
  `fecha_material` date NOT NULL,
  PRIMARY KEY (`id_materiales`)
) ENGINE=MyISAM DEFAULT CHARSET=latin1;

-- Volcando datos para la tabla distribucion.inv_materiales: 0 rows
/*!40000 ALTER TABLE `inv_materiales` DISABLE KEYS */;
/*!40000 ALTER TABLE `inv_materiales` ENABLE KEYS */;

-- Volcando estructura para tabla distribucion.inv_materiales_stock
CREATE TABLE IF NOT EXISTS `inv_materiales_stock` (
  `id_materiales_stock` int(11) NOT NULL AUTO_INCREMENT,
  `stock` int(10) unsigned NOT NULL DEFAULT 0,
  `almacen_id` int(11) NOT NULL,
  `materiales_id` int(11) NOT NULL,
  PRIMARY KEY (`id_materiales_stock`)
) ENGINE=MyISAM DEFAULT CHARSET=latin1;

-- Volcando datos para la tabla distribucion.inv_materiales_stock: 0 rows
/*!40000 ALTER TABLE `inv_materiales_stock` DISABLE KEYS */;
/*!40000 ALTER TABLE `inv_materiales_stock` ENABLE KEYS */;

-- Volcando estructura para tabla distribucion.inv_meta
CREATE TABLE IF NOT EXISTS `inv_meta` (
  `id_meta` int(11) NOT NULL AUTO_INCREMENT,
  `fecha_registro` date NOT NULL DEFAULT '0000-00-00',
  `hora_registro` time NOT NULL DEFAULT '00:00:00',
  `monto` decimal(10,2) NOT NULL,
  `fecha_inicio` date DEFAULT NULL,
  `fecha_fin` date DEFAULT NULL,
  `empleado_id` int(11) DEFAULT NULL,
  `id_empleado_q_registro` int(11) DEFAULT NULL,
  PRIMARY KEY (`id_meta`),
  KEY `empleado_id` (`empleado_id`),
  KEY `id_empleado_q_registro` (`id_empleado_q_registro`)
) ENGINE=MyISAM AUTO_INCREMENT=24 DEFAULT CHARSET=latin1;

-- Volcando datos para la tabla distribucion.inv_meta: 0 rows
/*!40000 ALTER TABLE `inv_meta` DISABLE KEYS */;
/*!40000 ALTER TABLE `inv_meta` ENABLE KEYS */;

-- Volcando estructura para tabla distribucion.inv_metas_distribuidor
CREATE TABLE IF NOT EXISTS `inv_metas_distribuidor` (
  `id_meta` int(11) NOT NULL AUTO_INCREMENT,
  `fecha_registro` date NOT NULL DEFAULT '0000-00-00',
  `hora_registro` time NOT NULL DEFAULT '00:00:00',
  `monto` double(11,2) NOT NULL,
  `fecha_inicio` date NOT NULL,
  `fecha_fin` date NOT NULL,
  `distribuidor_id` int(11) NOT NULL,
  `id_empleado_q_registro` int(11) NOT NULL DEFAULT 0,
  PRIMARY KEY (`id_meta`),
  KEY `distribuidor_id` (`distribuidor_id`)
) ENGINE=MyISAM AUTO_INCREMENT=9 DEFAULT CHARSET=latin1;

-- Volcando datos para la tabla distribucion.inv_metas_distribuidor: 0 rows
/*!40000 ALTER TABLE `inv_metas_distribuidor` DISABLE KEYS */;
/*!40000 ALTER TABLE `inv_metas_distribuidor` ENABLE KEYS */;

-- Volcando estructura para tabla distribucion.inv_meta_categoria
CREATE TABLE IF NOT EXISTS `inv_meta_categoria` (
  `id_meta_categoria` int(11) NOT NULL AUTO_INCREMENT,
  `fecha_registro` date NOT NULL DEFAULT '0000-00-00',
  `hora_registro` time NOT NULL DEFAULT '00:00:00',
  `monto` decimal(8,2) DEFAULT NULL,
  `fecha_inicio` date DEFAULT NULL,
  `fecha_fin` date DEFAULT NULL,
  `categoria_id` int(11) DEFAULT NULL,
  `id_empleado_q_registro` int(11) DEFAULT 0,
  PRIMARY KEY (`id_meta_categoria`),
  KEY `categoria_id` (`categoria_id`)
) ENGINE=InnoDB AUTO_INCREMENT=14 DEFAULT CHARSET=latin1;

-- Volcando datos para la tabla distribucion.inv_meta_categoria: ~0 rows (aproximadamente)
/*!40000 ALTER TABLE `inv_meta_categoria` DISABLE KEYS */;
/*!40000 ALTER TABLE `inv_meta_categoria` ENABLE KEYS */;

-- Volcando estructura para tabla distribucion.inv_meta_producto
CREATE TABLE IF NOT EXISTS `inv_meta_producto` (
  `id_meta_producto` int(11) NOT NULL AUTO_INCREMENT,
  `fecha_registro` date NOT NULL DEFAULT '0000-00-00',
  `hora_registro` time NOT NULL DEFAULT '00:00:00',
  `monto` decimal(8,2) DEFAULT NULL,
  `fecha_inicio` date DEFAULT NULL,
  `fecha_fin` date DEFAULT NULL,
  `producto_id` int(11) DEFAULT NULL,
  `id_empleado_q_registro` int(11) DEFAULT 0,
  PRIMARY KEY (`id_meta_producto`),
  KEY `producto_id` (`producto_id`)
) ENGINE=InnoDB AUTO_INCREMENT=14 DEFAULT CHARSET=utf8mb4;

-- Volcando datos para la tabla distribucion.inv_meta_producto: ~0 rows (aproximadamente)
/*!40000 ALTER TABLE `inv_meta_producto` DISABLE KEYS */;
/*!40000 ALTER TABLE `inv_meta_producto` ENABLE KEYS */;

-- Volcando estructura para tabla distribucion.inv_monedas
CREATE TABLE IF NOT EXISTS `inv_monedas` (
  `id_moneda` int(11) NOT NULL AUTO_INCREMENT,
  `moneda` varchar(100) CHARACTER SET latin1 NOT NULL,
  `sigla` varchar(10) CHARACTER SET latin1 NOT NULL,
  `oficial` enum('N','S') CHARACTER SET latin1 NOT NULL DEFAULT 'N',
  PRIMARY KEY (`id_moneda`)
) ENGINE=MyISAM AUTO_INCREMENT=23 DEFAULT CHARSET=utf8;

-- Volcando datos para la tabla distribucion.inv_monedas: 1 rows
/*!40000 ALTER TABLE `inv_monedas` DISABLE KEYS */;
INSERT INTO `inv_monedas` (`id_moneda`, `moneda`, `sigla`, `oficial`) VALUES
	(22, 'Boliviano', 'Bs', 'S');
/*!40000 ALTER TABLE `inv_monedas` ENABLE KEYS */;

-- Volcando estructura para tabla distribucion.inv_ordenes_detalles
CREATE TABLE IF NOT EXISTS `inv_ordenes_detalles` (
  `id_orden_detalle` int(11) NOT NULL AUTO_INCREMENT,
  `orden_salida_id` int(11) NOT NULL,
  `precio_id` decimal(10,2) DEFAULT 0.00,
  `cantidad` int(11) NOT NULL,
  `unidad_id` int(11) NOT NULL,
  `promocion_id` int(11) NOT NULL DEFAULT 0,
  `producto_id` int(11) NOT NULL,
  `cantidad_inicial` int(11) DEFAULT 0,
  PRIMARY KEY (`id_orden_detalle`)
) ENGINE=MyISAM DEFAULT CHARSET=latin1;

-- Volcando datos para la tabla distribucion.inv_ordenes_detalles: 0 rows
/*!40000 ALTER TABLE `inv_ordenes_detalles` DISABLE KEYS */;
/*!40000 ALTER TABLE `inv_ordenes_detalles` ENABLE KEYS */;

-- Volcando estructura para tabla distribucion.inv_ordenes_salidas
CREATE TABLE IF NOT EXISTS `inv_ordenes_salidas` (
  `id_orden` int(11) NOT NULL AUTO_INCREMENT,
  `fecha_orden` date NOT NULL,
  `hora_orden` time NOT NULL,
  `empleado_id` int(11) NOT NULL,
  `estado` enum('salida','entregado') NOT NULL,
  `almacen_id` int(11) NOT NULL,
  `empleado_regitro_id` int(11) NOT NULL,
  `empleado_entrega_id` int(11) NOT NULL,
  PRIMARY KEY (`id_orden`)
) ENGINE=MyISAM DEFAULT CHARSET=latin1;

-- Volcando datos para la tabla distribucion.inv_ordenes_salidas: 0 rows
/*!40000 ALTER TABLE `inv_ordenes_salidas` DISABLE KEYS */;
/*!40000 ALTER TABLE `inv_ordenes_salidas` ENABLE KEYS */;

-- Volcando estructura para tabla distribucion.inv_pagos
CREATE TABLE IF NOT EXISTS `inv_pagos` (
  `id_pago` int(11) NOT NULL AUTO_INCREMENT,
  `movimiento_id` int(11) DEFAULT 0,
  `interes_pago` float NOT NULL DEFAULT 0,
  `tipo` enum('Ingreso','Egreso') NOT NULL,
  PRIMARY KEY (`id_pago`),
  KEY `movimiento_id` (`movimiento_id`)
) ENGINE=InnoDB AUTO_INCREMENT=87 DEFAULT CHARSET=utf8;

-- Volcando datos para la tabla distribucion.inv_pagos: ~44 rows (aproximadamente)
/*!40000 ALTER TABLE `inv_pagos` DISABLE KEYS */;
INSERT INTO `inv_pagos` (`id_pago`, `movimiento_id`, `interes_pago`, `tipo`) VALUES
	(37, 41, 0, 'Egreso'),
	(38, 42, 0, 'Egreso'),
	(39, 43, 0, 'Egreso'),
	(40, 44, 0, 'Egreso'),
	(41, 45, 0, 'Egreso'),
	(42, 46, 0, 'Egreso'),
	(43, 47, 0, 'Egreso'),
	(44, 48, 0, 'Egreso'),
	(45, 49, 0, 'Egreso'),
	(46, 50, 0, 'Egreso'),
	(47, 51, 0, 'Egreso'),
	(48, 52, 0, 'Egreso'),
	(49, 53, 0, 'Egreso'),
	(50, 54, 0, 'Egreso'),
	(51, 55, 0, 'Egreso'),
	(52, 56, 0, 'Egreso'),
	(53, 57, 0, 'Egreso'),
	(54, 58, 0, 'Egreso'),
	(55, 59, 0, 'Egreso'),
	(56, 60, 0, 'Egreso'),
	(57, 61, 0, 'Egreso'),
	(58, 62, 0, 'Egreso'),
	(59, 63, 0, 'Egreso'),
	(60, 64, 0, 'Egreso'),
	(61, 65, 0, 'Egreso'),
	(62, 66, 0, 'Egreso'),
	(63, 67, 0, 'Egreso'),
	(64, 68, 0, 'Egreso'),
	(65, 69, 0, 'Egreso'),
	(66, 70, 0, 'Egreso'),
	(67, 71, 0, 'Egreso'),
	(68, 73, 0, 'Egreso'),
	(69, 74, 0, 'Egreso'),
	(70, 75, 0, 'Egreso'),
	(71, 76, 0, 'Egreso'),
	(72, 77, 0, 'Egreso'),
	(73, 78, 0, 'Egreso'),
	(74, 79, 0, 'Egreso'),
	(75, 3, 0, 'Ingreso'),
	(76, 1, 0, 'Egreso'),
	(77, 4, 0, 'Ingreso'),
	(78, 5, 0, 'Ingreso'),
	(79, 2, 0, 'Egreso'),
	(80, 3, 0, 'Egreso'),
	(81, 6, 0, 'Egreso'),
	(82, 7, 0, 'Egreso'),
	(83, 8, 0, 'Egreso'),
	(84, 9, 0, 'Egreso'),
	(85, 11, 0, 'Egreso'),
	(86, 13, 0, 'Egreso');
/*!40000 ALTER TABLE `inv_pagos` ENABLE KEYS */;

-- Volcando estructura para tabla distribucion.inv_pagos_adicionales
CREATE TABLE IF NOT EXISTS `inv_pagos_adicionales` (
  `id_pago_adicional` int(11) NOT NULL AUTO_INCREMENT,
  `proveedor_id` int(11) NOT NULL,
  `observacion` text NOT NULL,
  `pago_id` int(11) NOT NULL,
  PRIMARY KEY (`id_pago_adicional`)
) ENGINE=MyISAM DEFAULT CHARSET=latin1;

-- Volcando datos para la tabla distribucion.inv_pagos_adicionales: 0 rows
/*!40000 ALTER TABLE `inv_pagos_adicionales` DISABLE KEYS */;
/*!40000 ALTER TABLE `inv_pagos_adicionales` ENABLE KEYS */;

-- Volcando estructura para tabla distribucion.inv_pagos_detalles
CREATE TABLE IF NOT EXISTS `inv_pagos_detalles` (
  `id_pago_detalle` int(11) NOT NULL AUTO_INCREMENT,
  `pago_id` int(11) NOT NULL,
  `fecha` date NOT NULL,
  `monto` float NOT NULL,
  `monto_programado` float NOT NULL DEFAULT 0,
  `estado` int(11) NOT NULL,
  `fecha_pago` date NOT NULL,
  `hora_pago` time DEFAULT NULL,
  `tipo_pago` varchar(10) CHARACTER SET utf8 NOT NULL DEFAULT '',
  `nro_pago` varchar(30) NOT NULL DEFAULT '0',
  `nro_cuota` int(11) NOT NULL,
  `empleado_id` int(11) NOT NULL,
  `deposito` enum('inactivo','activo') NOT NULL DEFAULT 'inactivo',
  `fecha_deposito` date DEFAULT NULL,
  `ingreso_id` int(11) NOT NULL DEFAULT 0,
  `banco_id` int(11) NOT NULL DEFAULT 0,
  `observacion` text DEFAULT NULL,
  `codigo` int(11) NOT NULL DEFAULT 0,
  `observacion_anulado` text DEFAULT NULL,
  `fecha_anulado` date DEFAULT NULL,
  `coordenadas` text DEFAULT NULL,
  PRIMARY KEY (`id_pago_detalle`),
  KEY `nro_cuota` (`nro_cuota`),
  KEY `pago_id` (`pago_id`)
) ENGINE=MyISAM AUTO_INCREMENT=391 DEFAULT CHARSET=latin1;

-- Volcando datos para la tabla distribucion.inv_pagos_detalles: 47 rows
/*!40000 ALTER TABLE `inv_pagos_detalles` DISABLE KEYS */;
INSERT INTO `inv_pagos_detalles` (`id_pago_detalle`, `pago_id`, `fecha`, `monto`, `monto_programado`, `estado`, `fecha_pago`, `hora_pago`, `tipo_pago`, `nro_pago`, `nro_cuota`, `empleado_id`, `deposito`, `fecha_deposito`, `ingreso_id`, `banco_id`, `observacion`, `codigo`, `observacion_anulado`, `fecha_anulado`, `coordenadas`) VALUES
	(338, 37, '2022-09-09', 460, 0, 0, '2022-09-09', NULL, '', '0', 1, 1, 'inactivo', NULL, 0, 0, NULL, 0, '', NULL, ''),
	(339, 38, '2022-09-09', 460, 0, 0, '2022-09-09', NULL, '', '0', 1, 1, 'inactivo', NULL, 0, 0, NULL, 0, '', NULL, ''),
	(340, 39, '2022-09-09', 460, 0, 0, '2022-09-09', NULL, '', '0', 1, 1, 'inactivo', NULL, 0, 0, NULL, 0, '', NULL, ''),
	(341, 40, '2022-09-20', 485, 0, 0, '2022-09-20', NULL, '', '0', 1, 1, 'inactivo', NULL, 0, 0, NULL, 0, '', NULL, ''),
	(342, 41, '2022-09-20', 55, 0, 0, '2022-09-20', NULL, '', '0', 1, 1, 'inactivo', NULL, 0, 0, NULL, 0, '', NULL, ''),
	(343, 42, '2022-09-20', 460, 0, 0, '2022-09-20', NULL, '', '0', 1, 1, 'inactivo', NULL, 0, 0, NULL, 0, '', NULL, ''),
	(344, 43, '2022-09-27', 60, 0, 0, '2022-09-27', NULL, '', '0', 1, 1, 'inactivo', NULL, 0, 0, NULL, 0, '', NULL, ''),
	(345, 44, '2022-09-27', 35, 0, 0, '2022-09-27', NULL, '', '0', 1, 1, 'inactivo', NULL, 0, 0, NULL, 0, '', NULL, ''),
	(346, 45, '2022-09-28', 55, 0, 0, '2022-09-28', NULL, '', '0', 1, 1, 'inactivo', NULL, 0, 0, NULL, 0, '', NULL, ''),
	(347, 46, '2022-09-28', 4, 0, 0, '2022-09-28', NULL, '', '0', 1, 1, 'inactivo', NULL, 0, 0, NULL, 0, '', NULL, ''),
	(348, 47, '2022-09-28', 35, 0, 0, '2022-09-28', NULL, '', '0', 1, 1, 'inactivo', NULL, 0, 0, NULL, 0, '', NULL, ''),
	(349, 48, '2022-09-28', 4, 0, 0, '2022-09-28', NULL, '', '0', 1, 1, 'inactivo', NULL, 0, 0, NULL, 0, '', NULL, ''),
	(350, 49, '2022-09-28', 34, 0, 0, '2022-09-28', NULL, '', '0', 1, 1, 'inactivo', NULL, 0, 0, NULL, 0, '', NULL, ''),
	(351, 50, '2022-09-28', 55, 0, 0, '2022-09-28', NULL, '', '0', 1, 1, 'inactivo', NULL, 0, 0, NULL, 0, '', NULL, ''),
	(352, 51, '2022-09-28', 456, 0, 0, '2022-09-28', NULL, '', '0', 1, 1, 'inactivo', NULL, 0, 0, NULL, 0, '', NULL, ''),
	(353, 52, '2022-09-28', 456, 0, 0, '2022-09-28', NULL, '', '0', 1, 1, 'inactivo', NULL, 0, 0, NULL, 0, '', NULL, ''),
	(354, 53, '2022-09-28', 4, 0, 0, '2022-09-28', NULL, '', '0', 1, 1, 'inactivo', NULL, 0, 0, NULL, 0, '', NULL, ''),
	(355, 54, '2022-09-28', 4, 0, 0, '2022-09-28', NULL, '', '0', 1, 1, 'inactivo', NULL, 0, 0, NULL, 0, '', NULL, ''),
	(356, 55, '2022-09-28', 4, 0, 0, '2022-09-28', NULL, '', '0', 1, 1, 'inactivo', NULL, 0, 0, NULL, 0, '', NULL, ''),
	(357, 56, '2022-09-28', 4, 0, 0, '2022-09-28', NULL, '', '0', 1, 1, 'inactivo', NULL, 0, 0, NULL, 0, '', NULL, ''),
	(358, 57, '2022-09-28', 4, 0, 0, '2022-09-28', NULL, '', '0', 1, 1, 'inactivo', NULL, 0, 0, NULL, 0, '', NULL, ''),
	(359, 58, '2022-09-28', 4, 0, 0, '2022-09-28', NULL, '', '0', 1, 1, 'inactivo', NULL, 0, 0, NULL, 0, '', NULL, ''),
	(360, 59, '2022-09-28', 4, 0, 0, '2022-09-28', NULL, '', '0', 1, 1, 'inactivo', NULL, 0, 0, NULL, 0, '', NULL, ''),
	(361, 60, '2022-09-28', 4, 0, 0, '2022-09-28', NULL, '', '0', 1, 1, 'inactivo', NULL, 0, 0, NULL, 0, '', NULL, ''),
	(362, 61, '2022-09-28', 4, 0, 0, '2022-09-28', NULL, '', '0', 1, 1, 'inactivo', NULL, 0, 0, NULL, 0, '', NULL, ''),
	(363, 62, '2022-09-28', 4, 0, 0, '2022-09-28', NULL, '', '0', 1, 1, 'inactivo', NULL, 0, 0, NULL, 0, '', NULL, ''),
	(364, 63, '2022-09-28', 4, 0, 0, '2022-09-28', NULL, '', '0', 1, 1, 'inactivo', NULL, 0, 0, NULL, 0, '', NULL, ''),
	(365, 64, '2022-09-28', 4, 0, 0, '2022-09-28', NULL, '', '0', 1, 1, 'inactivo', NULL, 0, 0, NULL, 0, '', NULL, ''),
	(366, 65, '2022-09-28', 4, 0, 0, '2022-09-28', NULL, '', '0', 1, 1, 'inactivo', NULL, 0, 0, NULL, 0, '', NULL, ''),
	(367, 66, '2022-09-28', 4, 0, 0, '2022-09-28', NULL, '', '0', 1, 1, 'inactivo', NULL, 0, 0, NULL, 0, '', NULL, ''),
	(368, 67, '2022-09-28', 55, 0, 0, '2022-09-28', NULL, '', '0', 1, 1, 'inactivo', NULL, 0, 0, NULL, 0, '', NULL, ''),
	(369, 68, '2022-09-30', 460, 0, 0, '2022-09-30', NULL, '', '0', 1, 1, 'inactivo', NULL, 0, 0, NULL, 0, '', NULL, ''),
	(370, 69, '2022-10-11', 46, 0, 0, '2022-10-11', NULL, '', '0', 1, 1, 'inactivo', NULL, 0, 0, NULL, 0, '', NULL, ''),
	(371, 70, '2022-10-12', 755.72, 0, 0, '2022-10-12', NULL, '', '0', 1, 1, 'inactivo', NULL, 0, 0, NULL, 0, '', NULL, ''),
	(372, 71, '2022-10-12', 1, 0, 0, '2022-10-12', NULL, '', '0', 1, 1, 'inactivo', NULL, 0, 0, NULL, 0, '', NULL, ''),
	(373, 72, '2022-10-12', 710.72, 0, 0, '2022-10-12', NULL, '', '0', 1, 1, 'inactivo', NULL, 0, 0, NULL, 0, '', NULL, ''),
	(374, 73, '2022-10-12', 5, 0, 0, '2022-10-12', NULL, '', '0', 1, 1, 'inactivo', NULL, 0, 0, NULL, 0, '', NULL, ''),
	(375, 74, '2022-10-12', 1216.22, 0, 0, '2022-10-12', NULL, '', '0', 1, 1, 'inactivo', NULL, 0, 0, NULL, 0, '', NULL, ''),
	(376, 75, '2022-11-11', 10, 0, 1, '2022-11-11', NULL, 'Efectivo', '0', 1, 1, 'inactivo', NULL, 0, 0, NULL, 0, NULL, NULL, NULL),
	(377, 76, '2022-11-26', 10, 0, 1, '2022-11-11', NULL, 'Efectivo', '0', 1, 1, 'inactivo', NULL, 0, 0, NULL, 0, NULL, NULL, NULL),
	(378, 76, '2022-11-11', 775, 0, 0, '0000-00-00', NULL, '', '0', 2, 1, 'inactivo', NULL, 0, 0, NULL, 0, NULL, NULL, NULL),
	(379, 75, '2022-11-11', 668, 0, 0, '0000-00-00', '00:00:00', '', '0', 2, 1, 'inactivo', '0000-00-00', 0, 0, NULL, 0, NULL, '2022-11-11', NULL),
	(380, 77, '0000-00-00', 50, 0, 1, '2022-11-11', NULL, 'Efectivo', '0', 1, 1, 'inactivo', NULL, 0, 0, NULL, 0, NULL, NULL, NULL),
	(381, 77, '2022-11-11', 415, 0, 0, '0000-00-00', NULL, '', '0', 2, 1, 'inactivo', NULL, 0, 0, NULL, 0, NULL, NULL, NULL),
	(382, 78, '0000-00-00', 2144, 0, 0, '0000-00-00', NULL, '', '0', 1, 1, 'inactivo', NULL, 0, 0, NULL, 0, NULL, NULL, NULL),
	(383, 79, '2022-11-14', 2030, 0, 0, '2022-11-14', NULL, '', '0', 1, 1, 'inactivo', NULL, 0, 0, NULL, 0, NULL, NULL, NULL),
	(384, 80, '2022-11-14', 965, 0, 0, '2022-11-14', NULL, '', '0', 1, 1, 'inactivo', NULL, 0, 0, NULL, 0, NULL, NULL, NULL),
	(385, 81, '2022-12-08', 3.3, 0, 0, '2022-12-08', NULL, '', '0', 1, 1, 'inactivo', NULL, 0, 0, NULL, 0, NULL, NULL, NULL),
	(386, 82, '2022-12-08', 16.5, 0, 0, '2022-12-08', NULL, '', '0', 1, 1, 'inactivo', NULL, 0, 0, NULL, 0, NULL, NULL, NULL),
	(387, 83, '2022-12-08', 3.3, 0, 0, '2022-12-08', NULL, '', '0', 1, 1, 'inactivo', NULL, 0, 0, NULL, 0, NULL, NULL, NULL),
	(388, 84, '2022-12-08', 3.3, 0, 0, '2022-12-08', NULL, '', '0', 1, 1, 'inactivo', NULL, 0, 0, NULL, 0, NULL, NULL, NULL),
	(389, 85, '2022-12-08', 3.3, 0, 0, '2022-12-08', NULL, '', '0', 1, 1, 'inactivo', NULL, 0, 0, NULL, 0, NULL, NULL, NULL),
	(390, 86, '2022-12-08', 42.9, 0, 0, '2022-12-08', NULL, '', '0', 1, 1, 'inactivo', NULL, 0, 0, NULL, 0, NULL, NULL, NULL);
/*!40000 ALTER TABLE `inv_pagos_detalles` ENABLE KEYS */;

-- Volcando estructura para tabla distribucion.inv_participantes_promos
CREATE TABLE IF NOT EXISTS `inv_participantes_promos` (
  `id_participante_promo` int(11) NOT NULL AUTO_INCREMENT,
  `promocion_monto_id` int(11) NOT NULL,
  `cliente_grupo_id` int(11) NOT NULL,
  `cliente_id` int(11) NOT NULL,
  PRIMARY KEY (`id_participante_promo`)
) ENGINE=InnoDB DEFAULT CHARSET=utf8;

-- Volcando datos para la tabla distribucion.inv_participantes_promos: ~0 rows (aproximadamente)
/*!40000 ALTER TABLE `inv_participantes_promos` DISABLE KEYS */;
/*!40000 ALTER TABLE `inv_participantes_promos` ENABLE KEYS */;

-- Volcando estructura para tabla distribucion.inv_precios
CREATE TABLE IF NOT EXISTS `inv_precios` (
  `id_precio` int(11) NOT NULL AUTO_INCREMENT,
  `precio` decimal(10,2) NOT NULL,
  `fecha_registro` date NOT NULL,
  `hora_registro` time NOT NULL,
  `asignacion_id` int(11) NOT NULL DEFAULT 0,
  `producto_id` int(11) NOT NULL,
  `empleado_id` int(11) NOT NULL DEFAULT 0,
  PRIMARY KEY (`id_precio`)
) ENGINE=MyISAM AUTO_INCREMENT=500 DEFAULT CHARSET=utf8;

-- Volcando datos para la tabla distribucion.inv_precios: 9 rows
/*!40000 ALTER TABLE `inv_precios` DISABLE KEYS */;
INSERT INTO `inv_precios` (`id_precio`, `precio`, `fecha_registro`, `hora_registro`, `asignacion_id`, `producto_id`, `empleado_id`) VALUES
	(491, 570.00, '2022-09-01', '22:33:15', 33, 1, 1),
	(492, 33.00, '2022-09-07', '14:08:27', 34, 1, 1),
	(493, 34.00, '2022-09-07', '23:50:40', 35, 18, 1),
	(494, 456.00, '2022-09-07', '23:52:28', 36, 18, 1),
	(495, 4.00, '2022-09-08', '21:43:19', 37, 19, 1),
	(496, 4.50, '2022-09-08', '21:43:50', 38, 19, 1),
	(497, 55.00, '2022-09-09', '11:55:54', 39, 20, 1),
	(498, 4.00, '2022-09-09', '11:57:57', 40, 20, 1),
	(499, 100.00, '2022-10-27', '22:28:09', 1, 2, 1);
/*!40000 ALTER TABLE `inv_precios` ENABLE KEYS */;

-- Volcando estructura para tabla distribucion.inv_prioridades_ventas
CREATE TABLE IF NOT EXISTS `inv_prioridades_ventas` (
  `id_prioridad_venta` int(11) NOT NULL AUTO_INCREMENT,
  `prioridad` varchar(100) NOT NULL,
  PRIMARY KEY (`id_prioridad_venta`)
) ENGINE=InnoDB AUTO_INCREMENT=34 DEFAULT CHARSET=utf8;

-- Volcando datos para la tabla distribucion.inv_prioridades_ventas: ~2 rows (aproximadamente)
/*!40000 ALTER TABLE `inv_prioridades_ventas` DISABLE KEYS */;
INSERT INTO `inv_prioridades_ventas` (`id_prioridad_venta`, `prioridad`) VALUES
	(31, 'ANTES DE 12 AM'),
	(32, 'TODO EL DIA'),
	(33, 'EN LA TARDE');
/*!40000 ALTER TABLE `inv_prioridades_ventas` ENABLE KEYS */;

-- Volcando estructura para tabla distribucion.inv_productos
CREATE TABLE IF NOT EXISTS `inv_productos` (
  `id_producto` int(11) NOT NULL AUTO_INCREMENT,
  `codigo` varchar(50) NOT NULL,
  `codigo_barras` varchar(50) DEFAULT '',
  `nombre` varchar(100) NOT NULL,
  `nombre_factura` varchar(100) NOT NULL,
  `promocion` varchar(10) DEFAULT '',
  `fecha_registro` date NOT NULL,
  `hora_registro` time NOT NULL,
  `fecha_vencimiento` date DEFAULT NULL,
  `fecha_limite` date DEFAULT '1000-01-01',
  `precio_actual` decimal(10,2) DEFAULT 0.00,
  `cantidad_minima` int(11) NOT NULL,
  `imagen` varchar(100) NOT NULL DEFAULT '',
  `ubicacion` text DEFAULT NULL,
  `descripcion` text NOT NULL,
  `unidad_id` int(11) NOT NULL,
  `categoria_id` int(11) NOT NULL,
  `marca_id` int(11) NOT NULL DEFAULT 0,
  `sigla_contenedor` varchar(100) DEFAULT NULL,
  `nro_dui` varchar(100) NOT NULL DEFAULT '0',
  `precio_sugerido` decimal(10,2) DEFAULT 0.00,
  `grupo` varchar(50) DEFAULT '',
  `regalo` int(11) NOT NULL DEFAULT 0,
  `marca` varchar(100) DEFAULT NULL,
  `eliminado` tinyint(1) NOT NULL DEFAULT 0,
  PRIMARY KEY (`id_producto`),
  KEY `unidad_id` (`unidad_id`),
  KEY `categoria_id` (`categoria_id`),
  KEY `marca_id` (`marca_id`)
) ENGINE=MyISAM AUTO_INCREMENT=121 DEFAULT CHARSET=utf8;

-- Volcando datos para la tabla distribucion.inv_productos: 120 rows
/*!40000 ALTER TABLE `inv_productos` DISABLE KEYS */;
INSERT INTO `inv_productos` (`id_producto`, `codigo`, `codigo_barras`, `nombre`, `nombre_factura`, `promocion`, `fecha_registro`, `hora_registro`, `fecha_vencimiento`, `fecha_limite`, `precio_actual`, `cantidad_minima`, `imagen`, `ubicacion`, `descripcion`, `unidad_id`, `categoria_id`, `marca_id`, `sigla_contenedor`, `nro_dui`, `precio_sugerido`, `grupo`, `regalo`, `marca`, `eliminado`) VALUES
	(1, '300000', '300000', 'MAICENA CAJA 200 g', 'MAICENA CAJA 200 g', '', '2022-11-17', '10:12:19', NULL, '1000-01-01', 3.30, 10, '', '', '', 18, 5, 0, '', '0', 0.00, '', 0, '', 0),
	(2, '300003', '300003', 'MAICENA BOLSA 200 g', 'MAICENA BOLSA 200 g', '', '2022-11-17', '10:12:19', NULL, '1000-01-01', 3.00, 10, '', '', '', 20, 5, 0, '', '0', 0.00, '', 0, '', 0),
	(3, '300065', '300065', 'POLVO DE HORNEAR KRIS 57 g', 'POLVO DE HORNEAR KRIS 57 g', '', '2022-11-17', '10:12:19', NULL, '1000-01-01', 20.00, 10, '', '', '', 21, 6, 0, '', '0', 0.00, '', 0, '', 0),
	(4, '300074', '300074', 'PURE DE PAPAS KRIS 125 g', 'PURE DE PAPAS KRIS 125 g', '', '2022-11-17', '10:12:19', NULL, '1000-01-01', 8.00, 10, '', '', '', 20, 5, 0, '', '0', 0.00, '', 0, '', 0),
	(5, '300078', '300078', 'MOSTAZA KRIS DOYPACK 200 g', 'MOSTAZA KRIS DOYPACK 200 g', '', '2022-11-17', '10:12:19', NULL, '1000-01-01', 5.10, 10, '', '', '', 20, 7, 0, '', '0', 0.00, '', 0, '', 0),
	(6, '300080', '300080', 'MOSTAZA KRIS GALON 4 kg', 'MOSTAZA KRIS GALON 4 kg', '', '2022-11-17', '10:12:19', NULL, '1000-01-01', 51.51, 10, '', '', '', 23, 7, 0, '', '0', 0.00, '', 0, '', 0),
	(7, '300083', '300083', 'MOSTAZA KRIS SOBRE 50 g', 'MOSTAZA KRIS SOBRE 50 g', '', '2022-11-17', '10:12:19', NULL, '1000-01-01', 28.50, 10, '', '', '', 21, 7, 0, '', '0', 0.00, '', 0, '', 0),
	(8, '300101', '300101', 'KETCHUP KRIS DOYPACK 200 g', 'KETCHUP KRIS DOYPACK 200 g', '', '2022-11-17', '10:12:19', NULL, '1000-01-01', 5.00, 10, '', '', '', 20, 7, 0, '', '0', 0.00, '', 0, '', 0),
	(9, '300107', '300107', 'KETCHUP KRIS SOBRE 50 g', 'KETCHUP KRIS SOBRE 50 g', '', '2022-11-17', '10:12:19', NULL, '1000-01-01', 28.80, 10, '', '', '', 21, 7, 0, '', '0', 0.00, '', 0, '', 0),
	(10, '300108', '300108', 'KETCHUP KRIS SOBRE 9 g', 'KETCHUP KRIS SOBRE 9 g', '', '2022-11-17', '10:12:19', NULL, '1000-01-01', 47.00, 10, '', '', '', 21, 7, 0, '', '0', 0.00, '', 0, '', 0),
	(11, '300124', '300124', 'KETCHUP REAL GALON 4 kg', 'KETCHUP REAL GALON 4 kg', '', '2022-11-17', '10:12:19', NULL, '1000-01-01', 41.00, 10, '', '', '', 23, 7, 0, '', '0', 0.00, '', 0, '', 0),
	(12, '300125', '300125', 'KETCHUP REAL SOBRE 9 g', 'KETCHUP REAL SOBRE 9 g', '', '2022-11-17', '10:12:19', NULL, '1000-01-01', 37.80, 10, '', '', '', 21, 7, 0, '', '0', 0.00, '', 0, '', 0),
	(13, '300189', '300189', 'MAYONESA REAL SOBRE 9 ml', 'MAYONESA REAL SOBRE 9 ml', '', '2022-11-17', '10:12:19', NULL, '1000-01-01', 46.00, 10, '', '', '', 21, 7, 0, '', '0', 0.00, '', 0, '', 0),
	(14, '300192', '300192', 'MAYONESA REAL GALON 3650 ml', 'MAYONESA REAL GALON 3650 ml', '', '2022-11-17', '10:12:19', NULL, '1000-01-01', 57.80, 10, '', '', '', 23, 7, 0, '', '0', 0.00, '', 0, '', 0),
	(15, '300266', '300266', 'LEVADURA SECA 20 g', 'LEVADURA SECA 20 g', '', '2022-11-17', '10:12:19', NULL, '1000-01-01', 37.80, 10, '', '', '', 21, 6, 0, '', '0', 0.00, '', 0, '', 0),
	(16, '300701', '300701', 'REFRESCO REAL SURTIDO 14 G X 25', 'REFRESCO REAL SURTIDO 14 G X 25', '', '2022-11-17', '10:12:19', NULL, '1000-01-01', 7.90, 10, '', '', '', 21, 8, 0, '', '0', 0.00, '', 0, '', 0),
	(17, '300712', '300712', 'PACK LAVAVAJILLA LIMON1050  LIMON600CC', 'PACK LAVAVAJILLA LIMON1050  LIMON600CC', '', '2022-11-17', '10:12:19', NULL, '1000-01-01', 16.00, 10, '', '', '', 24, 9, 0, '', '0', 0.00, '', 0, '', 0),
	(18, '300713', '300713', 'PACKLAVAVAJILLALIMON1050LIMOCITRON600CC', 'PACKLAVAVAJILLALIMON1050LIMOCITRON600CC', '', '2022-11-17', '10:12:19', NULL, '1000-01-01', 16.00, 10, '', '', '', 24, 9, 0, '', '0', 0.00, '', 0, '', 0),
	(19, '300852', '300852', 'GELATINA FRUTILLA 250 G', 'GELATINA FRUTILLA 250 G', '', '2022-11-17', '10:12:19', NULL, '1000-01-01', 4.50, 10, '', '', '', 20, 10, 0, '', '0', 0.00, '', 0, '', 0),
	(20, '300853', '300853', 'GELATINA FRAMBUESA 250 G', 'GELATINA FRAMBUESA 250 G', '', '2022-11-17', '10:12:19', NULL, '1000-01-01', 4.50, 10, '', '', '', 20, 10, 0, '', '0', 0.00, '', 0, '', 0),
	(21, '300854', '300854', 'GELATINA CEREZA 250 G', 'GELATINA CEREZA 250 G', '', '2022-11-17', '10:12:19', NULL, '1000-01-01', 4.50, 10, '', '', '', 20, 10, 0, '', '0', 0.00, '', 0, '', 0),
	(22, '300855', '300855', 'GELATINA NARANJA 250 G', 'GELATINA NARANJA 250 G', '', '2022-11-17', '10:12:19', NULL, '1000-01-01', 4.50, 10, '', '', '', 20, 10, 0, '', '0', 0.00, '', 0, '', 0),
	(23, '300856', '300856', 'GELATINA PIA 250 G', 'GELATINA PIA 250 G', '', '2022-11-17', '10:12:19', NULL, '1000-01-01', 4.50, 10, '', '', '', 20, 10, 0, '', '0', 0.00, '', 0, '', 0),
	(24, '300857', '300857', 'GELATINA LIMON 250 G', 'GELATINA LIMON 250 G', '', '2022-11-17', '10:12:19', NULL, '1000-01-01', 4.50, 10, '', '', '', 20, 10, 0, '', '0', 0.00, '', 0, '', 0),
	(25, '300943', '300943', 'PACK LAVAVAJILLA LIMON1050 NEUTRO 600CC', 'PACK LAVAVAJILLA LIMON1050 NEUTRO 600CC', '', '2022-11-17', '10:12:19', NULL, '1000-01-01', 16.00, 10, '', '', '', 24, 9, 0, '', '0', 0.00, '', 0, '', 0),
	(26, '300984', '300984', 'MAYONESA KRIS DOYPACK 225 ML', 'MAYONESA KRIS DOYPACK 225 ML', '', '2022-11-17', '10:12:19', NULL, '1000-01-01', 7.00, 10, '', '', '', 20, 7, 0, '', '0', 0.00, '', 0, '', 0),
	(27, '301040', '301040', 'MAYONESA KRIS SOBRE 47 ML', 'MAYONESA KRIS SOBRE 47 ML', '', '2022-11-17', '10:12:19', NULL, '1000-01-01', 29.90, 10, '', '', '', 21, 7, 0, '', '0', 0.00, '', 0, '', 0),
	(28, '301041', '301041', 'MAYONESA KRIS SOBRE 120 ML', 'MAYONESA KRIS SOBRE 120 ML', '', '2022-11-17', '10:12:19', NULL, '1000-01-01', 64.90, 10, '', '', '', 21, 7, 0, '', '0', 0.00, '', 0, '', 0),
	(29, '400000', '400000', 'ACEITE OLIVA VIRGEN EXTRA 500 ml', 'ACEITE OLIVA VIRGEN EXTRA 500 ml', '', '2022-11-17', '10:12:19', NULL, '1000-01-01', 33.00, 10, '', '', '', 26, 11, 0, '', '0', 0.00, '', 0, '', 0),
	(30, '400136', '400136', 'ATUN EN AGUA Y SAL EL PESCADOR 170 G', 'ATUN EN AGUA Y SAL EL PESCADOR 170 G', '', '2022-11-17', '10:12:19', NULL, '1000-01-01', 10.80, 10, '', '', '', 27, 12, 0, '', '0', 0.00, '', 0, '', 0),
	(31, '400137', '400137', 'JUREL EN SALSA TOMATE TALL PESCADOR 425/280G', 'JUREL EN SALSA TOMATE TALL PESCADOR 425/280G', '', '2022-11-17', '10:12:19', NULL, '1000-01-01', 12.80, 10, '', '', '', 27, 12, 0, '', '0', 0.00, '', 0, '', 0),
	(32, '600152', '600152', 'B REFRESCANTE MOCOCHINCHI DE 2 L LCC', 'B REFRESCANTE MOCOCHINCHI DE 2 L LCC', '', '2022-11-17', '10:12:19', NULL, '1000-01-01', 8.50, 10, '', '', '', 26, 13, 0, '', '0', 0.00, '', 0, '', 0),
	(33, '600154', '600154', 'B REFRESCANTE CHICHA CAMBA DE 2 L LCC', 'B REFRESCANTE CHICHA CAMBA DE 2 L LCC', '', '2022-11-17', '10:12:19', NULL, '1000-01-01', 8.50, 10, '', '', '', 26, 13, 0, '', '0', 0.00, '', 0, '', 0),
	(34, '600158', '600158', 'AGUA SPERANZA DE 2 L', 'AGUA SPERANZA DE 2 L', '', '2022-11-17', '10:12:19', NULL, '1000-01-01', 4.00, 10, '', '', '', 26, 14, 0, '', '0', 0.00, '', 0, '', 0),
	(35, '300042', '300042', 'AVENA INSTANTANEA 400 g', 'AVENA INSTANTANEA 400 g', '', '2022-11-17', '10:12:19', NULL, '1000-01-01', 8.50, 10, '', '', '', 18, 5, 0, '', '0', 0.00, '', 0, '', 0),
	(36, '301052', '301052', 'MOSTAZA KRIS SOBRE 47ML', 'MOSTAZA KRIS SOBRE 47ML', '', '2022-11-17', '10:12:19', NULL, '1000-01-01', 28.50, 10, '', '', '', 21, 5, 0, '', '0', 0.00, '', 0, '', 0),
	(37, '300886', '300886', 'SACA GRASA EXTRA FUERTE RECARGA 900 MLNI', 'SACA GRASA EXTRA FUERTE RECARGA 900 MLNI', '', '2022-11-17', '10:12:19', NULL, '1000-01-01', 11.50, 10, '', '', '', 26, 9, 0, '', '0', 0.00, '', 0, '', 0),
	(38, '300885', '300885', 'SACA GRASA EXTRA FUERTE ORIGINAL900 MLNI', 'SACA GRASA EXTRA FUERTE ORIGINAL900 MLNI', '', '2022-11-17', '10:12:19', NULL, '1000-01-01', 14.50, 10, '', '', '', 26, 9, 0, '', '0', 0.00, '', 0, '', 0),
	(39, '50106', '50106', ' Cocoa  Orgnico  Blsa  250 g', ' Cocoa  Orgnico  Blsa  250 g', '', '2022-11-17', '10:12:19', NULL, '1000-01-01', 11.00, 10, '', '', '', 20, 15, 0, '', '0', 0.00, '', 0, '', 0),
	(40, '50114', '50114', ' Cocoa  Organico  Blsa 150 g', ' Cocoa  Organico  Blsa 150 g', '', '2022-11-17', '10:12:19', NULL, '1000-01-01', 9.50, 10, '', '', '', 20, 15, 0, '', '0', 0.00, '', 0, '', 0),
	(41, '50119', '50119', ' Cocoa  Organico  Blsa 50 g', ' Cocoa  Organico  Blsa 50 g', '', '2022-11-17', '10:12:19', NULL, '1000-01-01', 3.00, 10, '', '', '', 20, 15, 0, '', '0', 0.00, '', 0, '', 0),
	(42, '50117', '50117', ' Cocoa  Natural Blsa  250 g', ' Cocoa  Natural Blsa  250 g', '', '2022-11-17', '10:12:19', NULL, '1000-01-01', 11.00, 10, '', '', '', 20, 15, 0, '', '0', 0.00, '', 0, '', 0),
	(43, '50116', '50116', ' Cocoa  Natural  Blsa 150 g', ' Cocoa  Natural  Blsa 150 g', '', '2022-11-17', '10:12:19', NULL, '1000-01-01', 8.50, 10, '', '', '', 20, 15, 0, '', '0', 0.00, '', 0, '', 0),
	(44, '50901', '50901', ' Chocolate de Cocina Bollo  1 Kg', ' Chocolate de Cocina Bollo  1 Kg', '', '2022-11-17', '10:12:19', NULL, '1000-01-01', 45.00, 10, '', '', '', 21, 16, 0, '', '0', 0.00, '', 0, '', 0),
	(45, '50301', '50301', ' Chocolate Submarino Tableta  200 g', ' Chocolate Submarino Tableta  200 g', '', '2022-11-17', '10:12:19', NULL, '1000-01-01', 19.00, 10, '', '', '', 28, 16, 0, '', '0', 0.00, '', 0, '', 0),
	(46, '50302', '50302', ' Chocolate Tableta con Leche 100 g', ' Chocolate Tableta con Leche 100 g', '', '2022-11-17', '10:12:19', NULL, '1000-01-01', 12.00, 10, '', '', '', 28, 16, 0, '', '0', 0.00, '', 0, '', 0),
	(47, '50303', '50303', ' Chocolate Tableta con mani 100 g', ' Chocolate Tableta con mani 100 g', '', '2022-11-17', '10:12:19', NULL, '1000-01-01', 12.00, 10, '', '', '', 28, 16, 0, '', '0', 0.00, '', 0, '', 0),
	(48, '50304', '50304', ' Chocolate Tableta con Pasas de uva 100 g', ' Chocolate Tableta con Pasas de uva 100 g', '', '2022-11-17', '10:12:19', NULL, '1000-01-01', 12.00, 10, '', '', '', 28, 16, 0, '', '0', 0.00, '', 0, '', 0),
	(49, '50305', '50305', ' Chocolate Aventura  Leche 20 g', ' Chocolate Aventura  Leche 20 g', '', '2022-11-17', '10:12:19', NULL, '1000-01-01', 56.00, 10, '', '', '', 21, 16, 0, '', '0', 0.00, '', 0, '', 0),
	(50, '50306', '50306', ' Chocolate Aventura Pasas  20 g', ' Chocolate Aventura Pasas  20 g', '', '2022-11-17', '10:12:19', NULL, '1000-01-01', 56.00, 10, '', '', '', 21, 16, 0, '', '0', 0.00, '', 0, '', 0),
	(51, '50307', '50307', ' Chocolate Aventura Quinua  20 g', ' Chocolate Aventura Quinua  20 g', '', '2022-11-17', '10:12:19', NULL, '1000-01-01', 56.00, 10, '', '', '', 21, 16, 0, '', '0', 0.00, '', 0, '', 0),
	(52, '50308', '50308', ' Chocolate Aventura  Amaranto  20 g', ' Chocolate Aventura  Amaranto  20 g', '', '2022-11-17', '10:12:19', NULL, '1000-01-01', 56.00, 10, '', '', '', 21, 16, 0, '', '0', 0.00, '', 0, '', 0),
	(53, '50312', '50312', ' Chocolate Aventura  Blanco 20 g', ' Chocolate Aventura  Blanco 20 g', '', '2022-11-17', '10:12:19', NULL, '1000-01-01', 56.00, 10, '', '', '', 21, 16, 0, '', '0', 0.00, '', 0, '', 0),
	(54, '51104', '51104', ' Grageas de Mani    50 g', ' Grageas de Mani    50 g', '', '2022-11-17', '10:12:19', NULL, '1000-01-01', 6.00, 10, '', '', '', 28, 16, 0, '', '0', 0.00, '', 0, '', 0),
	(55, '51105', '51105', ' Grageas de Arroz    50 g', ' Grageas de Arroz    50 g', '', '2022-11-17', '10:12:19', NULL, '1000-01-01', 6.00, 10, '', '', '', 28, 16, 0, '', '0', 0.00, '', 0, '', 0),
	(56, '51106', '51106', ' Grageas de Pasas de uva   50 g', ' Grageas de Pasas de uva   50 g', '', '2022-11-17', '10:12:19', NULL, '1000-01-01', 6.00, 10, '', '', '', 28, 16, 0, '', '0', 0.00, '', 0, '', 0),
	(57, '51110', '51110', '  Filipitos - gritz de maiz   30 g', '  Filipitos - gritz de maiz   30 g', '', '2022-11-17', '10:12:19', NULL, '1000-01-01', 2.00, 10, '', '', '', 28, 16, 0, '', '0', 0.00, '', 0, '', 0),
	(58, '51115', '51115', '  Filipitos - gritz de maiz  200 g', '  Filipitos - gritz de maiz  200 g', '', '2022-11-17', '10:12:19', NULL, '1000-01-01', 13.00, 10, '', '', '', 28, 16, 0, '', '0', 0.00, '', 0, '', 0),
	(59, '51116', '51116', '  Fido - fideos con chocolate  200 g', '  Fido - fideos con chocolate  200 g', '', '2022-11-17', '10:12:19', NULL, '1000-01-01', 13.00, 10, '', '', '', 28, 16, 0, '', '0', 0.00, '', 0, '', 0),
	(60, '51117', '51117', '  Fido - fideos con chocolate  30 g', '  Fido - fideos con chocolate  30 g', '', '2022-11-17', '10:12:19', NULL, '1000-01-01', 2.00, 10, '', '', '', 28, 16, 0, '', '0', 0.00, '', 0, '', 0),
	(61, '50801', '50801', ' Bombones Selectos en Cja  125 g', ' Bombones Selectos en Cja  125 g', '', '2022-11-17', '10:12:19', NULL, '1000-01-01', 30.00, 10, '', '', '', 28, 16, 0, '', '0', 0.00, '', 0, '', 0),
	(62, '50806', '50806', ' Bombones Seduccion con cerry rojo en Cja  ', ' Bombones Seduccion con cerry rojo en Cja  ', '', '2022-11-17', '10:12:19', NULL, '1000-01-01', 45.00, 10, '', '', '', 28, 16, 0, '', '0', 0.00, '', 0, '', 0),
	(63, '50807', '50807', ' Bombones Seduccion con cerry azul en Cja  ', ' Bombones Seduccion con cerry azul en Cja  ', '', '2022-11-17', '10:12:19', NULL, '1000-01-01', 45.00, 10, '', '', '', 28, 16, 0, '', '0', 0.00, '', 0, '', 0),
	(64, '50311', '50311', 'Tabletas Te amo', 'Tabletas Te amo', '', '2022-11-17', '10:12:19', NULL, '1000-01-01', 20.00, 10, '', '', '', 28, 16, 0, '', '0', 0.00, '', 0, '', 0),
	(65, '50730', '50730', 'Oso po Panda ', 'Oso po Panda ', '', '2022-11-17', '10:12:19', NULL, '1000-01-01', 25.00, 10, '', '', '', 28, 16, 0, '', '0', 0.00, '', 0, '', 0),
	(66, '50401', '50401', 'intenso 216 g', 'intenso 216 g', '', '2022-11-17', '10:12:19', NULL, '1000-01-01', 40.00, 10, '', '', '', 28, 16, 0, '', '0', 0.00, '', 0, '', 0),
	(67, '50404', '50404', ' Chocolate Fine  Dark con Nibs y sal  20 g', ' Chocolate Fine  Dark con Nibs y sal  20 g', '', '2022-11-17', '10:12:19', NULL, '1000-01-01', 6.00, 10, '', '', '', 28, 16, 0, '', '0', 0.00, '', 0, '', 0),
	(68, '50410', '50410', ' Chocolate Fine Dark   Heitage    20 g', ' Chocolate Fine Dark   Heitage    20 g', '', '2022-11-17', '10:12:19', NULL, '1000-01-01', 6.50, 10, '', '', '', 28, 16, 0, '', '0', 0.00, '', 0, '', 0),
	(69, '51120', '51120', 'Burbujitas Menta 50 GR', 'Burbujitas Menta 50 GR', '', '2022-11-17', '10:12:19', NULL, '1000-01-01', 5.00, 10, '', '', '', 28, 16, 0, '', '0', 0.00, '', 0, '', 0),
	(70, '9000111', '9000111', 'AJINOSILLAO FRASCO X 150 ML', 'AJINOSILLAO FRASCO X 150 ML', '', '2022-11-17', '10:12:19', NULL, '1000-01-01', 3.08, 10, '', '', '', 29, 17, 0, '', '0', 0.00, '', 0, '', 0),
	(71, '9000114', '9000114', 'AJINOSILLAO FRASCO X 1 LT', 'AJINOSILLAO FRASCO X 1 LT', '', '2022-11-17', '10:12:19', NULL, '1000-01-01', 15.00, 10, '', '', '', 26, 17, 0, '', '0', 0.00, '', 0, '', 0),
	(72, '9000116', '9000116', 'DOA GUSTA GALLINA TIRA X 10 SB X 7', 'DOA GUSTA GALLINA TIRA X 10 SB X 7', '', '2022-11-17', '10:12:19', NULL, '1000-01-01', 28.00, 10, '', '', '', 20, 17, 0, '', '0', 0.00, '', 0, '', 0),
	(73, '9000117', '9000117', 'DOA GUSTA CARNE TIRA X 10 SB X 7 G', 'DOA GUSTA CARNE TIRA X 10 SB X 7 G', '', '2022-11-17', '10:12:19', NULL, '1000-01-01', 28.00, 10, '', '', '', 20, 17, 0, '', '0', 0.00, '', 0, '', 0),
	(74, '9000118', '9000118', 'DOA GUSTA COSTILLA TIRA X 10 SB X', 'DOA GUSTA COSTILLA TIRA X 10 SB X', '', '2022-11-17', '10:12:19', NULL, '1000-01-01', 28.00, 10, '', '', '', 20, 17, 0, '', '0', 0.00, '', 0, '', 0),
	(75, '9000124', '9000124', 'AJINOMEN GALLINA SB X 86 GR', 'AJINOMEN GALLINA SB X 86 GR', '', '2022-11-17', '10:12:19', NULL, '1000-01-01', 2.25, 10, '', '', '', 28, 17, 0, '', '0', 0.00, '', 0, '', 0),
	(76, '9000125', '9000125', 'AJINOMEN POLLO SB X 86 GR', 'AJINOMEN POLLO SB X 86 GR', '', '2022-11-17', '10:12:19', NULL, '1000-01-01', 2.25, 10, '', '', '', 28, 17, 0, '', '0', 0.00, '', 0, '', 0),
	(77, '9000126', '9000126', 'AJINOMEN CARNE SB X 86 GR', 'AJINOMEN CARNE SB X 86 GR', '', '2022-11-17', '10:12:19', NULL, '1000-01-01', 2.25, 10, '', '', '', 28, 17, 0, '', '0', 0.00, '', 0, '', 0),
	(78, '9000127', '9000127', 'AJINOMEN COSTILLA DE RES SB X 86 G', 'AJINOMEN COSTILLA DE RES SB X 86 G', '', '2022-11-17', '10:12:19', NULL, '1000-01-01', 2.25, 10, '', '', '', 28, 17, 0, '', '0', 0.00, '', 0, '', 0),
	(79, '9000128', '9000128', 'AJINOMEN GALLINA PICANTE SB X 86 G', 'AJINOMEN GALLINA PICANTE SB X 86 G', '', '2022-11-17', '10:12:19', NULL, '1000-01-01', 2.25, 10, '', '', '', 28, 17, 0, '', '0', 0.00, '', 0, '', 0),
	(80, '9000129', '9000129', 'AJINOMEN CARNE PICANTE SB X 79 GR', 'AJINOMEN CARNE PICANTE SB X 79 GR', '', '2022-11-17', '10:12:19', NULL, '1000-01-01', 2.25, 10, '', '', '', 28, 17, 0, '', '0', 0.00, '', 0, '', 0),
	(81, '9000130', '9000130', 'AJINOMEN POLLO/VERDURAS SB X 86 GR', 'AJINOMEN POLLO/VERDURAS SB X 86 GR', '', '2022-11-17', '10:12:19', NULL, '1000-01-01', 2.25, 10, '', '', '', 28, 17, 0, '', '0', 0.00, '', 0, '', 0),
	(82, '9000134', '9000134', 'DELI ARROZ BL X 20 X 12 GR', 'DELI ARROZ BL X 20 X 12 GR', '', '2022-11-17', '10:12:19', NULL, '1000-01-01', 28.00, 10, '', '', '', 20, 17, 0, '', '0', 0.00, '', 0, '', 0),
	(83, '9000146', '9000146', 'AJM VASO GALLINA X 51GR', 'AJM VASO GALLINA X 51GR', '', '2022-11-17', '10:12:19', NULL, '1000-01-01', 4.33, 10, '', '', '', 28, 17, 0, '', '0', 0.00, '', 0, '', 0),
	(84, '9000147', '9000147', 'AJM VASO POLLO X 51GR', 'AJM VASO POLLO X 51GR', '', '2022-11-17', '10:12:19', NULL, '1000-01-01', 4.33, 10, '', '', '', 28, 17, 0, '', '0', 0.00, '', 0, '', 0),
	(85, '9000148', '9000148', 'AJM VASO CARNE X 51GR', 'AJM VASO CARNE X 51GR', '', '2022-11-17', '10:12:19', NULL, '1000-01-01', 4.33, 10, '', '', '', 28, 17, 0, '', '0', 0.00, '', 0, '', 0),
	(86, '9000152', '9000152', 'AJM VASO GALLINA PICANTE X 51GR', 'AJM VASO GALLINA PICANTE X 51GR', '', '2022-11-17', '10:12:19', NULL, '1000-01-01', 4.33, 10, '', '', '', 28, 17, 0, '', '0', 0.00, '', 0, '', 0),
	(87, '3', '3', 'AZUCAR REFINADA DE 46 KG FRAC 1 KG X46 AGUAI', 'AZUCAR REFINADA DE 46 KG FRAC 1 KG X46 AGUAI', '', '2022-11-17', '10:12:19', NULL, '1000-01-01', 5.22, 10, '', '', '', 20, 18, 0, '', '0', 0.00, '', 0, '', 0),
	(88, '5', '5', 'AZUCAR REFINADA DE 50 KG FRAC 5 KG X10 AGUAI', 'AZUCAR REFINADA DE 50 KG FRAC 5 KG X10 AGUAI', '', '2022-11-17', '10:12:19', NULL, '1000-01-01', 25.50, 10, '', '', '', 20, 18, 0, '', '0', 0.00, '', 0, '', 0),
	(89, '41', '41', 'AZUCAR MORENA DE 46 KG FRAC 1 KG X46 AGUAI', 'AZUCAR MORENA DE 46 KG FRAC 1 KG X46 AGUAI', '', '2022-11-17', '10:12:19', NULL, '1000-01-01', 5.45, 10, '', '', '', 20, 19, 0, '', '0', 0.00, '', 0, '', 0),
	(90, '26001', '26001', 'PERLITA VERDE MALETA DE 26 METROS 1X4', 'PERLITA VERDE MALETA DE 26 METROS 1X4', '', '2022-11-17', '10:12:19', NULL, '1000-01-01', 68.00, 10, '', '', '', 30, 20, 0, '', '0', 0.00, '', 0, '', 0),
	(91, '26002', '26002', 'PERLITA VERDE BORRACHO DE 26  1X8', 'PERLITA VERDE BORRACHO DE 26  1X8', '', '2022-11-17', '10:12:19', NULL, '1000-01-01', 68.00, 10, '', '', '', 31, 20, 0, '', '0', 0.00, '', 0, '', 0),
	(92, '20001', '20001', 'PERLITA ECO AMARILLO PLANCHA 2X10', 'PERLITA ECO AMARILLO PLANCHA 2X10', '', '2022-11-17', '10:12:19', NULL, '1000-01-01', 18.00, 10, '', '', '', 32, 20, 0, '', '0', 0.00, '', 0, '', 0),
	(93, '20002', '20002', 'PERLITA HOJA DOBLE NARANJA 2X10', 'PERLITA HOJA DOBLE NARANJA 2X10', '', '2022-11-17', '10:12:19', NULL, '1000-01-01', 24.00, 10, '', '', '', 33, 20, 0, '', '0', 0.00, '', 0, '', 0),
	(94, '30001', '30001', 'PERLITA SERVILLETA NARANJA 6X500', 'PERLITA SERVILLETA NARANJA 6X500', '', '2022-11-17', '10:12:19', NULL, '1000-01-01', 46.00, 10, '', '', '', 34, 20, 0, '', '0', 0.00, '', 0, '', 0),
	(95, '30002', '30002', 'PERLITA SERVILLETA NARANJA 24X40', 'PERLITA SERVILLETA NARANJA 24X40', '', '2022-11-17', '10:12:19', NULL, '1000-01-01', 29.00, 10, '', '', '', 35, 20, 0, '', '0', 0.00, '', 0, '', 0),
	(96, '30301', '30301', 'PERLITA VERDE MALETA DE 30 METROS', 'PERLITA VERDE MALETA DE 30 METROS', '', '2022-11-17', '10:12:19', NULL, '1000-01-01', 75.00, 10, '', '', '', 25, 20, 0, '', '0', 0.00, '', 0, '', 0),
	(97, '30302', '30302', 'PERLITA VERDE BORRACHO DE 30 METROS', 'PERLITA VERDE BORRACHO DE 30 METROS', '', '2022-11-17', '10:12:19', NULL, '1000-01-01', 75.00, 10, '', '', '', 25, 20, 0, '', '0', 0.00, '', 0, '', 0),
	(98, '40001', '40001', 'PERLITA PAPEL DE COCINA NARANJA', 'PERLITA PAPEL DE COCINA NARANJA', '', '2022-11-17', '10:12:19', NULL, '1000-01-01', 70.00, 10, '', '', '', 25, 20, 0, '', '0', 0.00, '', 0, '', 0),
	(99, '40002', '40002', 'PERLITA PAPEL DE COCINA VERDE', 'PERLITA PAPEL DE COCINA VERDE', '', '2022-11-17', '10:12:19', NULL, '1000-01-01', 80.00, 10, '', '', '', 25, 20, 0, '', '0', 0.00, '', 0, '', 0),
	(100, '4579', '4579', 'DETERGENTE EN POLVO 750 GR LIMON  1X 16 LIMPIAMAX ', 'DETERGENTE EN POLVO 750 GR LIMON  1X 16 LIMPIAMAX ', '', '2022-11-17', '10:12:19', NULL, '1000-01-01', 9.50, 10, '', '', '', 20, 9, 0, '', '0', 0.00, '', 0, '', 0),
	(101, '4581', '4581', 'DETERGENTE EN POLVO 750 GR FLORAL  1X 16 LIMPIAMAX ', 'DETERGENTE EN POLVO 750 GR FLORAL  1X 16 LIMPIAMAX ', '', '2022-11-17', '10:12:19', NULL, '1000-01-01', 9.50, 10, '', '', '', 20, 9, 0, '', '0', 0.00, '', 0, '', 0),
	(102, '4542', '4542', 'DETERGENTE EN POLVO 1 KL LIMON  1X 12 LIMPIAMAX ', 'DETERGENTE EN POLVO 1 KL LIMON  1X 12 LIMPIAMAX ', '', '2022-11-17', '10:12:19', NULL, '1000-01-01', 12.50, 10, '', '', '', 20, 9, 0, '', '0', 0.00, '', 0, '', 0),
	(103, '4543', '4543', 'DETERGENTE EN POLVO 1 KL LAVANDA  1X 12 LIMPIAMAX ', 'DETERGENTE EN POLVO 1 KL LAVANDA  1X 12 LIMPIAMAX ', '', '2022-11-17', '10:12:19', NULL, '1000-01-01', 12.50, 10, '', '', '', 20, 9, 0, '', '0', 0.00, '', 0, '', 0),
	(104, '4544', '4544', 'DETERGENTE EN POLVO 1 KL FLORAL  1X 12 LIMPIAMAX ', 'DETERGENTE EN POLVO 1 KL FLORAL  1X 12 LIMPIAMAX ', '', '2022-11-17', '10:12:19', NULL, '1000-01-01', 12.50, 10, '', '', '', 20, 9, 0, '', '0', 0.00, '', 0, '', 0),
	(105, '4580', '4580', 'DETERGENTE EN POLVO 750 GR LAVANDA  1X 16 LIMPIAMAX ', 'DETERGENTE EN POLVO 750 GR LAVANDA  1X 16 LIMPIAMAX ', '', '2022-11-17', '10:12:19', NULL, '1000-01-01', 9.50, 10, '', '', '', 20, 9, 0, '', '0', 0.00, '', 0, '', 0),
	(106, '4547', '4547', 'DETERGENTE EN POLVO 2 KL FLORAL  1X 6 LIMPIAMAX ', 'DETERGENTE EN POLVO 2 KL FLORAL  1X 6 LIMPIAMAX ', '', '2022-11-17', '10:12:19', NULL, '1000-01-01', 26.00, 10, '', '', '', 20, 9, 0, '', '0', 0.00, '', 0, '', 0),
	(107, '4565', '4565', 'LAVAVAJILLAS LIMON LIMPIAMAX 1200 ML', 'LAVAVAJILLAS LIMON LIMPIAMAX 1200 ML', '', '2022-11-17', '10:12:19', NULL, '1000-01-01', 14.50, 10, '', '', '', 26, 9, 0, '', '0', 0.00, '', 0, '', 0),
	(108, '5638', '5638', 'LAVAVAJILLAS ECOMAX PODER LIMON 500ML', 'LAVAVAJILLAS ECOMAX PODER LIMON 500ML', '', '2022-11-17', '10:12:19', NULL, '1000-01-01', 4.50, 10, '', '', '', 26, 9, 0, '', '0', 0.00, '', 0, '', 0),
	(109, '5637', '5637', 'LAVAVAJILLAS ECOMAX PODER LIMON 1050 ML', 'LAVAVAJILLAS ECOMAX PODER LIMON 1050 ML', '', '2022-11-17', '10:12:19', NULL, '1000-01-01', 9.80, 10, '', '', '', 26, 9, 0, '', '0', 0.00, '', 0, '', 0),
	(110, 'PP0001', 'PP0001', 'PANETON 700 GR TRADICIONAL C/ FRUTAS ABRILL BOLSA TRANSP', 'PANETON 700 GR TRADICIONAL C/ FRUTAS ABRILL BOLSA TRANSP', '', '2022-11-17', '10:12:19', NULL, '1000-01-01', 10.00, 10, '', '', '', 28, 21, 0, '', '0', 0.00, '', 0, '', 0),
	(111, 'PP0002', 'PP0002', 'PANETON 700 GR TRADICIONAL C/ FRUTAS ABRILL Y UVAS P BOLSA ROJA', 'PANETON 700 GR TRADICIONAL C/ FRUTAS ABRILL Y UVAS P BOLSA ROJA', '', '2022-11-17', '10:12:19', NULL, '1000-01-01', 20.00, 10, '', '', '', 28, 21, 0, '', '0', 0.00, '', 0, '', 0),
	(112, 'PP0003', 'PP0003', 'PANETON 700 GR TRADICIONAL C/ FRUTAS ABRILL Y UVAS PASAS BOLSA CELEST', 'PANETON 700 GR TRADICIONAL C/ FRUTAS ABRILL Y UVAS PASAS BOLSA CELEST', '', '2022-11-17', '10:12:19', NULL, '1000-01-01', 20.00, 10, '', '', '', 28, 21, 0, '', '0', 0.00, '', 0, '', 0),
	(113, 'PP0004', 'PP0004', 'PANETON 700 GR CHOCOLATE C/ CHIPS DE CHOCOL BOLSA TRILAM', 'PANETON 700 GR CHOCOLATE C/ CHIPS DE CHOCOL BOLSA TRILAM', '', '2022-11-17', '10:12:19', NULL, '1000-01-01', 20.00, 10, '', '', '', 28, 21, 0, '', '0', 0.00, '', 0, '', 0),
	(114, 'PP0005', 'PP0005', 'PANETON 700 GR TRADICIONAL C/ FRUTAS ABRILL Y UVAS P CAJA', 'PANETON 700 GR TRADICIONAL C/ FRUTAS ABRILL Y UVAS P CAJA', '', '2022-11-17', '10:12:19', NULL, '1000-01-01', 25.00, 10, '', '', '', 28, 21, 0, '', '0', 0.00, '', 0, '', 0),
	(115, 'PP0006', 'PP0006', 'PANETON 700 GR CHOCOLATE C/ CHIPS DE CHOCOL CAJA', 'PANETON 700 GR CHOCOLATE C/ CHIPS DE CHOCOL CAJA', '', '2022-11-17', '10:12:19', NULL, '1000-01-01', 25.00, 10, '', '', '', 28, 21, 0, '', '0', 0.00, '', 0, '', 0),
	(116, 'PP0007', 'PP0007', 'PANETON 700 GR TRADICIONAL C/ FRUTAS ABRILL CAJA C/RECUERDO PELOTA MUNDIAL', 'PANETON 700 GR TRADICIONAL C/ FRUTAS ABRILL CAJA C/RECUERDO PELOTA MUNDIAL', '', '2022-11-17', '10:12:19', NULL, '1000-01-01', 30.00, 10, '', '', '', 28, 21, 0, '', '0', 0.00, '', 0, '', 0),
	(117, 'PP0008', 'PP0008', 'PANETON 700 GR TRADICIONAL C/ FRUTAS ABRILL CAJA PERSONALIZADO MIN 500 UNID', 'PANETON 700 GR TRADICIONAL C/ FRUTAS ABRILL CAJA PERSONALIZADO MIN 500 UNID', '', '2022-11-17', '10:12:19', NULL, '1000-01-01', 30.00, 10, '', '', '', 28, 21, 0, '', '0', 0.00, '', 0, '', 0),
	(118, 'PP0009', 'PP0009', 'PANETON MARMOLADO CHOCOLATE Y VAINILLA  CAJA', 'PANETON MARMOLADO CHOCOLATE Y VAINILLA  CAJA', '', '2022-11-17', '10:12:19', NULL, '1000-01-01', 28.00, 10, '', '', '', 28, 21, 0, '', '0', 0.00, '', 0, '', 0),
	(119, 'PP0010', 'PP0010', 'PANETON 700 GR TRADICIONAL C/ FRUTAS ABRILL Y UVAS PASAS C/ TUPPER PLASTICO', 'PANETON 700 GR TRADICIONAL C/ FRUTAS ABRILL Y UVAS PASAS C/ TUPPER PLASTICO', '', '2022-11-17', '10:12:19', NULL, '1000-01-01', 30.00, 10, '', '', '', 28, 21, 0, '', '0', 0.00, '', 0, '', 0),
	(120, 'A0010', 'A0010', 'ARROZ FRACCIONADO KILO MORITA PLATINIUM', 'ARROZ FRACCIONADO KILO MORITA PLATINIUM', '', '2022-11-17', '10:12:19', NULL, '1000-01-01', 7.50, 10, '', '', '', 20, 5, 0, '', '0', 0.00, '', 0, '', 0);
/*!40000 ALTER TABLE `inv_productos` ENABLE KEYS */;

-- Volcando estructura para tabla distribucion.inv_proformas
CREATE TABLE IF NOT EXISTS `inv_proformas` (
  `id_proforma` int(11) NOT NULL AUTO_INCREMENT,
  `fecha_proforma` date NOT NULL,
  `hora_proforma` time NOT NULL,
  `descripcion` text NOT NULL,
  `nro_proforma` int(11) NOT NULL,
  `monto_total` decimal(10,2) NOT NULL,
  `adelanto` decimal(10,2) NOT NULL,
  `cliente_id` int(11) NOT NULL DEFAULT 0,
  `nombre_cliente` varchar(100) CHARACTER SET utf8 COLLATE utf8_unicode_ci NOT NULL,
  `nit_ci` varchar(20) CHARACTER SET utf8 COLLATE utf8_unicode_ci NOT NULL,
  `nro_registros` int(11) NOT NULL,
  `validez` int(11) NOT NULL,
  `observacion` text NOT NULL,
  `almacen_id` int(11) NOT NULL,
  `empleado_id` int(11) NOT NULL,
  `descuento_bs` decimal(10,2) DEFAULT NULL,
  `descuento_porcentaje` int(11) DEFAULT NULL,
  `monto_total_descuento` decimal(10,2) DEFAULT NULL,
  `id_egreso_convertido` int(11) NOT NULL DEFAULT 0,
  PRIMARY KEY (`id_proforma`),
  KEY `almacen_id` (`almacen_id`),
  KEY `empleado_id` (`empleado_id`),
  KEY `cliente_id` (`cliente_id`)
) ENGINE=MyISAM AUTO_INCREMENT=36 DEFAULT CHARSET=utf8;

-- Volcando datos para la tabla distribucion.inv_proformas: 28 rows
/*!40000 ALTER TABLE `inv_proformas` DISABLE KEYS */;
INSERT INTO `inv_proformas` (`id_proforma`, `fecha_proforma`, `hora_proforma`, `descripcion`, `nro_proforma`, `monto_total`, `adelanto`, `cliente_id`, `nombre_cliente`, `nit_ci`, `nro_registros`, `validez`, `observacion`, `almacen_id`, `empleado_id`, `descuento_bs`, `descuento_porcentaje`, `monto_total_descuento`, `id_egreso_convertido`) VALUES
	(8, '2022-09-28', '22:51:49', 'COTIZACIóN DE PRODUCTOS', 1, 55.00, 0.00, 4995, 'CLIENTE DE PRUEBA 2', '5938459374', 1, 30, 'DSA', 22, 1, 0.00, 0, 55.00, 0),
	(9, '2022-09-28', '22:52:00', 'COTIZACIóN DE PRODUCTOS', 2, 55.00, 0.00, 4995, 'CLIENTE DE PRUEBA 2', '5938459374', 1, 30, 'DSA', 22, 1, 0.00, 0, 55.00, 0),
	(10, '2022-09-28', '22:52:52', 'COTIZACIóN DE PRODUCTOS', 3, 55.00, 0.00, 4995, 'CLIENTE DE PRUEBA 2', '5938459374', 1, 30, 'DSA', 22, 1, 0.00, 0, 55.00, 0),
	(11, '2022-09-28', '22:53:11', 'COTIZACIóN DE PRODUCTOS', 4, 55.00, 0.00, 4995, 'CLIENTE DE PRUEBA 2', '5938459374', 1, 30, 'DSA', 22, 1, 0.00, 0, 55.00, 0),
	(12, '2022-09-28', '22:57:32', 'COTIZACIóN DE PRODUCTOS', 5, 55.00, 0.00, 4995, 'CLIENTE DE PRUEBA 2', '5938459374', 1, 30, 'DSA', 22, 1, 0.00, 0, 55.00, 0),
	(13, '2022-09-28', '22:58:25', 'COTIZACIóN DE PRODUCTOS', 6, 55.00, 0.00, 4995, 'CLIENTE DE PRUEBA 2', '5938459374', 1, 30, 'DSA', 22, 1, 0.00, 0, 55.00, 0),
	(14, '2022-09-28', '22:59:24', 'COTIZACIóN DE PRODUCTOS', 7, 55.00, 0.00, 4995, 'CLIENTE DE PRUEBA 2', '5938459374', 1, 30, 'DSA', 22, 1, 0.00, 0, 55.00, 0),
	(15, '2022-09-28', '23:00:11', 'COTIZACIóN DE PRODUCTOS', 8, 55.00, 0.00, 4995, 'CLIENTE DE PRUEBA 2', '5938459374', 1, 30, 'DSA', 22, 1, 0.00, 0, 55.00, 0),
	(16, '2022-09-28', '23:00:48', 'COTIZACIóN DE PRODUCTOS', 9, 55.00, 0.00, 4995, 'CLIENTE DE PRUEBA 2', '5938459374', 1, 30, '', 22, 1, 0.00, 0, 55.00, 0),
	(17, '2022-09-28', '23:00:56', 'COTIZACIóN DE PRODUCTOS', 10, 55.00, 0.00, 4995, 'CLIENTE DE PRUEBA 2', '5938459374', 1, 30, '', 22, 1, 0.00, 0, 55.00, 0),
	(18, '2022-09-28', '23:01:42', 'COTIZACIóN DE PRODUCTOS', 11, 55.00, 0.00, 4995, 'CLIENTE DE PRUEBA 2', '5938459374', 1, 30, '', 22, 1, 0.00, 0, 55.00, 0),
	(19, '2022-09-28', '23:02:11', 'COTIZACIóN DE PRODUCTOS', 12, 55.00, 0.00, 4995, 'CLIENTE DE PRUEBA 2', '5938459374', 1, 30, '', 22, 1, 0.00, 0, 55.00, 0),
	(20, '2022-09-28', '23:03:34', 'COTIZACIóN DE PRODUCTOS', 13, 55.00, 0.00, 4995, 'CLIENTE DE PRUEBA 2', '5938459374', 1, 30, '', 22, 1, 0.00, 0, 55.00, 0),
	(21, '2022-09-28', '23:03:51', 'COTIZACIóN DE PRODUCTOS', 14, 55.00, 0.00, 4995, 'CLIENTE DE PRUEBA 2', '5938459374', 1, 30, '', 22, 1, 0.00, 0, 55.00, 0),
	(22, '2022-09-28', '23:04:28', 'COTIZACIóN DE PRODUCTOS', 15, 55.00, 0.00, 4995, 'CLIENTE DE PRUEBA 2', '5938459374', 1, 30, '', 22, 1, 0.00, 0, 55.00, 0),
	(23, '2022-09-28', '23:06:07', 'COTIZACIóN DE PRODUCTOS', 16, 55.00, 0.00, 4995, 'CLIENTE DE PRUEBA 2', '5938459374', 1, 30, '', 22, 1, 0.00, 0, 55.00, 0),
	(24, '2022-09-28', '23:06:50', 'COTIZACIóN DE PRODUCTOS', 17, 5.00, 0.00, 4995, 'CLIENTE DE PRUEBA 2', '5938459374', 1, 30, '', 22, 1, 0.00, 0, 5.00, 0),
	(25, '2022-09-28', '23:07:36', 'COTIZACIóN DE PRODUCTOS', 18, 5.00, 0.00, 4995, 'CLIENTE DE PRUEBA 2', '5938459374', 1, 30, '', 22, 1, 0.00, 0, 5.00, 0),
	(26, '2022-09-28', '23:08:38', 'COTIZACIóN DE PRODUCTOS', 19, 5.00, 0.00, 4996, 'MARY', '98798734', 1, 30, '', 22, 1, 0.00, 0, 5.00, 0),
	(27, '2022-09-28', '23:09:11', 'COTIZACIóN DE PRODUCTOS', 20, 5.00, 0.00, 4996, 'MARY', '98798734', 1, 30, '', 22, 1, 0.00, 0, 5.00, 0),
	(28, '2022-09-28', '23:09:31', 'COTIZACIóN DE PRODUCTOS', 21, 5.00, 0.00, 4996, 'MARY', '98798734', 1, 30, '', 22, 1, 0.00, 0, 5.00, 0),
	(29, '2022-09-28', '23:09:40', 'COTIZACIóN DE PRODUCTOS', 22, 5.00, 0.00, 4996, 'MARY', '98798734', 1, 30, '', 22, 1, 0.00, 0, 5.00, 0),
	(30, '2022-09-28', '23:10:19', 'COTIZACIóN DE PRODUCTOS', 23, 5.00, 0.00, 4996, 'MARY', '98798734', 1, 30, '', 22, 1, 0.00, 0, 5.00, 0),
	(31, '2022-09-28', '23:10:27', 'COTIZACIóN DE PRODUCTOS', 24, 5.00, 0.00, 4996, 'MARY', '98798734', 1, 30, '', 22, 1, 0.00, 0, 5.00, 0),
	(32, '2022-09-28', '23:11:00', 'COTIZACIóN DE PRODUCTOS', 25, 5.00, 0.00, 4996, 'MARY', '98798734', 1, 30, '', 22, 1, 0.00, 0, 5.00, 0),
	(33, '2022-09-28', '23:12:21', 'COTIZACIóN DE PRODUCTOS', 26, 5.00, 0.00, 4996, 'MARY', '98798734', 1, 30, '', 22, 1, 0.00, 0, 5.00, 0),
	(34, '2022-10-12', '08:40:36', 'COTIZACIóN DE PRODUCTOS', 27, 173.33, 0.00, 4995, 'CLIENTE DE PRUEBA 2', '5938459374', 2, 30, '', 22, 1, 0.00, 0, 173.33, 0),
	(35, '2022-10-12', '08:49:01', 'COTIZACIóN DE PRODUCTOS', 28, 173.33, 0.00, 4997, 'CLIC CLIENTE DE PRUEBA', '0', 2, 30, '', 22, 1, 0.00, 0, 173.33, 0);
/*!40000 ALTER TABLE `inv_proformas` ENABLE KEYS */;

-- Volcando estructura para tabla distribucion.inv_proformas_detalles
CREATE TABLE IF NOT EXISTS `inv_proformas_detalles` (
  `id_detalle` int(11) NOT NULL AUTO_INCREMENT,
  `precio` decimal(10,2) NOT NULL,
  `unidad_id` int(11) NOT NULL,
  `cantidad` int(11) NOT NULL,
  `descuento` int(11) NOT NULL,
  `producto_id` int(11) NOT NULL,
  `proforma_id` int(11) NOT NULL,
  PRIMARY KEY (`id_detalle`),
  KEY `producto_id` (`producto_id`),
  KEY `proforma_id` (`proforma_id`)
) ENGINE=MyISAM AUTO_INCREMENT=54 DEFAULT CHARSET=utf8;

-- Volcando datos para la tabla distribucion.inv_proformas_detalles: 23 rows
/*!40000 ALTER TABLE `inv_proformas_detalles` DISABLE KEYS */;
INSERT INTO `inv_proformas_detalles` (`id_detalle`, `precio`, `unidad_id`, `cantidad`, `descuento`, `producto_id`, `proforma_id`) VALUES
	(31, 55.00, 39, 1, 0, 18, 8),
	(32, 55.00, 39, 1, 0, 18, 9),
	(33, 55.00, 39, 1, 0, 18, 10),
	(34, 55.00, 39, 1, 0, 18, 11),
	(35, 55.00, 39, 1, 0, 18, 12),
	(36, 55.00, 39, 1, 0, 18, 13),
	(37, 55.00, 39, 1, 0, 18, 14),
	(38, 55.00, 39, 1, 0, 18, 15),
	(39, 55.00, 39, 1, 0, 18, 16),
	(40, 55.00, 39, 1, 0, 18, 17),
	(41, 55.00, 39, 1, 0, 18, 18),
	(42, 55.00, 39, 1, 0, 18, 19),
	(43, 55.00, 39, 1, 0, 18, 20),
	(44, 55.00, 39, 1, 0, 18, 21),
	(45, 55.00, 39, 1, 0, 18, 22),
	(46, 5.00, 39, 1, 0, 20, 26),
	(47, 5.00, 39, 1, 0, 20, 30),
	(48, 5.00, 39, 1, 0, 20, 31),
	(49, 5.00, 39, 1, 0, 20, 33),
	(50, 120.00, 44, 1, 0, 2950, 34),
	(51, 53.33, 44, 1, 0, 352, 34),
	(52, 120.00, 44, 1, 0, 2950, 35),
	(53, 53.33, 44, 1, 0, 352, 35);
/*!40000 ALTER TABLE `inv_proformas_detalles` ENABLE KEYS */;

-- Volcando estructura para tabla distribucion.inv_promociones
CREATE TABLE IF NOT EXISTS `inv_promociones` (
  `id_promocion` int(11) NOT NULL,
  `producto_id` int(11) NOT NULL,
  `precio` decimal(10,2) NOT NULL,
  `unidad_id` int(11) NOT NULL,
  `cantidad` int(11) NOT NULL,
  `descuento` int(11) NOT NULL DEFAULT 0,
  KEY `producto_id` (`producto_id`)
) ENGINE=InnoDB DEFAULT CHARSET=utf8;

-- Volcando datos para la tabla distribucion.inv_promociones: ~0 rows (aproximadamente)
/*!40000 ALTER TABLE `inv_promociones` DISABLE KEYS */;
/*!40000 ALTER TABLE `inv_promociones` ENABLE KEYS */;

-- Volcando estructura para tabla distribucion.inv_promociones_monto
CREATE TABLE IF NOT EXISTS `inv_promociones_monto` (
  `id_promocion` int(11) NOT NULL AUTO_INCREMENT,
  `nombre` varchar(50) NOT NULL,
  `tipo` varchar(30) NOT NULL DEFAULT '',
  `fecha_ini` date NOT NULL,
  `fecha_fin` date NOT NULL,
  `descripcion` text NOT NULL,
  `min_promo` decimal(10,2) NOT NULL DEFAULT 0.00,
  `item_promo` varchar(200) NOT NULL DEFAULT '',
  `descuento_promo` int(10) NOT NULL DEFAULT 0,
  `monto_promo` decimal(10,2) NOT NULL,
  `egresos_ids` varchar(200) DEFAULT NULL,
  PRIMARY KEY (`id_promocion`)
) ENGINE=InnoDB AUTO_INCREMENT=4 DEFAULT CHARSET=utf8;

-- Volcando datos para la tabla distribucion.inv_promociones_monto: ~0 rows (aproximadamente)
/*!40000 ALTER TABLE `inv_promociones_monto` DISABLE KEYS */;
/*!40000 ALTER TABLE `inv_promociones_monto` ENABLE KEYS */;

-- Volcando estructura para tabla distribucion.inv_proveedores
CREATE TABLE IF NOT EXISTS `inv_proveedores` (
  `id_proveedor` int(11) NOT NULL AUTO_INCREMENT,
  `proveedor` varchar(200) NOT NULL,
  `nit` varchar(50) NOT NULL DEFAULT '',
  `direccion` text DEFAULT NULL,
  `telefono` varchar(50) DEFAULT NULL,
  `visible` enum('S','N') NOT NULL DEFAULT 'S',
  `tipo_id` int(11) NOT NULL DEFAULT 0,
  PRIMARY KEY (`id_proveedor`)
) ENGINE=InnoDB AUTO_INCREMENT=378 DEFAULT CHARSET=utf8;

-- Volcando datos para la tabla distribucion.inv_proveedores: ~2 rows (aproximadamente)
/*!40000 ALTER TABLE `inv_proveedores` DISABLE KEYS */;
INSERT INTO `inv_proveedores` (`id_proveedor`, `proveedor`, `nit`, `direccion`, `telefono`, `visible`, `tipo_id`) VALUES
	(376, 'PROVEEEDOR DE PRUEBA', '7239099333', 'PROVEEEDOR DE PRUEBA', '600000005', 'S', 0),
	(377, 'CHECKCODE', '0', NULL, NULL, 'S', 0);
/*!40000 ALTER TABLE `inv_proveedores` ENABLE KEYS */;

-- Volcando estructura para tabla distribucion.inv_proveedores_tipo
CREATE TABLE IF NOT EXISTS `inv_proveedores_tipo` (
  `id_tipo` int(11) NOT NULL AUTO_INCREMENT,
  `tipo` varchar(250) NOT NULL DEFAULT '',
  PRIMARY KEY (`id_tipo`)
) ENGINE=InnoDB AUTO_INCREMENT=5 DEFAULT CHARSET=utf8;

-- Volcando datos para la tabla distribucion.inv_proveedores_tipo: ~4 rows (aproximadamente)
/*!40000 ALTER TABLE `inv_proveedores_tipo` DISABLE KEYS */;
INSERT INTO `inv_proveedores_tipo` (`id_tipo`, `tipo`) VALUES
	(1, 'producto'),
	(2, 'servicio'),
	(3, 'ocacional'),
	(4, 'empleado');
/*!40000 ALTER TABLE `inv_proveedores_tipo` ENABLE KEYS */;

-- Volcando estructura para tabla distribucion.inv_requisitos_promo
CREATE TABLE IF NOT EXISTS `inv_requisitos_promo` (
  `id_requisitos` int(11) NOT NULL AUTO_INCREMENT,
  `promocion_monto_id` int(11) NOT NULL,
  `productos_id` int(11) NOT NULL,
  PRIMARY KEY (`id_requisitos`),
  KEY `productos_id` (`productos_id`)
) ENGINE=InnoDB DEFAULT CHARSET=utf8;

-- Volcando datos para la tabla distribucion.inv_requisitos_promo: ~0 rows (aproximadamente)
/*!40000 ALTER TABLE `inv_requisitos_promo` DISABLE KEYS */;
/*!40000 ALTER TABLE `inv_requisitos_promo` ENABLE KEYS */;

-- Volcando estructura para tabla distribucion.inv_terminales
CREATE TABLE IF NOT EXISTS `inv_terminales` (
  `id_terminal` int(11) NOT NULL AUTO_INCREMENT,
  `terminal` varchar(100) COLLATE utf8_unicode_ci NOT NULL,
  `identificador` varchar(20) COLLATE utf8_unicode_ci NOT NULL,
  `impresora` varchar(100) COLLATE utf8_unicode_ci NOT NULL,
  `descripcion` text COLLATE utf8_unicode_ci NOT NULL,
  PRIMARY KEY (`id_terminal`)
) ENGINE=MyISAM AUTO_INCREMENT=11 DEFAULT CHARSET=utf8 COLLATE=utf8_unicode_ci;

-- Volcando datos para la tabla distribucion.inv_terminales: 0 rows
/*!40000 ALTER TABLE `inv_terminales` DISABLE KEYS */;
/*!40000 ALTER TABLE `inv_terminales` ENABLE KEYS */;

-- Volcando estructura para tabla distribucion.inv_tipos_clientes
CREATE TABLE IF NOT EXISTS `inv_tipos_clientes` (
  `id_tipo_cliente` int(11) NOT NULL AUTO_INCREMENT,
  `tipo_cliente` varchar(50) NOT NULL,
  PRIMARY KEY (`id_tipo_cliente`)
) ENGINE=InnoDB AUTO_INCREMENT=23 DEFAULT CHARSET=utf8;

-- Volcando datos para la tabla distribucion.inv_tipos_clientes: ~4 rows (aproximadamente)
/*!40000 ALTER TABLE `inv_tipos_clientes` DISABLE KEYS */;
INSERT INTO `inv_tipos_clientes` (`id_tipo_cliente`, `tipo_cliente`) VALUES
	(17, 'Talleres'),
	(18, 'Publico en general'),
	(20, 'Mayorista o minorista'),
	(21, 'EXPORTADORES'),
	(22, 'DETALLISTAS');
/*!40000 ALTER TABLE `inv_tipos_clientes` ENABLE KEYS */;

-- Volcando estructura para tabla distribucion.inv_tipo_calculo
CREATE TABLE IF NOT EXISTS `inv_tipo_calculo` (
  `id` int(11) NOT NULL AUTO_INCREMENT,
  `tipo` varchar(100) COLLATE utf8_spanish_ci NOT NULL DEFAULT '',
  `sigla` varchar(10) COLLATE utf8_spanish_ci NOT NULL,
  PRIMARY KEY (`id`) USING BTREE
) ENGINE=InnoDB AUTO_INCREMENT=3 DEFAULT CHARSET=utf8 COLLATE=utf8_spanish_ci;

-- Volcando datos para la tabla distribucion.inv_tipo_calculo: ~2 rows (aproximadamente)
/*!40000 ALTER TABLE `inv_tipo_calculo` DISABLE KEYS */;
INSERT INTO `inv_tipo_calculo` (`id`, `tipo`, `sigla`) VALUES
	(1, 'porcentual', '%'),
	(2, 'puntual', '$');
/*!40000 ALTER TABLE `inv_tipo_calculo` ENABLE KEYS */;

-- Volcando estructura para tabla distribucion.inv_tipo_movimientos
CREATE TABLE IF NOT EXISTS `inv_tipo_movimientos` (
  `id_tipo_movimiento` int(11) NOT NULL AUTO_INCREMENT,
  `tipo_movimiento` varchar(100) COLLATE utf8_unicode_ci NOT NULL,
  PRIMARY KEY (`id_tipo_movimiento`)
) ENGINE=InnoDB AUTO_INCREMENT=5 DEFAULT CHARSET=utf8 COLLATE=utf8_unicode_ci;

-- Volcando datos para la tabla distribucion.inv_tipo_movimientos: ~4 rows (aproximadamente)
/*!40000 ALTER TABLE `inv_tipo_movimientos` DISABLE KEYS */;
INSERT INTO `inv_tipo_movimientos` (`id_tipo_movimiento`, `tipo_movimiento`) VALUES
	(1, 'electronica'),
	(2, 'nota'),
	(3, 'manual'),
	(4, 'proforma');
/*!40000 ALTER TABLE `inv_tipo_movimientos` ENABLE KEYS */;

-- Volcando estructura para tabla distribucion.inv_unidades
CREATE TABLE IF NOT EXISTS `inv_unidades` (
  `id_unidad` int(11) NOT NULL AUTO_INCREMENT,
  `unidad` varchar(100) CHARACTER SET latin1 NOT NULL,
  `sigla` varchar(10) CHARACTER SET latin1 NOT NULL DEFAULT '',
  `descripcion` text CHARACTER SET utf8 COLLATE utf8_unicode_ci NOT NULL,
  `tamanio` int(11) DEFAULT NULL,
  PRIMARY KEY (`id_unidad`)
) ENGINE=MyISAM AUTO_INCREMENT=36 DEFAULT CHARSET=utf8;

-- Volcando datos para la tabla distribucion.inv_unidades: 18 rows
/*!40000 ALTER TABLE `inv_unidades` DISABLE KEYS */;
INSERT INTO `inv_unidades` (`id_unidad`, `unidad`, `sigla`, `descripcion`, `tamanio`) VALUES
	(20, 'BOLSA', 'BOL', 'Sin descripcion', NULL),
	(19, 'CAJA', 'CAJ', 'Sin descripcion', NULL),
	(18, 'ESTUCHE', 'EST', 'Sin descripcion', NULL),
	(23, 'GALON', 'GAL', 'Sin descripcion', NULL),
	(22, 'KRIS', 'KRI', 'Sin descripcion', NULL),
	(21, 'DISPLAY', 'DIS', 'Sin descripcion', NULL),
	(24, 'PIEZA', 'PIE', 'Sin descripcion', NULL),
	(25, 'PAQUETE', 'PAQ', 'Sin descripcion', NULL),
	(26, 'BOTELLA', 'BOT', 'Sin descripcion', NULL),
	(27, 'LATA', 'LAT', 'Sin descripcion', NULL),
	(28, 'UNIDAD', 'UNI', 'Sin descripcion', NULL),
	(29, 'SIXPACK', 'SIX', 'Sin descripcion', NULL),
	(30, 'PAQUETE1X4', 'PAQ', 'Sin descripcion', NULL),
	(31, 'PAQUETE1X8', 'PAQ', 'Sin descripcion', NULL),
	(32, 'PAQUETE2X10', 'PAQ', 'Sin descripcion', NULL),
	(33, 'PAQUETE2X20', 'PAQ', 'Sin descripcion', NULL),
	(34, 'PAQUETE1X6', 'PAQ', 'Sin descripcion', NULL),
	(35, 'PAQUETE1X24', 'PAQ', 'Sin descripcion', NULL);
/*!40000 ALTER TABLE `inv_unidades` ENABLE KEYS */;

-- Volcando estructura para tabla distribucion.sys_desc_generales
CREATE TABLE IF NOT EXISTS `sys_desc_generales` (
  `id_config_descuento` int(11) NOT NULL AUTO_INCREMENT,
  `model_id` int(11) NOT NULL,
  `model_table` varchar(100) COLLATE utf8_unicode_ci DEFAULT NULL,
  `tipo_id` int(11) NOT NULL,
  `descuento` decimal(10,2) NOT NULL DEFAULT 0.00,
  `min_descuento` decimal(10,2) NOT NULL DEFAULT 0.00,
  `estado` enum('Activo','Inactivo') COLLATE utf8_unicode_ci NOT NULL DEFAULT 'Activo',
  PRIMARY KEY (`id_config_descuento`)
) ENGINE=InnoDB AUTO_INCREMENT=8 DEFAULT CHARSET=utf8 COLLATE=utf8_unicode_ci;

-- Volcando datos para la tabla distribucion.sys_desc_generales: ~0 rows (aproximadamente)
/*!40000 ALTER TABLE `sys_desc_generales` DISABLE KEYS */;
/*!40000 ALTER TABLE `sys_desc_generales` ENABLE KEYS */;

-- Volcando estructura para tabla distribucion.sys_desc_tipos
CREATE TABLE IF NOT EXISTS `sys_desc_tipos` (
  `id_tipo` int(11) NOT NULL AUTO_INCREMENT,
  `tipo` varchar(100) COLLATE utf8_unicode_ci NOT NULL,
  `sigla` varchar(20) COLLATE utf8_unicode_ci NOT NULL,
  PRIMARY KEY (`id_tipo`) USING BTREE
) ENGINE=InnoDB AUTO_INCREMENT=4 DEFAULT CHARSET=utf8 COLLATE=utf8_unicode_ci;

-- Volcando datos para la tabla distribucion.sys_desc_tipos: ~2 rows (aproximadamente)
/*!40000 ALTER TABLE `sys_desc_tipos` DISABLE KEYS */;
INSERT INTO `sys_desc_tipos` (`id_tipo`, `tipo`, `sigla`) VALUES
	(1, 'porcentaje', '%'),
	(2, 'efectivo', '$');
/*!40000 ALTER TABLE `sys_desc_tipos` ENABLE KEYS */;

-- Volcando estructura para tabla distribucion.sys_empleados
CREATE TABLE IF NOT EXISTS `sys_empleados` (
  `id_empleado` int(11) NOT NULL AUTO_INCREMENT,
  `nombres` varchar(100) CHARACTER SET latin1 NOT NULL,
  `paterno` varchar(100) CHARACTER SET latin1 NOT NULL,
  `materno` varchar(100) CHARACTER SET utf8 COLLATE utf8_unicode_ci NOT NULL DEFAULT '',
  `genero` enum('Masculino','Femenino') CHARACTER SET utf8 COLLATE utf8_unicode_ci NOT NULL DEFAULT 'Masculino',
  `fecha_nacimiento` date NOT NULL DEFAULT '0000-00-00',
  `telefono` varchar(100) CHARACTER SET latin1 NOT NULL DEFAULT '',
  `empresa` varchar(20) DEFAULT '',
  `cargo` varchar(100) CHARACTER SET latin1 DEFAULT '',
  `fecha` date DEFAULT '0000-00-00',
  `hora` time DEFAULT '00:00:00',
  PRIMARY KEY (`id_empleado`)
) ENGINE=MyISAM AUTO_INCREMENT=131 DEFAULT CHARSET=utf8;

-- Volcando datos para la tabla distribucion.sys_empleados: 4 rows
/*!40000 ALTER TABLE `sys_empleados` DISABLE KEYS */;
INSERT INTO `sys_empleados` (`id_empleado`, `nombres`, `paterno`, `materno`, `genero`, `fecha_nacimiento`, `telefono`, `empresa`, `cargo`, `fecha`, `hora`) VALUES
	(1, 'checkcode', 'checkcode', '', 'Masculino', '0000-00-00', '', NULL, '1', '2021-03-26', '16:14:20'),
	(128, 'distribuidor', '', '', 'Masculino', '0000-00-00', '', '', '1', '0000-00-00', '00:00:00'),
	(129, 'Dany', 'perez', 'castro', 'Masculino', '1994-02-02', '54604595', '', '1', '0000-00-00', '00:00:00'),
	(130, 'Daniel', 'Marquez', 'Rojas', 'Masculino', '1990-02-14', '345566090', '', '1', '0000-00-00', '00:00:00');
/*!40000 ALTER TABLE `sys_empleados` ENABLE KEYS */;

-- Volcando estructura para tabla distribucion.sys_instituciones
CREATE TABLE IF NOT EXISTS `sys_instituciones` (
  `id_institucion` int(11) NOT NULL AUTO_INCREMENT,
  `nombre` varchar(100) CHARACTER SET latin1 NOT NULL,
  `sigla` varchar(10) CHARACTER SET latin1 NOT NULL,
  `lema` varchar(200) CHARACTER SET utf8 COLLATE utf8_unicode_ci NOT NULL,
  `razon_social` text CHARACTER SET latin1 NOT NULL,
  `propietario` varchar(200) CHARACTER SET utf8 COLLATE utf8_unicode_ci NOT NULL,
  `direccion` varchar(300) CHARACTER SET utf8 COLLATE utf8_unicode_ci NOT NULL,
  `descripcion` varchar(1500) NOT NULL DEFAULT '',
  `telefono` varchar(100) CHARACTER SET utf8 COLLATE utf8_unicode_ci NOT NULL,
  `nit` varchar(20) CHARACTER SET utf8 COLLATE utf8_unicode_ci NOT NULL,
  `correo` varchar(100) NOT NULL,
  `imagen_encabezado` varchar(100) CHARACTER SET utf8 COLLATE utf8_unicode_ci NOT NULL,
  `pie_pagina` varchar(200) CHARACTER SET utf8 COLLATE utf8_unicode_ci NOT NULL,
  `formato` varchar(10) CHARACTER SET utf8 COLLATE utf8_unicode_ci NOT NULL,
  `tema` varchar(100) CHARACTER SET utf8 COLLATE utf8_unicode_ci NOT NULL,
  `empresa1` varchar(20) NOT NULL DEFAULT '',
  `empresa2` varchar(20) NOT NULL DEFAULT '',
  PRIMARY KEY (`id_institucion`)
) ENGINE=MyISAM AUTO_INCREMENT=2 DEFAULT CHARSET=utf8;

-- Volcando datos para la tabla distribucion.sys_instituciones: 1 rows
/*!40000 ALTER TABLE `sys_instituciones` DISABLE KEYS */;
INSERT INTO `sys_instituciones` (`id_institucion`, `nombre`, `sigla`, `lema`, `razon_social`, `propietario`, `direccion`, `descripcion`, `telefono`, `nit`, `correo`, `imagen_encabezado`, `pie_pagina`, `formato`, `tema`, `empresa1`, `empresa2`) VALUES
	(1, 'CHECKCODE', 'FA', 'VENTA DE PRODUCTOS', 'VENTA DE PRODUCTOS', 'CHECKCODE', 'CALLE 3 AVENIDA 6 DE MARZO', 'Atencion: Lun. a Vie. de 08:30 a 18:30 y Sab. de 08:30 a 13:00', '6000001', '6000001', 'checkcode@checkcode.bo', '7af745f8074e10dc76a12a8633e7ceed.jpg', 'CHECKCODE-DISTRIBUCION', 'Y-m-d', 'bootstrap', 'CHECKCODE', '');
/*!40000 ALTER TABLE `sys_instituciones` ENABLE KEYS */;

-- Volcando estructura para tabla distribucion.sys_menus
CREATE TABLE IF NOT EXISTS `sys_menus` (
  `id_menu` int(11) NOT NULL AUTO_INCREMENT,
  `menu` varchar(100) CHARACTER SET latin1 NOT NULL,
  `icono` varchar(100) CHARACTER SET latin1 NOT NULL,
  `ruta` varchar(200) CHARACTER SET latin1 NOT NULL,
  `modulo` varchar(100) CHARACTER SET utf8 COLLATE utf8_unicode_ci NOT NULL,
  `orden` int(11) NOT NULL DEFAULT 0,
  `antecesor_id` int(11) NOT NULL,
  PRIMARY KEY (`id_menu`)
) ENGINE=MyISAM AUTO_INCREMENT=151 DEFAULT CHARSET=utf8;

-- Volcando datos para la tabla distribucion.sys_menus: 114 rows
/*!40000 ALTER TABLE `sys_menus` DISABLE KEYS */;
INSERT INTO `sys_menus` (`id_menu`, `menu`, `icono`, `ruta`, `modulo`, `orden`, `antecesor_id`) VALUES
	(1, 'Módulo Administración', 'dashboard', '', '', 1, 0),
	(2, 'Configuración general', 'cog', '', '', 1, 1),
	(3, 'Apariencia del sistema', 'tint', '?/configuraciones/apariencia', 'configuraciones', 4, 2),
	(4, 'Información de la empresa', 'home', '?/configuraciones/institucion', 'configuraciones', 1, 2),
	(5, 'Ajustes sobre la fecha', 'cog', '?/configuraciones/preferencias', 'configuraciones', 3, 2),
	(6, 'Ajustes sobre los reportes', 'print', '?/configuraciones/reportes', 'configuraciones', 2, 2),
	(7, 'Registro de roles', 'stats', '?/roles/listar', 'roles', 2, 1),
	(9, 'Registro de usuarios', 'user', '?/usuarios/listar', 'usuarios', 5, 1),
	(10, 'Registro de empleados', 'eye-open', '?/empleados/listar', 'empleados', 4, 1),
	(11, 'Módulo General', 'globe', '', '', 2, 0),
	(12, 'Registro de almacenes', 'home', '?/almacenes/listar', 'almacenes', 0, 11),
	(13, 'Registro de tipo de prod', 'tag', '?/tipo/listar', 'tipo', 1, 11),
	(14, 'Registro de monedas', 'piggy-bank', '?/monedas/listar', 'monedas', 2, 11),
	(15, 'Personas', 'user', '', '', 5, 11),
	(103, 'Reporte de Clientes', 'file', '?/clientes/reporte', 'clientes', 0, 79),
	(17, 'Lista de proveedores', 'plane', '?/proveedores/listar', 'proveedores', 0, 15),
	(18, 'Registro de unidades', 'filter', '?/unidades/listar', 'unidades', 3, 11),
	(19, 'Módulo Inventario', 'inbox', '', '', 3, 0),
	(20, 'Catálogo de productos', 'scale', '?/productos/listar', 'productos', 0, 19),
	(21, 'Inventario de productos', 'book', '?/inventarios/listar', 'inventarios', 0, 19),
	(22, 'Lista de precios', 'usd', '?/precios/listar', 'precios', 0, 19),
	(23, 'Stock de productos', 'stats', '?/stocks/listar', 'stocks', 0, 19),
	(25, 'Reporte de existencias', 'search', '?/existencias/listar', 'existencias', 0, 19),
	(26, 'Reporte de ventas', 'stats', '', '', 6, 30),
	(27, 'Módulo Facturación', 'qrcode', '', '', 5, 0),
	(28, 'Registro de terminales', 'phone', '?/terminales/listar', 'terminales', 3, 27),
	(29, 'Registro de dosificaciones', 'lock', '?/dosificaciones/listar', 'dosificaciones', 2, 27),
	(30, 'Módulo Ventas', 'shopping-cart', '', '', 4, 0),
	(31, 'Compras', 'log-in', '?/ingresos/listar', 'ingresos', 0, 19),
	(32, 'Salidas', 'log-out', '?/egresos/listar', 'egresos', 0, 19),
	(33, 'Proformas', 'list-alt', '?/proformas/seleccionar_almacen', 'proformas', 3, 30),
	(34, 'Ventas computarizadas', 'shopping-cart', '?/electronicas/seleccionar_almacen', 'electronicas', 1, 30),
	(35, 'Reporte de ventas generales', 'briefcase', '?/reportes/ventas_generales', 'reportes', 1, 26),
	(36, 'Ventas manuales', 'edit', '?/manuales/seleccionar_almacen', 'manuales', 4, 30),
	(37, 'Reporte de ventas computarizadas', 'qrcode', '?/reportes/ventas_electronicas', 'reportes', 2, 26),
	(38, 'Reporte de ventas manuales', 'paste', '?/reportes/ventas_manuales', 'reportes', 4, 26),
	(39, 'Reporte de ventas personales', 'user', '?/reportes/ventas_personales', 'reportes', 5, 26),
	(41, 'Operaciones', 'list', '', '', 5, 30),
	(42, 'Listado de facturas', 'qrcode', '?/operaciones/facturas_listar', 'operaciones', 1, 41),
	(43, 'Listado de preventas', 'list-alt', '?/operaciones/preventas_listar', 'operaciones', 3, 41),
	(48, 'Notas de remisión', 'edit', '?/notas/seleccionar_almacen', 'notas', 2, 30),
	(124, 'Reporte de utilidades2', 'usd', '?/utilidades/utilidades2', 'utilidades', 0, 132),
	(53, 'Kardex físico y valorado', 'folder-close', '?/kardex/listar', 'kardex', 0, 19),
	(54, 'Listado de notas de remision', 'edit', '?/operaciones/notas_listar', 'operaciones', 2, 41),
	(55, 'Reporte de ventas notas de remisión', 'edit', '?/reportes/ventas_notas', 'reportes', 3, 26),
	(56, 'Reporte de ventas a detalle', 'file', '?/reportes/diario', 'reportes', 7, 132),
	(57, 'Certificación del sistema', 'ok', '?/evaluacion/verificar', 'evaluacion', 1, 27),
	(58, 'Listado de ventas manuales', 'paste', '?/operaciones/manuales_listar', 'operaciones', 0, 41),
	(60, 'Preventas', 'list-alt', '?/preventas/seleccionar_almacen', 'preventas', 0, 30),
	(67, 'Reporte de ventas por empleado', 'user', '?/reporte/listar', 'reporte', 0, 26),
	(129, 'Cuentas clientes', 'user', '', '', 0, 97),
	(76, 'Módulo Distribución', 'inbox', '', '', 0, 0),
	(77, 'Preventista', 'road', '', '', 0, 76),
	(78, 'Distribuidor', 'bed', '', '', 1, 76),
	(79, 'Clientes', 'user', '', '', 3, 76),
	(80, 'Listar', 'file', '?/clientes/listar', 'clientes', 0, 79),
	(81, 'Tipo de Clientes', 'th-large', '?/clientes/crear_tipo', 'clientes', 0, 79),
	(82, 'Rutas', 'map-marker', '?/ruta/listar', 'ruta', 2, 76),
	(128, 'Configuraciones', 'cog', '', '', 4, 76),
	(84, 'Ver preventista', 'shopping-cart', '?/vendedor/listar', 'vendedor', 0, 77),
	(85, 'Historial', 'file', '?/vendedor/historial', 'vendedor', 0, 77),
	(130, 'Cuentas proveeedores', 'object-align-left', '', '', 1, 97),
	(88, 'Promoción de Items', 'file', '?/promociones/promocion_x_item', 'promociones', 0, 87),
	(89, 'Promoción por Monto', 'file', '?/promociones/promocion_x_fecha', 'promociones', 0, 87),
	(90, 'Visitas', 'map-marker', '?/control/seleccionar', 'control', 0, 77),
	(91, 'Asignación', 'map-marker', '?/distribuidor/listar', 'distribuidor', 1, 78),
	(92, 'Ver Distribuidor', 'bed', '?/distribuidor/listar2', 'distribuidor', 0, 78),
	(93, 'Historial', 'file', '?/distribuidor/listar3', 'distribuidor', 2, 78),
	(94, 'Registro Prioridades', 'edit', '?/prioridades/crear_prioridad', 'prioridades', 0, 128),
	(95, 'Registro Motivos No Venta', 'edit', '?/prioridades/crear_motivo', 'prioridades', 0, 128),
	(96, 'Lista de Promos por Monto', 'paste', '?/promociones/reporte_promos_monto', 'promociones', 0, 87),
	(97, 'Módulo Cuentas', 'credit-card', '', '', 0, 0),
	(98, 'Cuentas por cobrar', 'plus', '?/cobrar/listar', 'cobrar', 0, 129),
	(99, 'Cuentas por pagar', 'minus', '?/pagar/plan_pagos', 'pagar', 0, 130),
	(100, 'Cronograma de cuentas', 'calendar', '?/cronograma/cronograma', 'cronograma', 2, 97),
	(101, 'Reporte de clientes', 'file', '?/cobrar/reporte_clientes', 'cobrar', 0, 129),
	(102, 'Reporte de proveedores', 'file', '?/pagar/reporte_proveedores', 'pagar', 0, 130),
	(105, 'Listado de proformas', 'list-alt', '?/operaciones/proformas_listar', 'operaciones', 4, 41),
	(107, 'Reporte de utilidades', 'usd', '?/utilidades/utilidades', 'utilidades', 7, 132),
	(106, 'Promociones Acumuladas', 'gift', '?/promociones/listar_clientes_promo', 'promociones', 0, 87),
	(108, 'Metas', 'queen', '', '', 6, 128),
	(109, 'Autovendedor', 'usd', '', '', 0, 76),
	(110, 'Autoventas', 'shopping-cart', '?/autoventas/crear', 'autoventas', 0, 109),
	(111, 'Ver Autovendedor', 'bed', '?/autoventas/listar_distribucion', 'autoventas', 0, 109),
	(112, 'Historial', 'paste', '?/autoventas/historial', 'autoventas', 0, 109),
	(113, 'Orden de Salida', 'file', '?/autoventas/seleccionar_almacen', 'autoventas', 0, 109),
	(114, 'Cuentas de Materiales Cliente', 'bed', '?/cobrar/lista_material_cliente', 'cobrar', 0, 97),
	(115, 'Cuentas de Materiales Fabrica', 'bed', '?/cobrar/seleccionar_almacen', 'cobrar', 0, 97),
	(116, 'Reporte General Clientes', 'list-alt', '?/cobrar/lista_general', 'cobrar', 0, 129),
	(117, 'Registrar Materiales', 'shopping-cart', '?/materiales/listar', 'materiales', 0, 11),
	(118, 'Recepcion de Cajas', 'list-alt', '?/materiales/lista_recepcion_materiales', 'materiales', 0, 19),
	(119, 'Metas Productos', 'queen', '?/metas-productos/listar', 'metas-productos', 1, 108),
	(120, 'Metas vendedor', 'queen', '?/metas/listar', 'metas', 0, 108),
	(121, 'Metas Categorias', 'queen', '?/metas-categorias/listar', 'metas-categorias', 2, 108),
	(122, 'Reporte de productos', 'list-alt', '?/reportes/productos', 'reportes', 0, 132),
	(125, 'Metas distribuidor', 'queen', '?/metas_distribuidor/listar', 'metas_distribuidor', 0, 108),
	(126, 'Configurar credito de clientes', 'usd', '?/clientes/credito', 'clientes', 0, 79),
	(131, 'Registro de marcas', 'copyright-mark', '?/marcas/listar', 'marcas', 4, 11),
	(132, 'Reportes Generales de venta', 'duplicate', '', '', 7, 30),
	(135, 'Modulo Caja', 'usd', '', '', 0, 0),
	(136, 'Registro de Ingreso Efectivo', 'plus', '?/movimientos/ingresos_listar', 'movimientos', 0, 135),
	(137, 'Registro de Egresos Efectivo', 'minus', '?/movimientos/egresos_listar', 'movimientos', 0, 135),
	(138, 'Registro de Gastos Efectivo', 'minus-sign', '?/movimientos/gastos_listar', 'movimientos', 0, 135),
	(139, 'Reporte Personal Caja', 'user', '?/movimientos/cerrar', 'movimientos', 0, 135),
	(140, 'Reporte General de Caja', 'stats', '?/movimientos/mostrar', 'movimientos', 0, 135),
	(141, 'Import Documents', 'cloud-upload', '', '', 0, 0),
	(142, 'Subir Compra', 'open-file', '?/import/compra-crear', 'import', 0, 141),
	(143, 'Subir productos', 'gift', '?/import/productos-crear', 'import', 0, 141),
	(144, 'Realizar Cobro', 'shopping-cart', '?/ventas-confirm/listar', 'ventas-confirm', 0, 135),
	(145, 'Importaciones', 'th-large', '?/importaciones/gastos', 'importaciones', 0, 19),
	(146, 'Datos clientes', 'user', '', '', 0, 15),
	(147, 'Listar clientes', 'indent-left', '?/clientes/listar', 'clientes', 0, 146),
	(148, 'Tipo de clientes', 'tags', '?/clientes/crear_tipo', 'clientes', 0, 146),
	(149, 'Configurar credito de clientes', 'cog', '?/clientes/credito', 'clientes', 0, 146);
/*!40000 ALTER TABLE `sys_menus` ENABLE KEYS */;

-- Volcando estructura para tabla distribucion.sys_permisos
CREATE TABLE IF NOT EXISTS `sys_permisos` (
  `rol_id` int(11) NOT NULL,
  `menu_id` int(11) NOT NULL,
  `archivos` text CHARACTER SET latin1 NOT NULL,
  PRIMARY KEY (`rol_id`,`menu_id`)
) ENGINE=MyISAM DEFAULT CHARSET=utf8;

-- Volcando datos para la tabla distribucion.sys_permisos: 296 rows
/*!40000 ALTER TABLE `sys_permisos` DISABLE KEYS */;
INSERT INTO `sys_permisos` (`rol_id`, `menu_id`, `archivos`) VALUES
	(2, 43, 'facturas_editar,facturas_imprimir,facturas_listar,facturas_obtener,facturas_ver,listar_manuales,manuales_editar,manuales_eliminar,manuales_ver,notas_imprimir,notas_listar,notas_obtener,notas_ver,preventas_obtener,preventa_ver,proformas_editar,proformas_eliminar,proformas_facturar,proformas_imprimir,proformas_listar,proformas_modificar,proformas_obtener,proformas_ver,xproformas_imprimir'),
	(4, 42, 'guardar_devolucionn,preventas_imprimir,notas_obtener,xproformas_imprimir,proformas_ver,buscar,proforma_ver,guardar_devolucion,facturas_listar,facturas_ver,facturas_listar2,facturas_imprimir,notas_actualizar,preventas_devolucion,activar_nota,proformas_modificar,notas_devolucion,guardar,proformas_editar,manuales_ver,notas_listar2,proformas_obtener,preventas_obtener,activar_factura,preventas_facturar,proformas_eliminar,facturas_obtener,listar_manuales,proformas_listar,proformas_facturar,preventas_ver,manuales_eliminar,preventas_listar,preventa_ver,preventas_editar2,proformas_imprimir,notas_imprimir,proformas_devolucion,preventas_editar,preventas_eliminar,notas_ver,manuales_editar,notas_editar,preventas_listar2,notas_listar,facturas_editar'),
	(2, 41, ''),
	(2, 54, 'facturas_editar,facturas_imprimir,facturas_listar,facturas_obtener,facturas_ver,listar_manuales,manuales_editar,manuales_eliminar,manuales_ver,notas_imprimir,notas_listar,notas_obtener,notas_ver,preventas_obtener,preventa_ver,proformas_editar,proformas_eliminar,proformas_facturar,proformas_imprimir,proformas_listar,proformas_modificar,proformas_obtener,proformas_ver,xproformas_imprimir'),
	(2, 36, 'actualizar,crear,editar,editar_venta,eliminar,guardar,mostrar,obtener,suprimir,ver'),
	(2, 48, 'actualizar,buscar,crear,crear2,crear3,editar,facturar,guardar,imprimir,mostrar,obtener,seleccionar,ver'),
	(2, 30, ''),
	(2, 34, 'actualizar,buscar,crear,editar,facturar,guardar,mostrar,obtener,ver'),
	(2, 53, 'detallar,imprimir,listar'),
	(2, 32, 'actualizar,crear,eliminar,guardar,imprimir,listar,suprimir,ver'),
	(3, 60, 'a,actualizar,buscar,crear-copia,crear,crear_ant,editar,eliminar,facturar,guardar,guardar2,guardar_ant,guardar_noventa,imprimir,imprimir_nota,modificar,mostrar,noventa,obtener,proformas_editar,proformas_imprimir,proformas_listar,proformas_listar_ant,seleccionar_almacen,ver'),
	(5, 25, 'listar'),
	(5, 21, 'listar'),
	(5, 22, 'listar'),
	(5, 23, 'listar, mostrar'),
	(5, 20, 'imprimir, listar,ver'),
	(5, 13, 'imprimir, listar, ver'),
	(5, 14, 'imprimir, listar, ver'),
	(5, 17, 'imprimir, listar'),
	(6, 19, ''),
	(6, 20, 'disponibles — activar, cambiar, crear, editar, eliminar, generar, generarbc, guardar, guardar_promocion, imprimir, listar, promocion, saltar, subir, suprimir, validar, validar_barras, ver, editar_promocion, ver_promocion, quitar, fijar, ver_precio'),
	(2, 22, 'actualizar,asignar,cambiar,eliminar,fijar,imprimir,listar,quitar'),
	(2, 21, 'listar'),
	(2, 20, 'activar,cambiar,crear,editar,eliminar,generar,generarbc,guardar,imprimir,listar,saltar,subir,suprimir,validar,validar_barras,ver'),
	(2, 25, 'listar'),
	(2, 23, 'listar,mostrar'),
	(2, 13, 'crear,editar,eliminar,guardar,imprimir,listar,ver'),
	(2, 19, ''),
	(2, 31, 'activar,crear,eliminar,guardar-cambio,guardar,imprimir,listar,modificar,suprimir,ver,seleccionar_almacen'),
	(2, 14, 'crear,editar,eliminar,guardar,imprimir,listar,ver'),
	(2, 15, ''),
	(2, 17, 'crear,editar,eliminar,guardar,imprimir,listar'),
	(2, 18, 'crear,editar,eliminar,guardar,imprimir,listar,ver'),
	(2, 11, ''),
	(2, 12, 'crear,editar,eliminar,guardar,imprimir,listar,ver'),
	(2, 9, 'activar,actualizar,asignar,capturar,crear,editar,eliminar,guardar,imprimir,listar,subir,validar,ver'),
	(2, 10, 'crear,editar,eliminar,guardar,imprimir,listar,ver'),
	(5, 15, ''),
	(5, 18, 'imprimir, listar, ver'),
	(5, 12, 'imprimir, listar, ver'),
	(5, 11, ''),
	(2, 8, 'asignar,guardar,listar'),
	(2, 3, 'apariencia,apariencia_guardar,institucion,institucion_editar,institucion_guardar,preferencias,preferencias_editar,preferencias_guardar,reportes,reportes_editar,reportes_guardar'),
	(2, 7, 'crear,editar,eliminar,guardar,imprimir,listar,ver'),
	(2, 5, 'apariencia,apariencia_guardar,institucion,institucion_editar,institucion_guardar,preferencias,preferencias_editar,preferencias_guardar,reportes,reportes_editar,reportes_guardar'),
	(2, 6, 'apariencia,apariencia_guardar,institucion,institucion_editar,institucion_guardar,preferencias,preferencias_editar,preferencias_guardar,reportes,reportes_editar,reportes_guardar'),
	(2, 4, 'apariencia,apariencia_guardar,institucion,institucion_editar,institucion_guardar,preferencias,preferencias_editar,preferencias_guardar,reportes,reportes_editar,reportes_guardar'),
	(2, 2, ''),
	(2, 1, ''),
	(2, 95, ''),
	(2, 94, ''),
	(2, 93, ''),
	(2, 92, ''),
	(2, 91, ''),
	(2, 78, ''),
	(2, 103, ''),
	(12, 34, ''),
	(12, 48, ''),
	(12, 33, ''),
	(12, 36, ''),
	(12, 41, ''),
	(12, 26, ''),
	(12, 56, ''),
	(12, 122, '[reportes] disponibles — diario, ventas_electronicas, productos, ventas_notas, ventas_personales, listar_productos, ventas_generales, ventas_manuales, utilidades_ant, utilidades, utilidades_dia, ventas_generales2'),
	(5, 26, ''),
	(5, 67, ''),
	(5, 35, ''),
	(5, 37, ''),
	(5, 55, ''),
	(5, 38, ''),
	(5, 39, ''),
	(4, 36, 'actualizar,crear,editar,editar_venta,eliminar,guardar,mostrar,obtener,suprimir,ver'),
	(4, 41, ''),
	(4, 58, 'guardar_devolucionn,preventas_imprimir,notas_obtener,xproformas_imprimir,proformas_ver,buscar,proforma_ver,guardar_devolucion,facturas_listar,facturas_ver,facturas_listar2,facturas_imprimir,notas_actualizar,preventas_devolucion,activar_nota,proformas_modificar,notas_devolucion,guardar,proformas_editar,manuales_ver,notas_listar2,proformas_obtener,preventas_obtener,activar_factura,preventas_facturar,proformas_eliminar,facturas_obtener,listar_manuales,proformas_listar,proformas_facturar,preventas_ver,manuales_eliminar,preventas_listar,preventa_ver,preventas_editar2,proformas_imprimir,notas_imprimir,proformas_devolucion,preventas_editar,preventas_eliminar,notas_ver,manuales_editar,notas_editar,preventas_listar2,notas_listar,facturas_editar'),
	(4, 76, ''),
	(1, 27, ''),
	(1, 57, 'verificar'),
	(1, 29, 'bloquear,crear,editar,eliminar,guardar,imprimir,listar,ver'),
	(1, 28, 'crear,descargar,editar,eliminar,guardar,imprimir,listar,ver'),
	(1, 56, 'diario,listar_productos,productos,utilidades,utilidades_ant,utilidades_dia,ventas_electronicas,ventas_generales,ventas_generales2,ventas_manuales,ventas_notas,ventas_personales'),
	(12, 60, 'preventas] disponibles — crear1, actualizar, buscar, proformas_listar_ant, a, guardar_noventa, editar, guardar, proformas_editar, imprimir, facturar, seleccionar_almacen, ver, eliminar, proformas_listar, imprimir_nota, guardar1, crear, modificar, proformas_imprimir, obtener, mostrar, noventa'),
	(12, 30, ''),
	(12, 21, ''),
	(12, 32, ''),
	(12, 31, ''),
	(12, 25, ''),
	(12, 53, ''),
	(12, 86, 'imprimir,listar,ver'),
	(12, 23, ''),
	(12, 70, ''),
	(12, 20, ''),
	(12, 22, ''),
	(12, 19, ''),
	(12, 95, 'guardar_motivo,eliminar_motivo,crear_prioridad,crear_motivo,eliminar_prioridad,guardar_prioridad'),
	(2, 79, ''),
	(2, 81, ''),
	(2, 80, ''),
	(2, 82, ''),
	(2, 96, 'imprimir,promocion,validar,listar,generarbc,subir,editar_promocion,guardar_promocion_x_fecha,promocion_x_fecha,eliminar,saltar,ver,generar,asignar,quitar,guardar_promocion,validar_barras,guardar,suprimir,crear,editar,activar,reporte_promos_monto,fijar,cambiar,ver_promocion'),
	(2, 90, ''),
	(2, 89, 'imprimir,promocion,validar,listar,generarbc,subir,editar_promocion,guardar_promocion_x_fecha,promocion_x_fecha,eliminar,saltar,ver,generar,asignar,quitar,guardar_promocion,validar_barras,guardar,suprimir,crear,editar,activar,reporte_promos_monto,fijar,cambiar,ver_promocion'),
	(2, 87, ''),
	(2, 88, 'imprimir,promocion,validar,listar,generarbc,subir,editar_promocion,guardar_promocion_x_fecha,promocion_x_fecha,eliminar,saltar,ver,generar,asignar,quitar,guardar_promocion,validar_barras,guardar,suprimir,crear,editar,activar,reporte_promos_monto,fijar,cambiar,ver_promocion'),
	(2, 85, ''),
	(2, 84, ''),
	(2, 86, ''),
	(2, 76, ''),
	(2, 77, ''),
	(2, 83, ''),
	(12, 87, ''),
	(12, 88, 'promocion,editar_promocion,guardar_promocion_x_fecha,promocion_x_fecha,guardar_promocion,reporte_promos_monto,ver_promocion'),
	(12, 94, 'guardar_motivo,eliminar_motivo,crear_prioridad,crear_motivo,eliminar_prioridad,guardar_prioridad'),
	(12, 93, 'imprimir,imprimir6,activar2,listar,ver3,ver4,listar3,imprimir2,imprimir1,activar3,eliminar,ver,asignar2,imprimir3,asignar,visitas,imprimir7,guardar,imprimir4,imprimir5,editar,listar2,visitas2,ver2,activar'),
	(12, 92, 'imprimir,imprimir6,activar2,listar,ver3,ver4,listar3,imprimir2,imprimir1,activar3,eliminar,ver,asignar2,imprimir3,asignar,visitas,imprimir7,guardar,imprimir4,imprimir5,editar,listar2,visitas2,ver2,activar'),
	(12, 78, ''),
	(12, 91, 'imprimir,imprimir6,activar2,listar,ver3,ver4,listar3,imprimir2,imprimir1,activar3,eliminar,ver,asignar2,imprimir3,asignar,visitas,imprimir7,guardar,imprimir4,imprimir5,editar,listar2,visitas2,ver2,activar'),
	(12, 103, 'imprimir,imprimir_reporte,listar,guardar_tipo,eliminar,guardar,crear,editar,eliminar_tipo,detallar,reporte,crear_tipo'),
	(12, 80, 'imprimir,imprimir_reporte,listar,guardar_tipo,eliminar,guardar,crear,editar,eliminar_tipo,detallar,reporte,crear_tipo'),
	(12, 79, ''),
	(12, 81, 'imprimir,imprimir_reporte,listar,guardar_tipo,eliminar,guardar,crear,editar,eliminar_tipo,detallar,reporte,crear_tipo'),
	(12, 90, 'imprimir,vertodo,listar,vertodo2,eliminar,ver,asignar,historial,visitas,crear2,guardar,crear,seleccionar,editar,crear1,visitas2,asignar_dia'),
	(12, 89, 'promocion,editar_promocion,guardar_promocion_x_fecha,promocion_x_fecha,guardar_promocion,reporte_promos_monto,ver_promocion'),
	(12, 96, 'promocion,editar_promocion,guardar_promocion_x_fecha,promocion_x_fecha,guardar_promocion,reporte_promos_monto,ver_promocion'),
	(13, 76, ''),
	(13, 77, ''),
	(13, 79, ''),
	(13, 80, ''),
	(13, 81, ''),
	(13, 103, ''),
	(13, 83, ''),
	(13, 84, ''),
	(13, 85, ''),
	(13, 78, ''),
	(1, 55, 'diario,listar_productos,productos,utilidades,utilidades_ant,utilidades_dia,ventas_electronicas,ventas_generales,ventas_generales2,ventas_manuales,ventas_notas,ventas_personales'),
	(1, 124, 'utilidades,utilidades2,utilidades_ant,utilidades_BACK,utilidades_dia'),
	(1, 107, 'utilidades,utilidades2,utilidades_ant,utilidades_BACK,utilidades_dia'),
	(1, 122, 'diario,listar_productos,productos,utilidades,utilidades_ant,utilidades_dia,ventas_electronicas,ventas_generales,ventas_generales2,ventas_manuales,ventas_notas,ventas_personales'),
	(1, 132, ''),
	(1, 38, 'diario,listar_productos,productos,utilidades,utilidades_ant,utilidades_dia,ventas_electronicas,ventas_generales,ventas_generales2,ventas_manuales,ventas_notas,ventas_personales'),
	(1, 26, ''),
	(1, 67, 'crear,editar,eliminar,guardar,imprimir,imprimir2,listar,ver,visitas'),
	(1, 35, 'diario,listar_productos,productos,utilidades,utilidades_ant,utilidades_dia,ventas_electronicas,ventas_generales,ventas_generales2,ventas_manuales,ventas_notas,ventas_personales'),
	(1, 37, 'diario,listar_productos,productos,utilidades,utilidades_ant,utilidades_dia,ventas_electronicas,ventas_generales,ventas_generales2,ventas_manuales,ventas_notas,ventas_personales'),
	(1, 33, 'a,actualizar,buscar,crear-copia,crear,crear_ant,editar,eliminar,facturar,guardar,guardar_ant,guardar_noventa,imprimir,imprimir_nota,modificar,mostrar,noventa,obtener,proformas_editar,proformas_imprimir,proformas_listar,proformas_listar_ant,seleccionar_almacen,ver'),
	(1, 36, 'actualizar,buscar,buscar_cliente,crear(2),crear,editar,editar_venta,editar_venta_ant,eliminar,guardar,guardar_ant,guardar_c,guardar_copia,guardar_m,mostrar,obtener,seleccionar_almacen,suprimir,ver'),
	(1, 41, ''),
	(1, 58, 'activar_factura,activar_manuales,activar_nota,bajas_devoluciones,buscar,facturas_editar,facturas_imprimir,facturas_listar,facturas_listar2,facturas_obtener,facturas_ver,guardar,guardar_conversion,guardar_devolucion,guardar_devolucionn,manuales_actualizar,manuales_editar,manuales_eliminar,manuales_listar,manuales_ver,notas_actualizar,notas_devolucion,notas_editar,notas_eliminar,notas_imprimir,notas_listar,notas_listar2,notas_obtener,notas_ver,nota_electronica,noventas_eliminar,preventas_devolucion,preventas_editar,preventas_editar2,preventas_eliminar,preventas_facturar,preventas_facturar_directo,preventas_imprimir,preventas_listar,preventas_listar2,preventas_noventas_listar,preventas_obtener,preventas_ver,preventa_ver,proformas_actualizar,proformas_devolucion,proformas_editar,proformas_eliminar,proformas_facturar,proformas_imprimir,proformas_listar,proformas_modificar,proformas_obtener,proformas_ver,proforma_ver,ver_devoluciones,xproformas_imprimir'),
	(3, 30, ''),
	(1, 39, 'diario,listar_productos,productos,utilidades,utilidades_ant,utilidades_dia,ventas_electronicas,ventas_generales,ventas_generales2,ventas_manuales,ventas_notas,ventas_personales'),
	(1, 105, 'activar_factura,activar_manuales,activar_nota,bajas_devoluciones,buscar,facturas_editar,facturas_imprimir,facturas_listar,facturas_listar2,facturas_obtener,facturas_ver,guardar,guardar_conversion,guardar_devolucion,guardar_devolucionn,manuales_actualizar,manuales_editar,manuales_eliminar,manuales_listar,manuales_ver,notas_actualizar,notas_devolucion,notas_editar,notas_eliminar,notas_imprimir,notas_listar,notas_listar2,notas_obtener,notas_ver,nota_electronica,noventas_eliminar,preventas_devolucion,preventas_editar,preventas_editar2,preventas_eliminar,preventas_facturar,preventas_facturar_directo,preventas_imprimir,preventas_listar,preventas_listar2,preventas_noventas_listar,preventas_obtener,preventas_ver,preventa_ver,proformas_actualizar,proformas_devolucion,proformas_editar,proformas_eliminar,proformas_facturar,proformas_imprimir,proformas_listar,proformas_modificar,proformas_obtener,proformas_ver,proforma_ver,ver_devoluciones,xproformas_imprimir'),
	(1, 43, 'activar_factura,activar_manuales,activar_nota,bajas_devoluciones,buscar,facturas_editar,facturas_imprimir,facturas_listar,facturas_listar2,facturas_obtener,facturas_ver,guardar,guardar_conversion,guardar_devolucion,guardar_devolucionn,manuales_actualizar,manuales_editar,manuales_eliminar,manuales_listar,manuales_ver,notas_actualizar,notas_devolucion,notas_editar,notas_eliminar,notas_imprimir,notas_listar,notas_listar2,notas_obtener,notas_ver,nota_electronica,noventas_eliminar,preventas_devolucion,preventas_editar,preventas_editar2,preventas_eliminar,preventas_facturar,preventas_facturar_directo,preventas_imprimir,preventas_listar,preventas_listar2,preventas_noventas_listar,preventas_obtener,preventas_ver,preventa_ver,proformas_actualizar,proformas_devolucion,proformas_editar,proformas_eliminar,proformas_facturar,proformas_imprimir,proformas_listar,proformas_modificar,proformas_obtener,proformas_ver,proforma_ver,ver_devoluciones,xproformas_imprimir'),
	(1, 42, 'activar_factura,activar_manuales,activar_nota,bajas_devoluciones,buscar,facturas_editar,facturas_imprimir,facturas_listar,facturas_listar2,facturas_obtener,facturas_ver,guardar,guardar_conversion,guardar_devolucion,guardar_devolucionn,manuales_actualizar,manuales_editar,manuales_eliminar,manuales_listar,manuales_ver,notas_actualizar,notas_devolucion,notas_editar,notas_eliminar,notas_imprimir,notas_listar,notas_listar2,notas_obtener,notas_ver,nota_electronica,noventas_eliminar,preventas_devolucion,preventas_editar,preventas_editar2,preventas_eliminar,preventas_facturar,preventas_facturar_directo,preventas_imprimir,preventas_listar,preventas_listar2,preventas_noventas_listar,preventas_obtener,preventas_ver,preventa_ver,proformas_actualizar,proformas_devolucion,proformas_editar,proformas_eliminar,proformas_facturar,proformas_imprimir,proformas_listar,proformas_modificar,proformas_obtener,proformas_ver,proforma_ver,ver_devoluciones,xproformas_imprimir'),
	(3, 48, 'obtener,imprimir,buscar,crear_ant,seleccionar_almacen,guardar_ant,ver,mostrar,guardar,crear,seleccionar,editar,facturar,actualizar,activar'),
	(3, 26, ''),
	(3, 56, ''),
	(3, 107, ''),
	(1, 54, 'activar_factura,activar_manuales,activar_nota,bajas_devoluciones,buscar,facturas_editar,facturas_imprimir,facturas_listar,facturas_listar2,facturas_obtener,facturas_ver,guardar,guardar_conversion,guardar_devolucion,guardar_devolucionn,manuales_actualizar,manuales_editar,manuales_eliminar,manuales_listar,manuales_ver,notas_actualizar,notas_devolucion,notas_editar,notas_eliminar,notas_imprimir,notas_listar,notas_listar2,notas_obtener,notas_ver,nota_electronica,noventas_eliminar,preventas_devolucion,preventas_editar,preventas_editar2,preventas_eliminar,preventas_facturar,preventas_facturar_directo,preventas_imprimir,preventas_listar,preventas_listar2,preventas_noventas_listar,preventas_obtener,preventas_ver,preventa_ver,proformas_actualizar,proformas_devolucion,proformas_editar,proformas_eliminar,proformas_facturar,proformas_imprimir,proformas_listar,proformas_modificar,proformas_obtener,proformas_ver,proforma_ver,ver_devoluciones,xproformas_imprimir'),
	(1, 48, 'activar,actualizar,buscar,crear,crear1,editar,facturar,guardar,guardar1,imprimir,mostrar,obtener,seleccionar,seleccionar_almacen,ver'),
	(16, 101, ''),
	(16, 116, ''),
	(16, 90, ''),
	(16, 106, ''),
	(16, 96, ''),
	(16, 85, ''),
	(16, 89, ''),
	(16, 88, ''),
	(16, 87, ''),
	(16, 86, ''),
	(16, 84, ''),
	(16, 65, ''),
	(16, 76, ''),
	(16, 77, ''),
	(16, 79, ''),
	(16, 80, ''),
	(16, 81, ''),
	(16, 103, ''),
	(16, 82, ''),
	(16, 83, ''),
	(16, 108, ''),
	(16, 120, ''),
	(16, 119, ''),
	(16, 121, ''),
	(16, 19, ''),
	(16, 70, ''),
	(16, 23, ''),
	(16, 22, ''),
	(16, 21, ''),
	(16, 20, ''),
	(16, 30, ''),
	(16, 60, ''),
	(16, 48, ''),
	(16, 33, ''),
	(16, 41, ''),
	(16, 42, ''),
	(16, 54, ''),
	(16, 43, ''),
	(16, 105, ''),
	(16, 26, ''),
	(16, 56, ''),
	(12, 84, 'imprimir,listar,detalle_historial,imprimir2,eliminar,control,ver,asignar,historial,visitas,guardar,crear,editar,activar'),
	(12, 83, ''),
	(12, 85, 'imprimir,listar,detalle_historial,imprimir2,eliminar,control,ver,asignar,historial,visitas,guardar,crear,editar,activar'),
	(12, 82, 'imprimir,listar,imprimir2,eliminar,ver,visitas,guardar,crear,editar,ver2,recorrido'),
	(12, 77, ''),
	(12, 76, ''),
	(1, 25, 'listar_producto,listar'),
	(1, 23, 'listar_producto,actualizar_stock,listar,buscar_detalle,mostrar'),
	(1, 22, 'asignar,actualizar,ver_ant,listar_producto,quitar,imprimir,listar,fijar,ver,eliminar,cambiar'),
	(1, 20, 'activar,activar_producto,asignar,cambiar,crear,editar,eliminados,eliminar,fijar,generar,generarbc,guardar,imprimir,listar,listar_eliminados,listar_productos,listar_sin_ajax,quitar,saltar,subir,suprimir,validar,validar_barras,ver,ver_ant,ver_promocion,visible'),
	(4, 105, 'guardar_devolucionn,preventas_imprimir,notas_obtener,xproformas_imprimir,proformas_ver,buscar,proforma_ver,guardar_devolucion,facturas_listar,facturas_ver,facturas_listar2,facturas_imprimir,notas_actualizar,preventas_devolucion,activar_nota,proformas_modificar,notas_devolucion,guardar,proformas_editar,manuales_ver,notas_listar2,proformas_obtener,preventas_obtener,activar_factura,preventas_facturar,proformas_eliminar,facturas_obtener,listar_manuales,proformas_listar,proformas_facturar,preventas_ver,manuales_eliminar,preventas_listar,preventa_ver,preventas_editar2,proformas_imprimir,notas_imprimir,proformas_devolucion,preventas_editar,preventas_eliminar,notas_ver,manuales_editar,notas_editar,preventas_listar2,notas_listar,facturas_editar'),
	(4, 54, 'guardar_devolucionn,preventas_imprimir,notas_obtener,xproformas_imprimir,proformas_ver,buscar,proforma_ver,guardar_devolucion,facturas_listar,facturas_ver,facturas_listar2,facturas_imprimir,notas_actualizar,preventas_devolucion,activar_nota,proformas_modificar,notas_devolucion,guardar,proformas_editar,manuales_ver,notas_listar2,proformas_obtener,preventas_obtener,activar_factura,preventas_facturar,proformas_eliminar,facturas_obtener,listar_manuales,proformas_listar,proformas_facturar,preventas_ver,manuales_eliminar,preventas_listar,preventa_ver,preventas_editar2,proformas_imprimir,notas_imprimir,proformas_devolucion,preventas_editar,preventas_eliminar,notas_ver,manuales_editar,notas_editar,preventas_listar2,notas_listar,facturas_editar'),
	(4, 43, 'guardar_devolucionn,preventas_imprimir,notas_obtener,xproformas_imprimir,proformas_ver,buscar,proforma_ver,guardar_devolucion,facturas_listar,facturas_ver,facturas_listar2,facturas_imprimir,notas_actualizar,preventas_devolucion,activar_nota,proformas_modificar,notas_devolucion,guardar,proformas_editar,manuales_ver,notas_listar2,proformas_obtener,preventas_obtener,activar_factura,preventas_facturar,proformas_eliminar,facturas_obtener,listar_manuales,proformas_listar,proformas_facturar,preventas_ver,manuales_eliminar,preventas_listar,preventa_ver,preventas_editar2,proformas_imprimir,notas_imprimir,proformas_devolucion,preventas_editar,preventas_eliminar,notas_ver,manuales_editar,notas_editar,preventas_listar2,notas_listar,facturas_editar'),
	(4, 77, ''),
	(4, 79, ''),
	(4, 81, ''),
	(4, 80, 'listar_clientes,crear_tipo,crear_grupo,guardar_tipo,imprimir_reporte,editar,eliminar_tipo,listar_sin_ajax,guardar,detallar,reporte,imprimir,listar,eliminar,listar_ant,eliminar_grupo,crear,cliente_cuenta,guardar_grupo'),
	(4, 78, ''),
	(4, 92, 'asignar,asignar2,ver4,imprimir2_ant,listar2_2,ver2,duplicados_ver,editar,imprimir4,guardar,imprimir3,imprimir4_ant,imprimir,imprimir5,imprimir7,listar,imprimir6_ant,activar,imprimir6,buscar_duplicado,ver,imprimir2,eliminar,ver3,listar3,activar2,visitas2,activar3,imprimir1,listar2,eliminar_duplicado,visitas,imprimir1_termico'),
	(4, 109, ''),
	(4, 30, ''),
	(4, 48, 'actualizar,buscar,crear,crear2,crear3,editar,facturar,guardar,imprimir,mostrar,obtener,seleccionar,ver'),
	(4, 26, ''),
	(4, 56, ''),
	(1, 34, 'actualizar,buscar,crear,crear1,editar,facturar,guardar,guardar1,imprimir,mostrar,obtener,seleccionar_almacen,ver'),
	(1, 60, 'a,actualizar,buscar,crear,crear1,editar,editar_antiguo,eliminar,facturar,guardar,guardar1,guardar_noventa,imprimir,imprimir_nota,modificar,mostrar,noventa,obtener,proformas_editar,proformas_imprimir,proformas_listar,proformas_listar_ant,ruta_por_empleado,seleccionar_almacen,ver'),
	(1, 31, 'guardar-cambio,libro_compra,suprimir,editar,guardar,listar_productos,imprimir,listar1,listar,activar,seleccionar_almacen,ver,eliminar,libro_compra_pdf,guardar1,crear,modificar,libro_compra_excel'),
	(1, 30, ''),
	(1, 53, 'listar_producto,detallar,imprimir,listar'),
	(1, 18, 'crear,editar,eliminar,guardar,imprimir,listar,validar,ver'),
	(1, 14, 'editar,guardar,imprimir,listar,ver,eliminar,crear'),
	(1, 11, ''),
	(1, 12, 'editar,guardar,imprimir,listar,ver,eliminar,crear'),
	(1, 13, 'editar,guardar,imprimir,listar,ver,eliminar,crear'),
	(1, 10, 'imprimir,listar,eliminar,ver,guardar,crear,editar'),
	(1, 9, 'asignar,actualizar,validar,subir,crear_ant,editar,guardar_ant,guardar,imprimir,listar,activar,ver,eliminar,listar_ant,crear,capturar,editar_ant'),
	(1, 21, 'listar_producto,listar'),
	(1, 32, 'libro_venta_excel,actualizar,libro_venta,libro_venta_pdf,suprimir,guardar,imprimir,listar,ver,eliminar,crear,bajas_devoluciones'),
	(1, 145, 'buscar_gasto,buscar_productos,buscar_productos_existentes,compra_inicial,editar_gastos,editar_preparacion,gastos,guardar,guardar_editar_preparacion,guardar_gastos,guardar_ingreso,guardar_pagos,historial,listar_gastos,listar_ingresos,listar_productos,nuevos_gastos,pagos_pendientes,preparacion,servicio_buscar'),
	(1, 19, ''),
	(1, 17, 'editar,guardar,imprimir,listar,eliminar,crear'),
	(1, 15, ''),
	(2, 26, ''),
	(2, 35, 'diario,ventas_electronicas,ventas_generales,ventas_manuales,ventas_notas,ventas_personales'),
	(2, 55, 'diario,ventas_electronicas,ventas_generales,ventas_manuales,ventas_notas,ventas_personales'),
	(2, 38, 'diario,ventas_electronicas,ventas_generales,ventas_manuales,ventas_notas,ventas_personales'),
	(2, 39, 'diario,ventas_electronicas,ventas_generales,ventas_manuales,ventas_notas,ventas_personales'),
	(1, 100, 'guardar_pagos,reporte_cuentas_pagar,guardar,listar,utilidad,delete,plan_pagos,ver,eliminar,crear,pagar,cronograma'),
	(1, 1, ''),
	(1, 2, ''),
	(1, 4, 'reportes,reportes_guardar,institucion,apariencia,institucion_editar,reportes_editar,preferencias_editar,apariencia_guardar,institucion_guardar,preferencias,preferencias_guardar'),
	(1, 6, 'reportes,reportes_guardar,institucion,apariencia,institucion_editar,reportes_editar,preferencias_editar,apariencia_guardar,institucion_guardar,preferencias,preferencias_guardar'),
	(1, 5, 'reportes,reportes_guardar,institucion,apariencia,institucion_editar,reportes_editar,preferencias_editar,apariencia_guardar,institucion_guardar,preferencias,preferencias_guardar'),
	(1, 3, 'reportes,reportes_guardar,institucion,apariencia,institucion_editar,reportes_editar,preferencias_editar,apariencia_guardar,institucion_guardar,preferencias,preferencias_guardar'),
	(1, 7, 'editar,guardar,imprimir,listar,ver,eliminar,crear'),
	(1, 130, ''),
	(1, 99, 'imprimir_comprobante,guardar_pago_varios,reporte_cuentas_pagar,guardar_pago,guardar_plan_pagos,utilidad,plan_pagos,ver,eliminar,crear,eliminar_pago,pagar,reporte_proveedores_detalle,reporte_proveedores'),
	(1, 102, 'imprimir_comprobante,guardar_pago_varios,reporte_cuentas_pagar,guardar_pago,guardar_plan_pagos,utilidad,plan_pagos,ver,eliminar,crear,eliminar_pago,pagar,reporte_proveedores_detalle,reporte_proveedores'),
	(1, 136, 'abrir_caja,api_obtener_cobros,api_obtener_compras,api_obtener_cronogramas,api_obtener_egresos,api_obtener_gastos,api_obtener_ingresos,api_obtener_pagos,api_obtener_ventas,balance_caja,caja,cerrar,cerrar_caja,egresos_crear,egresos_eliminar,egresos_guardar,egresos_imprimir,egresos_listar,egresos_modificar,gastos_crear,gastos_eliminar,gastos_guardar,gastos_imprimir,gastos_listar,gastos_modificar,imprimir,imprimir_general,ingresos_crear,ingresos_eliminar,ingresos_guardar,ingresos_imprimir,ingresos_listar,ingresos_modificar,mostrar,obtener'),
	(1, 141, ''),
	(1, 142, 'compra-crear,compra-excel,confirm-importacion-productos,confirm-importacion,eliminar-importacion-productos,eliminar-importacion,productos-crear,subir-compra-borrador,subir-compra,subir-productos,ultima-importacion-ingreso,ultima-importacion-productos'),
	(1, 143, 'compra-crear,compra-excel,confirm-importacion-productos,confirm-importacion,eliminar-importacion-productos,eliminar-importacion,productos-crear,subir-compra-borrador,subir-compra,subir-productos,ultima-importacion-ingreso,ultima-importacion-productos'),
	(1, 97, ''),
	(1, 129, ''),
	(1, 98, 'guardar_entrega,imprimir_comprobante,guardar_devolucion,detalle_envio,guardar_pago_varios,devolucion,guardar_pago,lista_general,reporte_clientes,guardar_plan_pagos,lista_material_fabrica,listar,utilidad,lista_material_cliente,seleccionar_almacen,eliminar_pago,imprimir_factura,reporte_cuentas_cobrar,pagar,notas_ver,reporte_clientes_detalle,guardar_ingreso'),
	(1, 101, 'guardar_entrega,imprimir_comprobante,guardar_devolucion,detalle_envio,guardar_pago_varios,devolucion,guardar_pago,lista_general,reporte_clientes,guardar_plan_pagos,lista_material_fabrica,listar,utilidad,lista_material_cliente,seleccionar_almacen,eliminar_pago,imprimir_factura,reporte_cuentas_cobrar,pagar,notas_ver,reporte_clientes_detalle,guardar_ingreso'),
	(1, 116, 'guardar_entrega,imprimir_comprobante,guardar_devolucion,detalle_envio,guardar_pago_varios,devolucion,guardar_pago,lista_general,reporte_clientes,guardar_plan_pagos,lista_material_fabrica,listar,utilidad,lista_material_cliente,seleccionar_almacen,eliminar_pago,imprimir_factura,reporte_cuentas_cobrar,pagar,notas_ver,reporte_clientes_detalle,guardar_ingreso'),
	(1, 135, ''),
	(1, 139, 'abrir_caja,api_obtener_cobros,api_obtener_compras,api_obtener_cronogramas,api_obtener_egresos,api_obtener_gastos,api_obtener_ingresos,api_obtener_pagos,api_obtener_ventas,balance_caja,caja,cerrar,cerrar_caja,egresos_crear,egresos_eliminar,egresos_guardar,egresos_imprimir,egresos_listar,egresos_modificar,gastos_crear,gastos_eliminar,gastos_guardar,gastos_imprimir,gastos_listar,gastos_modificar,imprimir,imprimir_general,ingresos_crear,ingresos_eliminar,ingresos_guardar,ingresos_imprimir,ingresos_listar,ingresos_modificar,mostrar,obtener'),
	(1, 119, 'guardar,listar,ver,eliminar,crear,buscar_producto'),
	(1, 137, 'abrir_caja,api_obtener_cobros,api_obtener_compras,api_obtener_cronogramas,api_obtener_egresos,api_obtener_gastos,api_obtener_ingresos,api_obtener_pagos,api_obtener_ventas,balance_caja,caja,cerrar,cerrar_caja,egresos_crear,egresos_eliminar,egresos_guardar,egresos_imprimir,egresos_listar,egresos_modificar,gastos_crear,gastos_eliminar,gastos_guardar,gastos_imprimir,gastos_listar,gastos_modificar,imprimir,imprimir_general,ingresos_crear,ingresos_eliminar,ingresos_guardar,ingresos_imprimir,ingresos_listar,ingresos_modificar,mostrar,obtener'),
	(1, 144, 'confirmar,listar'),
	(1, 138, 'abrir_caja,api_obtener_cobros,api_obtener_compras,api_obtener_cronogramas,api_obtener_egresos,api_obtener_gastos,api_obtener_ingresos,api_obtener_pagos,api_obtener_ventas,balance_caja,caja,cerrar,cerrar_caja,egresos_crear,egresos_eliminar,egresos_guardar,egresos_imprimir,egresos_listar,egresos_modificar,gastos_crear,gastos_eliminar,gastos_guardar,gastos_imprimir,gastos_listar,gastos_modificar,imprimir,imprimir_general,ingresos_crear,ingresos_eliminar,ingresos_guardar,ingresos_imprimir,ingresos_listar,ingresos_modificar,mostrar,obtener'),
	(1, 140, 'abrir_caja,api_obtener_cobros,api_obtener_compras,api_obtener_cronogramas,api_obtener_egresos,api_obtener_gastos,api_obtener_ingresos,api_obtener_pagos,api_obtener_ventas,balance_caja,caja,cerrar,cerrar_caja,egresos_crear,egresos_eliminar,egresos_guardar,egresos_imprimir,egresos_listar,egresos_modificar,gastos_crear,gastos_eliminar,gastos_guardar,gastos_imprimir,gastos_listar,gastos_modificar,imprimir,imprimir_general,ingresos_crear,ingresos_eliminar,ingresos_guardar,ingresos_imprimir,ingresos_listar,ingresos_modificar,mostrar,obtener'),
	(1, 126, 'listar_credito,listar_clientes,editar_credito,crear_tipo,crear_grupo,guardar_tipo,crear_credito,imprimir_reporte,editar,eliminar_tipo,listar_sin_ajax,guardar,detallar,reporte,imprimir,listar,guardar_credito,eliminar,listar_ant,eliminar_grupo,crear,eliminar_credito,cliente_cuenta,guardar_grupo,credito'),
	(1, 103, 'listar_credito,listar_clientes,editar_credito,crear_tipo,crear_grupo,guardar_tipo,crear_credito,imprimir_reporte,editar,eliminar_tipo,listar_sin_ajax,guardar,detallar,reporte,imprimir,listar,guardar_credito,eliminar,listar_ant,eliminar_grupo,crear,eliminar_credito,cliente_cuenta,guardar_grupo,credito'),
	(1, 121, 'guardar,listar,ver,eliminar,crear'),
	(1, 125, 'guardar,listar,ver,eliminar,crear'),
	(1, 120, 'guardar,listar,ver,eliminar,crear'),
	(1, 95, 'eliminar_prioridad,eliminar_motivo,guardar_prioridad,crear_prioridad,guardar_motivo,crear_motivo'),
	(1, 108, ''),
	(1, 128, ''),
	(1, 94, 'eliminar_prioridad,eliminar_motivo,guardar_prioridad,crear_prioridad,guardar_motivo,crear_motivo'),
	(1, 81, 'listar_credito,listar_clientes,editar_credito,crear_tipo,crear_grupo,guardar_tipo,crear_credito,imprimir_reporte,editar,eliminar_tipo,listar_sin_ajax,guardar,detallar,reporte,imprimir,listar,guardar_credito,eliminar,listar_ant,eliminar_grupo,crear,eliminar_credito,cliente_cuenta,guardar_grupo,credito'),
	(1, 82, 'recorrido,asignar_color,ver2,editar,guardar,imprimir,listar,ver,imprimir2,eliminar,crear,visitas,guardar_color'),
	(1, 79, ''),
	(1, 80, 'listar_credito,listar_clientes,editar_credito,crear_tipo,crear_grupo,guardar_tipo,crear_credito,imprimir_reporte,editar,eliminar_tipo,listar_sin_ajax,guardar,detallar,reporte,imprimir,listar,guardar_credito,eliminar,listar_ant,eliminar_grupo,crear,eliminar_credito,cliente_cuenta,guardar_grupo,credito'),
	(1, 93, 'asignar,asignar2,ver4,imprimir2_ant,listar2_2,ver2,duplicados_ver,editar,imprimir4,guardar,imprimir3,imprimir4_ant,imprimir,imprimir5,imprimir7,listar,imprimir6_ant,activar,imprimir6,buscar_duplicado,ver,imprimir2,eliminar,ver3,listar3,activar2,visitas2,activar3,imprimir1,listar2,eliminar_duplicado,visitas,imprimir1_termico'),
	(1, 91, 'asignar,asignar2,ver4,imprimir2_ant,listar2_2,ver2,duplicados_ver,editar,imprimir4,guardar,imprimir3,imprimir4_ant,imprimir,imprimir5,imprimir7,listar,imprimir6_ant,activar,imprimir6,buscar_duplicado,ver,imprimir2,eliminar,ver3,listar3,activar2,visitas2,activar3,imprimir1,listar2,eliminar_duplicado,visitas,imprimir1_termico'),
	(1, 85, 'imprimir_ant,asignar,editar,guardar,imprimir2_termico,imprimir_termico,listar2(1),imprimir,listar1,listar,historial,activar,control,ver,imprimir2,eliminar,detalle_historial,crear,visitas'),
	(1, 78, ''),
	(1, 92, 'activar,activar2,activar3,asignar,asignar2,buscar_duplicado,duplicados_ver,editar,eliminar,eliminar_duplicado,guardar,imprimir,imprimir1,imprimir1_termico,imprimir2,imprimir2_ant,imprimir3,imprimir3_v2,imprimir4,imprimir4_ant,imprimir5,imprimir6,imprimir6_ant,imprimir7,listar,listar2,listar2_2,listar3,ver,ver2,ver3,ver4,visitas,visitas2'),
	(1, 77, ''),
	(1, 90, 'crear1,asignar,seleccionar,editar,guardar,imprimir,listar,historial,vertodo,crear2,ver,eliminar,asignar_dia,crear,visitas2,visitas,vertodo2'),
	(1, 84, 'imprimir_ant,asignar,editar,guardar,imprimir2_termico,imprimir_termico,listar2(1),imprimir,listar1,listar,historial,activar,control,ver,imprimir2,eliminar,detalle_historial,crear,visitas'),
	(1, 76, '');
/*!40000 ALTER TABLE `sys_permisos` ENABLE KEYS */;

-- Volcando estructura para tabla distribucion.sys_planes
CREATE TABLE IF NOT EXISTS `sys_planes` (
  `id_plan` int(11) NOT NULL AUTO_INCREMENT,
  `fecha_registro` date NOT NULL,
  `hora_registro` time NOT NULL,
  `plan` varchar(500) COLLATE utf8_spanish_ci NOT NULL DEFAULT '',
  `observaciones` varchar(1500) COLLATE utf8_spanish_ci NOT NULL DEFAULT '',
  `notificacion_id` int(11) NOT NULL,
  `estado` enum('Activo','Inactivo') COLLATE utf8_spanish_ci NOT NULL DEFAULT 'Inactivo',
  PRIMARY KEY (`id_plan`)
) ENGINE=InnoDB AUTO_INCREMENT=6 DEFAULT CHARSET=utf8 COLLATE=utf8_spanish_ci;

-- Volcando datos para la tabla distribucion.sys_planes: ~5 rows (aproximadamente)
/*!40000 ALTER TABLE `sys_planes` DISABLE KEYS */;
INSERT INTO `sys_planes` (`id_plan`, `fecha_registro`, `hora_registro`, `plan`, `observaciones`, `notificacion_id`, `estado`) VALUES
	(1, '2021-10-19', '17:13:02', 'A', 'PLAN INICIAL -PLATA', 1, 'Activo'),
	(2, '2021-10-19', '17:13:46', 'B', 'PLAN BASICO - COBRE', 1, 'Inactivo'),
	(3, '2021-10-19', '17:15:02', 'C', 'PLAN BASICO PLUS - ORO', 2, 'Inactivo'),
	(4, '2021-10-19', '17:17:40', 'D', 'PLAN PREMIUM - DIAMANTE', 2, 'Inactivo'),
	(5, '2021-10-19', '17:21:02', 'E', 'PLAN MASTER - RUBI', 3, 'Inactivo');
/*!40000 ALTER TABLE `sys_planes` ENABLE KEYS */;

-- Volcando estructura para tabla distribucion.sys_planes_atributos
CREATE TABLE IF NOT EXISTS `sys_planes_atributos` (
  `id_atributo` int(11) NOT NULL AUTO_INCREMENT,
  `atributo` varchar(500) COLLATE utf8_spanish_ci NOT NULL DEFAULT '',
  `estado` enum('Visible','Oculto') COLLATE utf8_spanish_ci NOT NULL DEFAULT 'Oculto',
  PRIMARY KEY (`id_atributo`)
) ENGINE=InnoDB AUTO_INCREMENT=10 DEFAULT CHARSET=utf8 COLLATE=utf8_spanish_ci;

-- Volcando datos para la tabla distribucion.sys_planes_atributos: ~7 rows (aproximadamente)
/*!40000 ALTER TABLE `sys_planes_atributos` DISABLE KEYS */;
INSERT INTO `sys_planes_atributos` (`id_atributo`, `atributo`, `estado`) VALUES
	(1, 'rastreo', 'Oculto'),
	(2, 'deuda', 'Oculto'),
	(3, 'devoluciones', 'Oculto'),
	(4, 'editar_preventista', 'Visible'),
	(7, 'libro_compras', 'Oculto'),
	(8, 'libro_ventas', 'Oculto'),
	(9, 'categoria_cliente', 'Oculto');
/*!40000 ALTER TABLE `sys_planes_atributos` ENABLE KEYS */;

-- Volcando estructura para tabla distribucion.sys_planes_caracteristicas
CREATE TABLE IF NOT EXISTS `sys_planes_caracteristicas` (
  `id_caracteristica` int(11) NOT NULL AUTO_INCREMENT,
  `caracteristicas` varchar(500) COLLATE utf8_spanish_ci NOT NULL DEFAULT '',
  `descripcion` varchar(500) COLLATE utf8_spanish_ci NOT NULL,
  PRIMARY KEY (`id_caracteristica`)
) ENGINE=InnoDB AUTO_INCREMENT=8 DEFAULT CHARSET=utf8 COLLATE=utf8_spanish_ci;

-- Volcando datos para la tabla distribucion.sys_planes_caracteristicas: ~7 rows (aproximadamente)
/*!40000 ALTER TABLE `sys_planes_caracteristicas` DISABLE KEYS */;
INSERT INTO `sys_planes_caracteristicas` (`id_caracteristica`, `caracteristicas`, `descripcion`) VALUES
	(1, 'usuarios', 'control limite de creacion de usuarios'),
	(2, 'rutas', 'control creacion de limite de rutas'),
	(3, 'clientes', 'control creacion limites de clientes'),
	(4, 'almacenes', 'control creacion limites de almacenes'),
	(5, 'sucursales', 'control creacion limites de sucursal'),
	(6, 'productos', 'control creacion limites de productos'),
	(7, 'categorizacion clientes formulario de ventas', 'los precios de formularios de ventas se configura para de acuerdo a la categoria del cliente los precios seran seleccionados de manera predeterminada');
/*!40000 ALTER TABLE `sys_planes_caracteristicas` ENABLE KEYS */;

-- Volcando estructura para tabla distribucion.sys_planes_config
CREATE TABLE IF NOT EXISTS `sys_planes_config` (
  `id_config` int(11) NOT NULL AUTO_INCREMENT,
  `plan_id` int(11) NOT NULL DEFAULT 0,
  `modulo` varchar(500) COLLATE utf8_spanish_ci NOT NULL DEFAULT '',
  `configuracion` enum('Habilitado','Deshabilitado') COLLATE utf8_spanish_ci NOT NULL DEFAULT 'Deshabilitado',
  `descripcion` varchar(500) COLLATE utf8_spanish_ci NOT NULL DEFAULT '',
  PRIMARY KEY (`id_config`) USING BTREE
) ENGINE=InnoDB AUTO_INCREMENT=10 DEFAULT CHARSET=utf8 COLLATE=utf8_spanish_ci;

-- Volcando datos para la tabla distribucion.sys_planes_config: ~7 rows (aproximadamente)
/*!40000 ALTER TABLE `sys_planes_config` DISABLE KEYS */;
INSERT INTO `sys_planes_config` (`id_config`, `plan_id`, `modulo`, `configuracion`, `descripcion`) VALUES
	(1, 1, 'vendedor', 'Deshabilitado', 'Muestra rastreo de preventistas'),
	(2, 1, 'notas', 'Deshabilitado', 'Muestra el total de cada deuda pendiente a cancelar'),
	(3, 1, 'operaciones', 'Deshabilitado', 'Devoluciones gestion registro'),
	(4, 1, 'operaciones', 'Deshabilitado', 'Editar preventas del preventista antes de entrega por el distribuidor'),
	(7, 1, 'ingresos', 'Deshabilitado', 'Libro de compras'),
	(8, 1, 'egresos', 'Deshabilitado', 'Libro de ventas'),
	(9, 1, 'productos', 'Deshabilitado', 'Categorizacion de precio de acuerdo a tipo de cliente');
/*!40000 ALTER TABLE `sys_planes_config` ENABLE KEYS */;

-- Volcando estructura para tabla distribucion.sys_planes_config_detalles
CREATE TABLE IF NOT EXISTS `sys_planes_config_detalles` (
  `id_detalle` int(11) NOT NULL AUTO_INCREMENT,
  `config_id` int(11) NOT NULL,
  `atributo_id` int(11) NOT NULL,
  `archivo` varchar(500) COLLATE utf8_spanish_ci NOT NULL DEFAULT '',
  PRIMARY KEY (`id_detalle`)
) ENGINE=InnoDB AUTO_INCREMENT=10 DEFAULT CHARSET=utf8 COLLATE=utf8_spanish_ci;

-- Volcando datos para la tabla distribucion.sys_planes_config_detalles: ~7 rows (aproximadamente)
/*!40000 ALTER TABLE `sys_planes_config_detalles` DISABLE KEYS */;
INSERT INTO `sys_planes_config_detalles` (`id_detalle`, `config_id`, `atributo_id`, `archivo`) VALUES
	(1, 1, 1, 'listar'),
	(2, 2, 2, 'imprimir'),
	(3, 3, 3, 'preventas_listar'),
	(4, 4, 4, 'preventas_listar'),
	(7, 5, 5, 'listar'),
	(8, 6, 6, 'listar'),
	(9, 9, 9, 'crear');
/*!40000 ALTER TABLE `sys_planes_config_detalles` ENABLE KEYS */;

-- Volcando estructura para tabla distribucion.sys_planes_detalles
CREATE TABLE IF NOT EXISTS `sys_planes_detalles` (
  `id_detalle` int(11) NOT NULL AUTO_INCREMENT,
  `caracteristica_id` int(11) NOT NULL,
  `limite` int(11) NOT NULL,
  `plan_id` int(11) NOT NULL,
  PRIMARY KEY (`id_detalle`)
) ENGINE=InnoDB AUTO_INCREMENT=7 DEFAULT CHARSET=utf8 COLLATE=utf8_spanish_ci;

-- Volcando datos para la tabla distribucion.sys_planes_detalles: ~6 rows (aproximadamente)
/*!40000 ALTER TABLE `sys_planes_detalles` DISABLE KEYS */;
INSERT INTO `sys_planes_detalles` (`id_detalle`, `caracteristica_id`, `limite`, `plan_id`) VALUES
	(1, 1, 40, 1),
	(2, 2, 50, 1),
	(3, 3, 5000, 1),
	(4, 4, 5, 1),
	(5, 5, 5, 1),
	(6, 6, 1000, 1);
/*!40000 ALTER TABLE `sys_planes_detalles` ENABLE KEYS */;

-- Volcando estructura para tabla distribucion.sys_procesos
CREATE TABLE IF NOT EXISTS `sys_procesos` (
  `id_proceso` int(11) NOT NULL AUTO_INCREMENT,
  `fecha_proceso` datetime NOT NULL,
  `hora_proceso` time NOT NULL,
  `proceso` enum('c','r','u','d') CHARACTER SET latin1 NOT NULL,
  `nivel` enum('l','m','h') CHARACTER SET utf8 COLLATE utf8_unicode_ci NOT NULL,
  `direccion` varchar(200) CHARACTER SET utf8 COLLATE utf8_unicode_ci NOT NULL,
  `detalle` text NOT NULL,
  `usuario_id` int(11) NOT NULL,
  PRIMARY KEY (`id_proceso`)
) ENGINE=MyISAM AUTO_INCREMENT=2364 DEFAULT CHARSET=utf8;

-- Volcando datos para la tabla distribucion.sys_procesos: 2.244 rows
/*!40000 ALTER TABLE `sys_procesos` DISABLE KEYS */;
INSERT INTO `sys_procesos` (`id_proceso`, `fecha_proceso`, `hora_proceso`, `proceso`, `nivel`, `direccion`, `detalle`, `usuario_id`) VALUES
	(1, '2022-09-12 00:00:00', '14:21:48', 'c', 'l', '?/permisos/guardar', 'Se creo permiso del rol con identificador 1', 1),
	(2, '2022-09-12 00:00:00', '14:21:48', 'c', 'l', '?/permisos/guardar', 'Se creo permiso del rol con identificador 1', 1),
	(3, '2022-09-12 00:00:00', '14:21:48', 'c', 'l', '?/permisos/guardar', 'Se creo permiso del rol con identificador 1', 1),
	(4, '2022-09-12 00:00:00', '14:21:48', 'c', 'l', '?/permisos/guardar', 'Se creo permiso del rol con identificador 1', 1),
	(5, '2022-09-12 00:00:00', '14:21:48', 'c', 'l', '?/permisos/guardar', 'Se creo permiso del rol con identificador 1', 1),
	(6, '2022-09-12 00:00:00', '14:21:48', 'c', 'l', '?/permisos/guardar', 'Se creo permiso del rol con identificador 1', 1),
	(7, '2022-09-12 00:00:00', '14:21:48', 'c', 'l', '?/permisos/guardar', 'Se creo permiso del rol con identificador 1', 1),
	(8, '2022-09-12 00:00:00', '14:21:48', 'c', 'l', '?/permisos/guardar', 'Se creo permiso del rol con identificador 1', 1),
	(9, '2022-09-12 00:00:00', '14:21:48', 'c', 'l', '?/permisos/guardar', 'Se creo permiso del rol con identificador 1', 1),
	(10, '2022-09-12 00:00:00', '14:21:48', 'c', 'l', '?/permisos/guardar', 'Se creo permiso del rol con identificador 1', 1),
	(11, '2022-09-12 00:00:00', '14:21:48', 'c', 'l', '?/permisos/guardar', 'Se creo permiso del rol con identificador 1', 1),
	(12, '2022-09-12 00:00:00', '14:21:48', 'c', 'l', '?/permisos/guardar', 'Se creo permiso del rol con identificador 1', 1),
	(13, '2022-09-12 00:00:00', '14:21:48', 'c', 'l', '?/permisos/guardar', 'Se creo permiso del rol con identificador 1', 1),
	(14, '2022-09-12 00:00:00', '14:21:48', 'c', 'l', '?/permisos/guardar', 'Se creo permiso del rol con identificador 1', 1),
	(15, '2022-09-12 00:00:00', '14:21:48', 'c', 'l', '?/permisos/guardar', 'Se creo permiso del rol con identificador 1', 1),
	(16, '2022-09-12 00:00:00', '14:21:48', 'c', 'l', '?/permisos/guardar', 'Se creo permiso del rol con identificador 1', 1),
	(17, '2022-09-12 00:00:00', '14:21:48', 'c', 'l', '?/permisos/guardar', 'Se creo permiso del rol con identificador 1', 1),
	(18, '2022-09-12 00:00:00', '14:21:48', 'c', 'l', '?/permisos/guardar', 'Se creo permiso del rol con identificador 1', 1),
	(19, '2022-09-12 00:00:00', '14:21:48', 'c', 'l', '?/permisos/guardar', 'Se creo permiso del rol con identificador 1', 1),
	(20, '2022-09-12 00:00:00', '14:21:48', 'c', 'l', '?/permisos/guardar', 'Se creo permiso del rol con identificador 1', 1),
	(21, '2022-09-12 00:00:00', '14:21:48', 'c', 'l', '?/permisos/guardar', 'Se creo permiso del rol con identificador 1', 1),
	(22, '2022-09-12 00:00:00', '14:21:48', 'c', 'l', '?/permisos/guardar', 'Se creo permiso del rol con identificador 1', 1),
	(23, '2022-09-12 00:00:00', '14:21:48', 'c', 'l', '?/permisos/guardar', 'Se creo permiso del rol con identificador 1', 1),
	(24, '2022-09-12 00:00:00', '14:21:48', 'c', 'l', '?/permisos/guardar', 'Se creo permiso del rol con identificador 1', 1),
	(25, '2022-09-12 00:00:00', '14:21:48', 'c', 'l', '?/permisos/guardar', 'Se creo permiso del rol con identificador 1', 1),
	(26, '2022-09-12 00:00:00', '14:21:48', 'c', 'l', '?/permisos/guardar', 'Se creo permiso del rol con identificador 1', 1),
	(27, '2022-09-12 00:00:00', '14:21:48', 'c', 'l', '?/permisos/guardar', 'Se creo permiso del rol con identificador 1', 1),
	(28, '2022-09-12 00:00:00', '14:21:48', 'c', 'l', '?/permisos/guardar', 'Se creo permiso del rol con identificador 1', 1),
	(29, '2022-09-12 00:00:00', '14:21:48', 'c', 'l', '?/permisos/guardar', 'Se creo permiso del rol con identificador 1', 1),
	(30, '2022-09-12 00:00:00', '14:21:48', 'c', 'l', '?/permisos/guardar', 'Se creo permiso del rol con identificador 1', 1),
	(31, '2022-09-12 00:00:00', '14:21:48', 'c', 'l', '?/permisos/guardar', 'Se creo permiso del rol con identificador 1', 1),
	(32, '2022-09-12 00:00:00', '14:21:48', 'c', 'l', '?/permisos/guardar', 'Se creo permiso del rol con identificador 1', 1),
	(33, '2022-09-12 00:00:00', '14:21:48', 'c', 'l', '?/permisos/guardar', 'Se creo permiso del rol con identificador 1', 1),
	(34, '2022-09-12 00:00:00', '14:21:48', 'c', 'l', '?/permisos/guardar', 'Se creo permiso del rol con identificador 1', 1),
	(35, '2022-09-12 00:00:00', '14:21:48', 'c', 'l', '?/permisos/guardar', 'Se creo permiso del rol con identificador 1', 1),
	(36, '2022-09-12 00:00:00', '14:21:48', 'c', 'l', '?/permisos/guardar', 'Se creo permiso del rol con identificador 1', 1),
	(37, '2022-09-12 00:00:00', '14:21:48', 'c', 'l', '?/permisos/guardar', 'Se creo permiso del rol con identificador 1', 1),
	(38, '2022-09-12 00:00:00', '14:21:48', 'c', 'l', '?/permisos/guardar', 'Se creo permiso del rol con identificador 1', 1),
	(39, '2022-09-12 00:00:00', '14:21:48', 'c', 'l', '?/permisos/guardar', 'Se creo permiso del rol con identificador 1', 1),
	(40, '2022-09-12 00:00:00', '14:21:48', 'c', 'l', '?/permisos/guardar', 'Se creo permiso del rol con identificador 1', 1),
	(41, '2022-09-12 00:00:00', '14:21:48', 'c', 'l', '?/permisos/guardar', 'Se creo permiso del rol con identificador 1', 1),
	(42, '2022-09-12 00:00:00', '14:21:48', 'c', 'l', '?/permisos/guardar', 'Se creo permiso del rol con identificador 1', 1),
	(43, '2022-09-12 00:00:00', '14:21:48', 'c', 'l', '?/permisos/guardar', 'Se creo permiso del rol con identificador 1', 1),
	(44, '2022-09-12 00:00:00', '14:21:48', 'c', 'l', '?/permisos/guardar', 'Se creo permiso del rol con identificador 1', 1),
	(45, '2022-09-12 00:00:00', '14:21:48', 'c', 'l', '?/permisos/guardar', 'Se creo permiso del rol con identificador 1', 1),
	(46, '2022-09-12 00:00:00', '14:21:48', 'c', 'l', '?/permisos/guardar', 'Se creo permiso del rol con identificador 1', 1),
	(47, '2022-09-12 00:00:00', '14:21:48', 'c', 'l', '?/permisos/guardar', 'Se creo permiso del rol con identificador 1', 1),
	(48, '2022-09-12 00:00:00', '14:21:48', 'c', 'l', '?/permisos/guardar', 'Se creo permiso del rol con identificador 1', 1),
	(49, '2022-09-12 00:00:00', '14:21:48', 'c', 'l', '?/permisos/guardar', 'Se creo permiso del rol con identificador 1', 1),
	(50, '2022-09-12 00:00:00', '14:21:48', 'c', 'l', '?/permisos/guardar', 'Se creo permiso del rol con identificador 1', 1),
	(51, '2022-09-12 00:00:00', '14:21:48', 'c', 'l', '?/permisos/guardar', 'Se creo permiso del rol con identificador 1', 1),
	(52, '2022-09-12 00:00:00', '14:21:48', 'c', 'l', '?/permisos/guardar', 'Se creo permiso del rol con identificador 1', 1),
	(53, '2022-09-12 00:00:00', '14:21:48', 'c', 'l', '?/permisos/guardar', 'Se creo permiso del rol con identificador 1', 1),
	(54, '2022-09-12 00:00:00', '14:21:48', 'c', 'l', '?/permisos/guardar', 'Se creo permiso del rol con identificador 1', 1),
	(55, '2022-09-12 00:00:00', '14:21:48', 'c', 'l', '?/permisos/guardar', 'Se creo permiso del rol con identificador 1', 1),
	(56, '2022-09-12 00:00:00', '14:21:48', 'c', 'l', '?/permisos/guardar', 'Se creo permiso del rol con identificador 1', 1),
	(57, '2022-09-12 00:00:00', '14:21:48', 'c', 'l', '?/permisos/guardar', 'Se creo permiso del rol con identificador 1', 1),
	(58, '2022-09-12 00:00:00', '14:21:48', 'c', 'l', '?/permisos/guardar', 'Se creo permiso del rol con identificador 1', 1),
	(59, '2022-09-12 00:00:00', '14:21:48', 'c', 'l', '?/permisos/guardar', 'Se creo permiso del rol con identificador 1', 1),
	(60, '2022-09-12 00:00:00', '14:21:48', 'c', 'l', '?/permisos/guardar', 'Se creo permiso del rol con identificador 1', 1),
	(61, '2022-09-12 00:00:00', '14:21:48', 'c', 'l', '?/permisos/guardar', 'Se creo permiso del rol con identificador 1', 1),
	(62, '2022-09-12 00:00:00', '14:21:48', 'c', 'l', '?/permisos/guardar', 'Se creo permiso del rol con identificador 1', 1),
	(63, '2022-09-12 00:00:00', '14:21:48', 'c', 'l', '?/permisos/guardar', 'Se creo permiso del rol con identificador 1', 1),
	(64, '2022-09-12 00:00:00', '14:21:48', 'c', 'l', '?/permisos/guardar', 'Se creo permiso del rol con identificador 1', 1),
	(65, '2022-09-12 00:00:00', '14:21:48', 'c', 'l', '?/permisos/guardar', 'Se creo permiso del rol con identificador 1', 1),
	(66, '2022-09-12 00:00:00', '14:21:48', 'c', 'l', '?/permisos/guardar', 'Se creo permiso del rol con identificador 1', 1),
	(67, '2022-09-12 00:00:00', '14:21:48', 'c', 'l', '?/permisos/guardar', 'Se creo permiso del rol con identificador 1', 1),
	(68, '2022-09-12 00:00:00', '14:21:48', 'c', 'l', '?/permisos/guardar', 'Se creo permiso del rol con identificador 1', 1),
	(69, '2022-09-12 00:00:00', '14:21:48', 'c', 'l', '?/permisos/guardar', 'Se creo permiso del rol con identificador 1', 1),
	(70, '2022-09-12 00:00:00', '14:21:48', 'c', 'l', '?/permisos/guardar', 'Se creo permiso del rol con identificador 1', 1),
	(71, '2022-09-12 00:00:00', '14:21:48', 'c', 'l', '?/permisos/guardar', 'Se creo permiso del rol con identificador 1', 1),
	(72, '2022-09-12 00:00:00', '14:21:48', 'c', 'l', '?/permisos/guardar', 'Se creo permiso del rol con identificador 1', 1),
	(73, '2022-09-12 00:00:00', '14:21:48', 'c', 'l', '?/permisos/guardar', 'Se creo permiso del rol con identificador 1', 1),
	(74, '2022-09-12 00:00:00', '14:21:48', 'c', 'l', '?/permisos/guardar', 'Se creo permiso del rol con identificador 1', 1),
	(75, '2022-09-12 00:00:00', '14:21:48', 'c', 'l', '?/permisos/guardar', 'Se creo permiso del rol con identificador 1', 1),
	(76, '2022-09-12 00:00:00', '14:21:48', 'c', 'l', '?/permisos/guardar', 'Se creo permiso del rol con identificador 1', 1),
	(77, '2022-09-12 00:00:00', '14:21:48', 'c', 'l', '?/permisos/guardar', 'Se creo permiso del rol con identificador 1', 1),
	(78, '2022-09-12 00:00:00', '14:21:48', 'c', 'l', '?/permisos/guardar', 'Se creo permiso del rol con identificador 1', 1),
	(79, '2022-09-12 00:00:00', '14:21:48', 'c', 'l', '?/permisos/guardar', 'Se creo permiso del rol con identificador 1', 1),
	(80, '2022-09-12 00:00:00', '14:21:48', 'c', 'l', '?/permisos/guardar', 'Se creo permiso del rol con identificador 1', 1),
	(81, '2022-09-12 00:00:00', '14:21:48', 'c', 'l', '?/permisos/guardar', 'Se creo permiso del rol con identificador 1', 1),
	(82, '2022-09-12 00:00:00', '14:21:48', 'c', 'l', '?/permisos/guardar', 'Se creo permiso del rol con identificador 1', 1),
	(83, '2022-09-12 00:00:00', '14:21:48', 'c', 'l', '?/permisos/guardar', 'Se creo permiso del rol con identificador 1', 1),
	(84, '2022-09-12 00:00:00', '14:21:48', 'c', 'l', '?/permisos/guardar', 'Se creo permiso del rol con identificador 1', 1),
	(85, '2022-09-12 00:00:00', '14:21:48', 'c', 'l', '?/permisos/guardar', 'Se creo permiso del rol con identificador 1', 1),
	(86, '2022-09-12 00:00:00', '14:21:48', 'c', 'l', '?/permisos/guardar', 'Se creo permiso del rol con identificador 1', 1),
	(87, '2022-09-12 00:00:00', '14:21:48', 'c', 'l', '?/permisos/guardar', 'Se creo permiso del rol con identificador 1', 1),
	(88, '2022-09-12 00:00:00', '14:21:48', 'c', 'l', '?/permisos/guardar', 'Se creo permiso del rol con identificador 1', 1),
	(89, '2022-09-12 00:00:00', '14:21:48', 'c', 'l', '?/permisos/guardar', 'Se creo permiso del rol con identificador 1', 1),
	(90, '2022-09-12 00:00:00', '14:21:48', 'c', 'l', '?/permisos/guardar', 'Se creo permiso del rol con identificador 1', 1),
	(91, '2022-09-12 00:00:00', '14:21:48', 'c', 'l', '?/permisos/guardar', 'Se creo permiso del rol con identificador 1', 1),
	(92, '2022-09-12 00:00:00', '14:21:48', 'c', 'l', '?/permisos/guardar', 'Se creo permiso del rol con identificador 1', 1),
	(93, '2022-09-12 00:00:00', '14:21:48', 'c', 'l', '?/permisos/guardar', 'Se creo permiso del rol con identificador 1', 1),
	(94, '2022-09-12 00:00:00', '14:21:48', 'c', 'l', '?/permisos/guardar', 'Se creo permiso del rol con identificador 1', 1),
	(95, '2022-09-19 00:00:00', '17:17:34', 'c', 'l', '?/permisos/guardar', 'Se creo permiso del rol con identificador 1', 1),
	(96, '2022-09-19 00:00:00', '17:17:34', 'c', 'l', '?/permisos/guardar', 'Se creo permiso del rol con identificador 1', 1),
	(97, '2022-09-19 00:00:00', '17:17:34', 'c', 'l', '?/permisos/guardar', 'Se creo permiso del rol con identificador 1', 1),
	(98, '2022-09-19 00:00:00', '17:17:34', 'c', 'l', '?/permisos/guardar', 'Se creo permiso del rol con identificador 1', 1),
	(99, '2022-09-19 00:00:00', '17:17:34', 'c', 'l', '?/permisos/guardar', 'Se creo permiso del rol con identificador 1', 1),
	(100, '2022-09-19 00:00:00', '17:17:34', 'c', 'l', '?/permisos/guardar', 'Se creo permiso del rol con identificador 1', 1),
	(101, '2022-09-19 00:00:00', '17:17:34', 'c', 'l', '?/permisos/guardar', 'Se creo permiso del rol con identificador 1', 1),
	(102, '2022-09-19 00:00:00', '17:17:34', 'c', 'l', '?/permisos/guardar', 'Se creo permiso del rol con identificador 1', 1),
	(103, '2022-09-19 00:00:00', '17:17:34', 'c', 'l', '?/permisos/guardar', 'Se creo permiso del rol con identificador 1', 1),
	(104, '2022-09-19 00:00:00', '17:17:34', 'c', 'l', '?/permisos/guardar', 'Se creo permiso del rol con identificador 1', 1),
	(105, '2022-09-19 00:00:00', '17:17:34', 'c', 'l', '?/permisos/guardar', 'Se creo permiso del rol con identificador 1', 1),
	(106, '2022-09-19 00:00:00', '17:17:34', 'c', 'l', '?/permisos/guardar', 'Se creo permiso del rol con identificador 1', 1),
	(107, '2022-09-19 00:00:00', '17:17:34', 'c', 'l', '?/permisos/guardar', 'Se creo permiso del rol con identificador 1', 1),
	(108, '2022-09-19 00:00:00', '17:17:34', 'c', 'l', '?/permisos/guardar', 'Se creo permiso del rol con identificador 1', 1),
	(109, '2022-09-19 00:00:00', '17:17:34', 'c', 'l', '?/permisos/guardar', 'Se creo permiso del rol con identificador 1', 1),
	(110, '2022-09-19 00:00:00', '17:17:34', 'c', 'l', '?/permisos/guardar', 'Se creo permiso del rol con identificador 1', 1),
	(111, '2022-09-19 00:00:00', '17:17:34', 'c', 'l', '?/permisos/guardar', 'Se creo permiso del rol con identificador 1', 1),
	(112, '2022-09-19 00:00:00', '17:17:34', 'c', 'l', '?/permisos/guardar', 'Se creo permiso del rol con identificador 1', 1),
	(113, '2022-09-19 00:00:00', '17:17:34', 'c', 'l', '?/permisos/guardar', 'Se creo permiso del rol con identificador 1', 1),
	(114, '2022-09-19 00:00:00', '17:17:34', 'c', 'l', '?/permisos/guardar', 'Se creo permiso del rol con identificador 1', 1),
	(115, '2022-09-19 00:00:00', '17:17:34', 'c', 'l', '?/permisos/guardar', 'Se creo permiso del rol con identificador 1', 1),
	(116, '2022-09-19 00:00:00', '17:17:34', 'c', 'l', '?/permisos/guardar', 'Se creo permiso del rol con identificador 1', 1),
	(117, '2022-09-19 00:00:00', '17:17:34', 'c', 'l', '?/permisos/guardar', 'Se creo permiso del rol con identificador 1', 1),
	(118, '2022-09-19 00:00:00', '17:17:34', 'c', 'l', '?/permisos/guardar', 'Se creo permiso del rol con identificador 1', 1),
	(119, '2022-09-19 00:00:00', '17:17:34', 'c', 'l', '?/permisos/guardar', 'Se creo permiso del rol con identificador 1', 1),
	(120, '2022-09-19 00:00:00', '17:17:34', 'c', 'l', '?/permisos/guardar', 'Se creo permiso del rol con identificador 1', 1),
	(121, '2022-09-19 00:00:00', '17:17:34', 'c', 'l', '?/permisos/guardar', 'Se creo permiso del rol con identificador 1', 1),
	(122, '2022-09-19 00:00:00', '17:17:34', 'c', 'l', '?/permisos/guardar', 'Se creo permiso del rol con identificador 1', 1),
	(123, '2022-09-19 00:00:00', '17:17:34', 'c', 'l', '?/permisos/guardar', 'Se creo permiso del rol con identificador 1', 1),
	(124, '2022-09-19 00:00:00', '17:17:34', 'c', 'l', '?/permisos/guardar', 'Se creo permiso del rol con identificador 1', 1),
	(125, '2022-09-19 00:00:00', '17:17:34', 'c', 'l', '?/permisos/guardar', 'Se creo permiso del rol con identificador 1', 1),
	(126, '2022-09-19 00:00:00', '17:17:34', 'c', 'l', '?/permisos/guardar', 'Se creo permiso del rol con identificador 1', 1),
	(127, '2022-09-19 00:00:00', '17:17:34', 'c', 'l', '?/permisos/guardar', 'Se creo permiso del rol con identificador 1', 1),
	(128, '2022-09-19 00:00:00', '17:17:34', 'c', 'l', '?/permisos/guardar', 'Se creo permiso del rol con identificador 1', 1),
	(129, '2022-09-19 00:00:00', '17:17:34', 'c', 'l', '?/permisos/guardar', 'Se creo permiso del rol con identificador 1', 1),
	(130, '2022-09-19 00:00:00', '17:17:34', 'c', 'l', '?/permisos/guardar', 'Se creo permiso del rol con identificador 1', 1),
	(131, '2022-09-19 00:00:00', '17:17:34', 'c', 'l', '?/permisos/guardar', 'Se creo permiso del rol con identificador 1', 1),
	(132, '2022-09-19 00:00:00', '17:17:34', 'c', 'l', '?/permisos/guardar', 'Se creo permiso del rol con identificador 1', 1),
	(133, '2022-09-19 00:00:00', '17:17:34', 'c', 'l', '?/permisos/guardar', 'Se creo permiso del rol con identificador 1', 1),
	(134, '2022-09-19 00:00:00', '17:17:34', 'c', 'l', '?/permisos/guardar', 'Se creo permiso del rol con identificador 1', 1),
	(135, '2022-09-19 00:00:00', '17:17:34', 'c', 'l', '?/permisos/guardar', 'Se creo permiso del rol con identificador 1', 1),
	(136, '2022-09-19 00:00:00', '17:17:34', 'c', 'l', '?/permisos/guardar', 'Se creo permiso del rol con identificador 1', 1),
	(137, '2022-09-19 00:00:00', '17:17:34', 'c', 'l', '?/permisos/guardar', 'Se creo permiso del rol con identificador 1', 1),
	(138, '2022-09-19 00:00:00', '17:17:34', 'c', 'l', '?/permisos/guardar', 'Se creo permiso del rol con identificador 1', 1),
	(139, '2022-09-19 00:00:00', '17:17:34', 'c', 'l', '?/permisos/guardar', 'Se creo permiso del rol con identificador 1', 1),
	(140, '2022-09-19 00:00:00', '17:17:34', 'c', 'l', '?/permisos/guardar', 'Se creo permiso del rol con identificador 1', 1),
	(141, '2022-09-19 00:00:00', '17:17:34', 'c', 'l', '?/permisos/guardar', 'Se creo permiso del rol con identificador 1', 1),
	(142, '2022-09-19 00:00:00', '17:17:34', 'c', 'l', '?/permisos/guardar', 'Se creo permiso del rol con identificador 1', 1),
	(143, '2022-09-19 00:00:00', '17:17:34', 'c', 'l', '?/permisos/guardar', 'Se creo permiso del rol con identificador 1', 1),
	(144, '2022-09-19 00:00:00', '17:17:34', 'c', 'l', '?/permisos/guardar', 'Se creo permiso del rol con identificador 1', 1),
	(145, '2022-09-19 00:00:00', '17:17:34', 'c', 'l', '?/permisos/guardar', 'Se creo permiso del rol con identificador 1', 1),
	(146, '2022-09-19 00:00:00', '17:17:34', 'c', 'l', '?/permisos/guardar', 'Se creo permiso del rol con identificador 1', 1),
	(147, '2022-09-19 00:00:00', '17:17:34', 'c', 'l', '?/permisos/guardar', 'Se creo permiso del rol con identificador 1', 1),
	(148, '2022-09-19 00:00:00', '17:17:34', 'c', 'l', '?/permisos/guardar', 'Se creo permiso del rol con identificador 1', 1),
	(149, '2022-09-19 00:00:00', '17:17:34', 'c', 'l', '?/permisos/guardar', 'Se creo permiso del rol con identificador 1', 1),
	(150, '2022-09-19 00:00:00', '17:17:34', 'c', 'l', '?/permisos/guardar', 'Se creo permiso del rol con identificador 1', 1),
	(151, '2022-09-19 00:00:00', '17:17:34', 'c', 'l', '?/permisos/guardar', 'Se creo permiso del rol con identificador 1', 1),
	(152, '2022-09-19 00:00:00', '17:17:34', 'c', 'l', '?/permisos/guardar', 'Se creo permiso del rol con identificador 1', 1),
	(153, '2022-09-19 00:00:00', '17:17:34', 'c', 'l', '?/permisos/guardar', 'Se creo permiso del rol con identificador 1', 1),
	(154, '2022-09-19 00:00:00', '17:17:34', 'c', 'l', '?/permisos/guardar', 'Se creo permiso del rol con identificador 1', 1),
	(155, '2022-09-19 00:00:00', '17:17:34', 'c', 'l', '?/permisos/guardar', 'Se creo permiso del rol con identificador 1', 1),
	(156, '2022-09-19 00:00:00', '17:17:34', 'c', 'l', '?/permisos/guardar', 'Se creo permiso del rol con identificador 1', 1),
	(157, '2022-09-19 00:00:00', '17:17:34', 'c', 'l', '?/permisos/guardar', 'Se creo permiso del rol con identificador 1', 1),
	(158, '2022-09-19 00:00:00', '17:17:34', 'c', 'l', '?/permisos/guardar', 'Se creo permiso del rol con identificador 1', 1),
	(159, '2022-09-19 00:00:00', '17:17:34', 'c', 'l', '?/permisos/guardar', 'Se creo permiso del rol con identificador 1', 1),
	(160, '2022-09-19 00:00:00', '17:17:34', 'c', 'l', '?/permisos/guardar', 'Se creo permiso del rol con identificador 1', 1),
	(161, '2022-09-19 00:00:00', '17:17:34', 'c', 'l', '?/permisos/guardar', 'Se creo permiso del rol con identificador 1', 1),
	(162, '2022-09-19 00:00:00', '17:17:34', 'c', 'l', '?/permisos/guardar', 'Se creo permiso del rol con identificador 1', 1),
	(163, '2022-09-19 00:00:00', '17:17:34', 'c', 'l', '?/permisos/guardar', 'Se creo permiso del rol con identificador 1', 1),
	(164, '2022-09-19 00:00:00', '17:17:34', 'c', 'l', '?/permisos/guardar', 'Se creo permiso del rol con identificador 1', 1),
	(165, '2022-09-19 00:00:00', '17:17:34', 'c', 'l', '?/permisos/guardar', 'Se creo permiso del rol con identificador 1', 1),
	(166, '2022-09-19 00:00:00', '17:17:34', 'c', 'l', '?/permisos/guardar', 'Se creo permiso del rol con identificador 1', 1),
	(167, '2022-09-19 00:00:00', '17:17:34', 'c', 'l', '?/permisos/guardar', 'Se creo permiso del rol con identificador 1', 1),
	(168, '2022-09-19 00:00:00', '17:17:34', 'c', 'l', '?/permisos/guardar', 'Se creo permiso del rol con identificador 1', 1),
	(169, '2022-09-19 00:00:00', '17:17:34', 'c', 'l', '?/permisos/guardar', 'Se creo permiso del rol con identificador 1', 1),
	(170, '2022-09-19 00:00:00', '17:17:34', 'c', 'l', '?/permisos/guardar', 'Se creo permiso del rol con identificador 1', 1),
	(171, '2022-09-19 00:00:00', '17:17:34', 'c', 'l', '?/permisos/guardar', 'Se creo permiso del rol con identificador 1', 1),
	(172, '2022-09-19 00:00:00', '17:17:34', 'c', 'l', '?/permisos/guardar', 'Se creo permiso del rol con identificador 1', 1),
	(173, '2022-09-19 00:00:00', '17:17:34', 'c', 'l', '?/permisos/guardar', 'Se creo permiso del rol con identificador 1', 1),
	(174, '2022-09-19 00:00:00', '17:17:34', 'c', 'l', '?/permisos/guardar', 'Se creo permiso del rol con identificador 1', 1),
	(175, '2022-09-19 00:00:00', '17:17:34', 'c', 'l', '?/permisos/guardar', 'Se creo permiso del rol con identificador 1', 1),
	(176, '2022-09-19 00:00:00', '17:17:34', 'c', 'l', '?/permisos/guardar', 'Se creo permiso del rol con identificador 1', 1),
	(177, '2022-09-19 00:00:00', '17:17:34', 'c', 'l', '?/permisos/guardar', 'Se creo permiso del rol con identificador 1', 1),
	(178, '2022-09-19 00:00:00', '17:17:34', 'c', 'l', '?/permisos/guardar', 'Se creo permiso del rol con identificador 1', 1),
	(179, '2022-09-19 00:00:00', '17:17:34', 'c', 'l', '?/permisos/guardar', 'Se creo permiso del rol con identificador 1', 1),
	(180, '2022-09-19 00:00:00', '17:17:34', 'c', 'l', '?/permisos/guardar', 'Se creo permiso del rol con identificador 1', 1),
	(181, '2022-09-19 00:00:00', '17:17:34', 'c', 'l', '?/permisos/guardar', 'Se creo permiso del rol con identificador 1', 1),
	(182, '2022-09-19 00:00:00', '17:17:34', 'c', 'l', '?/permisos/guardar', 'Se creo permiso del rol con identificador 1', 1),
	(183, '2022-09-19 00:00:00', '17:17:34', 'c', 'l', '?/permisos/guardar', 'Se creo permiso del rol con identificador 1', 1),
	(184, '2022-09-19 00:00:00', '17:17:34', 'c', 'l', '?/permisos/guardar', 'Se creo permiso del rol con identificador 1', 1),
	(185, '2022-09-19 00:00:00', '17:17:34', 'c', 'l', '?/permisos/guardar', 'Se creo permiso del rol con identificador 1', 1),
	(186, '2022-09-19 00:00:00', '17:17:34', 'c', 'l', '?/permisos/guardar', 'Se creo permiso del rol con identificador 1', 1),
	(187, '2022-09-19 00:00:00', '17:17:34', 'c', 'l', '?/permisos/guardar', 'Se creo permiso del rol con identificador 1', 1),
	(188, '2022-09-19 00:00:00', '17:17:34', 'c', 'l', '?/permisos/guardar', 'Se creo permiso del rol con identificador 1', 1),
	(189, '2022-09-19 00:00:00', '18:34:24', 'c', 'l', '?/permisos/guardar', 'Se creo permiso del rol con identificador 1', 1),
	(190, '2022-09-19 00:00:00', '18:34:24', 'c', 'l', '?/permisos/guardar', 'Se creo permiso del rol con identificador 1', 1),
	(191, '2022-09-19 00:00:00', '18:34:24', 'c', 'l', '?/permisos/guardar', 'Se creo permiso del rol con identificador 1', 1),
	(192, '2022-09-19 00:00:00', '18:34:24', 'c', 'l', '?/permisos/guardar', 'Se creo permiso del rol con identificador 1', 1),
	(193, '2022-09-19 00:00:00', '18:34:24', 'c', 'l', '?/permisos/guardar', 'Se creo permiso del rol con identificador 1', 1),
	(194, '2022-09-19 00:00:00', '18:34:24', 'c', 'l', '?/permisos/guardar', 'Se creo permiso del rol con identificador 1', 1),
	(195, '2022-09-19 00:00:00', '18:34:24', 'c', 'l', '?/permisos/guardar', 'Se creo permiso del rol con identificador 1', 1),
	(196, '2022-09-19 00:00:00', '18:34:24', 'c', 'l', '?/permisos/guardar', 'Se creo permiso del rol con identificador 1', 1),
	(197, '2022-09-19 00:00:00', '18:34:24', 'c', 'l', '?/permisos/guardar', 'Se creo permiso del rol con identificador 1', 1),
	(198, '2022-09-19 00:00:00', '18:34:24', 'c', 'l', '?/permisos/guardar', 'Se creo permiso del rol con identificador 1', 1),
	(199, '2022-09-19 00:00:00', '18:34:24', 'c', 'l', '?/permisos/guardar', 'Se creo permiso del rol con identificador 1', 1),
	(200, '2022-09-19 00:00:00', '18:34:24', 'c', 'l', '?/permisos/guardar', 'Se creo permiso del rol con identificador 1', 1),
	(201, '2022-09-19 00:00:00', '18:34:24', 'c', 'l', '?/permisos/guardar', 'Se creo permiso del rol con identificador 1', 1),
	(202, '2022-09-19 00:00:00', '18:34:24', 'c', 'l', '?/permisos/guardar', 'Se creo permiso del rol con identificador 1', 1),
	(203, '2022-09-19 00:00:00', '18:34:24', 'c', 'l', '?/permisos/guardar', 'Se creo permiso del rol con identificador 1', 1),
	(204, '2022-09-19 00:00:00', '18:34:24', 'c', 'l', '?/permisos/guardar', 'Se creo permiso del rol con identificador 1', 1),
	(205, '2022-09-19 00:00:00', '18:34:24', 'c', 'l', '?/permisos/guardar', 'Se creo permiso del rol con identificador 1', 1),
	(206, '2022-09-19 00:00:00', '18:34:24', 'c', 'l', '?/permisos/guardar', 'Se creo permiso del rol con identificador 1', 1),
	(207, '2022-09-19 00:00:00', '18:34:24', 'c', 'l', '?/permisos/guardar', 'Se creo permiso del rol con identificador 1', 1),
	(208, '2022-09-19 00:00:00', '18:34:24', 'c', 'l', '?/permisos/guardar', 'Se creo permiso del rol con identificador 1', 1),
	(209, '2022-09-19 00:00:00', '18:34:24', 'c', 'l', '?/permisos/guardar', 'Se creo permiso del rol con identificador 1', 1),
	(210, '2022-09-19 00:00:00', '18:34:24', 'c', 'l', '?/permisos/guardar', 'Se creo permiso del rol con identificador 1', 1),
	(211, '2022-09-19 00:00:00', '18:34:24', 'c', 'l', '?/permisos/guardar', 'Se creo permiso del rol con identificador 1', 1),
	(212, '2022-09-19 00:00:00', '18:34:24', 'c', 'l', '?/permisos/guardar', 'Se creo permiso del rol con identificador 1', 1),
	(213, '2022-09-19 00:00:00', '18:34:24', 'c', 'l', '?/permisos/guardar', 'Se creo permiso del rol con identificador 1', 1),
	(214, '2022-09-19 00:00:00', '18:34:24', 'c', 'l', '?/permisos/guardar', 'Se creo permiso del rol con identificador 1', 1),
	(215, '2022-09-19 00:00:00', '18:34:24', 'c', 'l', '?/permisos/guardar', 'Se creo permiso del rol con identificador 1', 1),
	(216, '2022-09-19 00:00:00', '18:34:24', 'c', 'l', '?/permisos/guardar', 'Se creo permiso del rol con identificador 1', 1),
	(217, '2022-09-19 00:00:00', '18:34:24', 'c', 'l', '?/permisos/guardar', 'Se creo permiso del rol con identificador 1', 1),
	(218, '2022-09-19 00:00:00', '18:34:24', 'c', 'l', '?/permisos/guardar', 'Se creo permiso del rol con identificador 1', 1),
	(219, '2022-09-19 00:00:00', '18:34:24', 'c', 'l', '?/permisos/guardar', 'Se creo permiso del rol con identificador 1', 1),
	(220, '2022-09-19 00:00:00', '18:34:24', 'c', 'l', '?/permisos/guardar', 'Se creo permiso del rol con identificador 1', 1),
	(221, '2022-09-19 00:00:00', '18:34:24', 'c', 'l', '?/permisos/guardar', 'Se creo permiso del rol con identificador 1', 1),
	(222, '2022-09-19 00:00:00', '18:34:24', 'c', 'l', '?/permisos/guardar', 'Se creo permiso del rol con identificador 1', 1),
	(223, '2022-09-19 00:00:00', '18:34:24', 'c', 'l', '?/permisos/guardar', 'Se creo permiso del rol con identificador 1', 1),
	(224, '2022-09-19 00:00:00', '18:34:24', 'c', 'l', '?/permisos/guardar', 'Se creo permiso del rol con identificador 1', 1),
	(225, '2022-09-19 00:00:00', '18:34:24', 'c', 'l', '?/permisos/guardar', 'Se creo permiso del rol con identificador 1', 1),
	(226, '2022-09-19 00:00:00', '18:34:24', 'c', 'l', '?/permisos/guardar', 'Se creo permiso del rol con identificador 1', 1),
	(227, '2022-09-19 00:00:00', '18:34:24', 'c', 'l', '?/permisos/guardar', 'Se creo permiso del rol con identificador 1', 1),
	(228, '2022-09-19 00:00:00', '18:34:24', 'c', 'l', '?/permisos/guardar', 'Se creo permiso del rol con identificador 1', 1),
	(229, '2022-09-19 00:00:00', '18:34:24', 'c', 'l', '?/permisos/guardar', 'Se creo permiso del rol con identificador 1', 1),
	(230, '2022-09-19 00:00:00', '18:34:24', 'c', 'l', '?/permisos/guardar', 'Se creo permiso del rol con identificador 1', 1),
	(231, '2022-09-19 00:00:00', '18:34:24', 'c', 'l', '?/permisos/guardar', 'Se creo permiso del rol con identificador 1', 1),
	(232, '2022-09-19 00:00:00', '18:34:24', 'c', 'l', '?/permisos/guardar', 'Se creo permiso del rol con identificador 1', 1),
	(233, '2022-09-19 00:00:00', '18:34:24', 'c', 'l', '?/permisos/guardar', 'Se creo permiso del rol con identificador 1', 1),
	(234, '2022-09-19 00:00:00', '18:34:24', 'c', 'l', '?/permisos/guardar', 'Se creo permiso del rol con identificador 1', 1),
	(235, '2022-09-19 00:00:00', '18:34:24', 'c', 'l', '?/permisos/guardar', 'Se creo permiso del rol con identificador 1', 1),
	(236, '2022-09-19 00:00:00', '18:34:24', 'c', 'l', '?/permisos/guardar', 'Se creo permiso del rol con identificador 1', 1),
	(237, '2022-09-19 00:00:00', '18:34:24', 'c', 'l', '?/permisos/guardar', 'Se creo permiso del rol con identificador 1', 1),
	(238, '2022-09-19 00:00:00', '18:34:24', 'c', 'l', '?/permisos/guardar', 'Se creo permiso del rol con identificador 1', 1),
	(239, '2022-09-19 00:00:00', '18:34:24', 'c', 'l', '?/permisos/guardar', 'Se creo permiso del rol con identificador 1', 1),
	(240, '2022-09-19 00:00:00', '18:34:24', 'c', 'l', '?/permisos/guardar', 'Se creo permiso del rol con identificador 1', 1),
	(241, '2022-09-19 00:00:00', '18:34:24', 'c', 'l', '?/permisos/guardar', 'Se creo permiso del rol con identificador 1', 1),
	(242, '2022-09-19 00:00:00', '18:34:24', 'c', 'l', '?/permisos/guardar', 'Se creo permiso del rol con identificador 1', 1),
	(243, '2022-09-19 00:00:00', '18:34:24', 'c', 'l', '?/permisos/guardar', 'Se creo permiso del rol con identificador 1', 1),
	(244, '2022-09-19 00:00:00', '18:34:24', 'c', 'l', '?/permisos/guardar', 'Se creo permiso del rol con identificador 1', 1),
	(245, '2022-09-19 00:00:00', '18:34:24', 'c', 'l', '?/permisos/guardar', 'Se creo permiso del rol con identificador 1', 1),
	(246, '2022-09-19 00:00:00', '18:34:24', 'c', 'l', '?/permisos/guardar', 'Se creo permiso del rol con identificador 1', 1),
	(247, '2022-09-19 00:00:00', '18:34:24', 'c', 'l', '?/permisos/guardar', 'Se creo permiso del rol con identificador 1', 1),
	(248, '2022-09-19 00:00:00', '18:34:24', 'c', 'l', '?/permisos/guardar', 'Se creo permiso del rol con identificador 1', 1),
	(249, '2022-09-19 00:00:00', '18:34:24', 'c', 'l', '?/permisos/guardar', 'Se creo permiso del rol con identificador 1', 1),
	(250, '2022-09-19 00:00:00', '18:34:24', 'c', 'l', '?/permisos/guardar', 'Se creo permiso del rol con identificador 1', 1),
	(251, '2022-09-19 00:00:00', '18:34:24', 'c', 'l', '?/permisos/guardar', 'Se creo permiso del rol con identificador 1', 1),
	(252, '2022-09-19 00:00:00', '18:34:24', 'c', 'l', '?/permisos/guardar', 'Se creo permiso del rol con identificador 1', 1),
	(253, '2022-09-19 00:00:00', '18:34:24', 'c', 'l', '?/permisos/guardar', 'Se creo permiso del rol con identificador 1', 1),
	(254, '2022-09-19 00:00:00', '18:34:24', 'c', 'l', '?/permisos/guardar', 'Se creo permiso del rol con identificador 1', 1),
	(255, '2022-09-19 00:00:00', '18:34:24', 'c', 'l', '?/permisos/guardar', 'Se creo permiso del rol con identificador 1', 1),
	(256, '2022-09-19 00:00:00', '18:34:24', 'c', 'l', '?/permisos/guardar', 'Se creo permiso del rol con identificador 1', 1),
	(257, '2022-09-19 00:00:00', '18:34:24', 'c', 'l', '?/permisos/guardar', 'Se creo permiso del rol con identificador 1', 1),
	(258, '2022-09-19 00:00:00', '18:34:24', 'c', 'l', '?/permisos/guardar', 'Se creo permiso del rol con identificador 1', 1),
	(259, '2022-09-19 00:00:00', '18:34:24', 'c', 'l', '?/permisos/guardar', 'Se creo permiso del rol con identificador 1', 1),
	(260, '2022-09-19 00:00:00', '18:34:24', 'c', 'l', '?/permisos/guardar', 'Se creo permiso del rol con identificador 1', 1),
	(261, '2022-09-19 00:00:00', '18:34:24', 'c', 'l', '?/permisos/guardar', 'Se creo permiso del rol con identificador 1', 1),
	(262, '2022-09-19 00:00:00', '18:34:24', 'c', 'l', '?/permisos/guardar', 'Se creo permiso del rol con identificador 1', 1),
	(263, '2022-09-19 00:00:00', '18:34:24', 'c', 'l', '?/permisos/guardar', 'Se creo permiso del rol con identificador 1', 1),
	(264, '2022-09-19 00:00:00', '18:34:24', 'c', 'l', '?/permisos/guardar', 'Se creo permiso del rol con identificador 1', 1),
	(265, '2022-09-19 00:00:00', '18:34:24', 'c', 'l', '?/permisos/guardar', 'Se creo permiso del rol con identificador 1', 1),
	(266, '2022-09-19 00:00:00', '18:34:24', 'c', 'l', '?/permisos/guardar', 'Se creo permiso del rol con identificador 1', 1),
	(267, '2022-09-19 00:00:00', '18:34:24', 'c', 'l', '?/permisos/guardar', 'Se creo permiso del rol con identificador 1', 1),
	(268, '2022-09-19 00:00:00', '18:34:24', 'c', 'l', '?/permisos/guardar', 'Se creo permiso del rol con identificador 1', 1),
	(269, '2022-09-19 00:00:00', '18:34:24', 'c', 'l', '?/permisos/guardar', 'Se creo permiso del rol con identificador 1', 1),
	(270, '2022-09-19 00:00:00', '18:34:24', 'c', 'l', '?/permisos/guardar', 'Se creo permiso del rol con identificador 1', 1),
	(271, '2022-09-19 00:00:00', '18:34:24', 'c', 'l', '?/permisos/guardar', 'Se creo permiso del rol con identificador 1', 1),
	(272, '2022-09-19 00:00:00', '18:34:24', 'c', 'l', '?/permisos/guardar', 'Se creo permiso del rol con identificador 1', 1),
	(273, '2022-09-19 00:00:00', '18:34:24', 'c', 'l', '?/permisos/guardar', 'Se creo permiso del rol con identificador 1', 1),
	(274, '2022-09-19 00:00:00', '18:34:24', 'c', 'l', '?/permisos/guardar', 'Se creo permiso del rol con identificador 1', 1),
	(275, '2022-09-19 00:00:00', '18:34:24', 'c', 'l', '?/permisos/guardar', 'Se creo permiso del rol con identificador 1', 1),
	(276, '2022-09-19 00:00:00', '18:34:24', 'c', 'l', '?/permisos/guardar', 'Se creo permiso del rol con identificador 1', 1),
	(277, '2022-09-19 00:00:00', '18:34:24', 'c', 'l', '?/permisos/guardar', 'Se creo permiso del rol con identificador 1', 1),
	(278, '2022-09-19 00:00:00', '18:34:24', 'c', 'l', '?/permisos/guardar', 'Se creo permiso del rol con identificador 1', 1),
	(279, '2022-09-19 00:00:00', '18:34:24', 'c', 'l', '?/permisos/guardar', 'Se creo permiso del rol con identificador 1', 1),
	(280, '2022-09-19 00:00:00', '18:34:24', 'c', 'l', '?/permisos/guardar', 'Se creo permiso del rol con identificador 1', 1),
	(281, '2022-09-19 00:00:00', '18:34:24', 'c', 'l', '?/permisos/guardar', 'Se creo permiso del rol con identificador 1', 1),
	(282, '2022-09-19 00:00:00', '18:34:24', 'c', 'l', '?/permisos/guardar', 'Se creo permiso del rol con identificador 1', 1),
	(283, '2022-09-19 00:00:00', '20:30:55', 'c', 'l', '?/permisos/guardar', 'Se creo permiso del rol con identificador 1', 1),
	(284, '2022-09-19 00:00:00', '20:30:55', 'c', 'l', '?/permisos/guardar', 'Se creo permiso del rol con identificador 1', 1),
	(285, '2022-09-19 00:00:00', '20:30:55', 'c', 'l', '?/permisos/guardar', 'Se creo permiso del rol con identificador 1', 1),
	(286, '2022-09-19 00:00:00', '20:30:55', 'c', 'l', '?/permisos/guardar', 'Se creo permiso del rol con identificador 1', 1),
	(287, '2022-09-19 00:00:00', '20:30:55', 'c', 'l', '?/permisos/guardar', 'Se creo permiso del rol con identificador 1', 1),
	(288, '2022-09-19 00:00:00', '20:30:55', 'c', 'l', '?/permisos/guardar', 'Se creo permiso del rol con identificador 1', 1),
	(289, '2022-09-19 00:00:00', '20:30:55', 'c', 'l', '?/permisos/guardar', 'Se creo permiso del rol con identificador 1', 1),
	(290, '2022-09-19 00:00:00', '20:30:55', 'c', 'l', '?/permisos/guardar', 'Se creo permiso del rol con identificador 1', 1),
	(291, '2022-09-19 00:00:00', '20:30:55', 'c', 'l', '?/permisos/guardar', 'Se creo permiso del rol con identificador 1', 1),
	(292, '2022-09-19 00:00:00', '20:30:55', 'c', 'l', '?/permisos/guardar', 'Se creo permiso del rol con identificador 1', 1),
	(293, '2022-09-19 00:00:00', '20:30:55', 'c', 'l', '?/permisos/guardar', 'Se creo permiso del rol con identificador 1', 1),
	(294, '2022-09-19 00:00:00', '20:30:55', 'c', 'l', '?/permisos/guardar', 'Se creo permiso del rol con identificador 1', 1),
	(295, '2022-09-19 00:00:00', '20:30:56', 'c', 'l', '?/permisos/guardar', 'Se creo permiso del rol con identificador 1', 1),
	(296, '2022-09-19 00:00:00', '20:30:56', 'c', 'l', '?/permisos/guardar', 'Se creo permiso del rol con identificador 1', 1),
	(297, '2022-09-19 00:00:00', '20:30:56', 'c', 'l', '?/permisos/guardar', 'Se creo permiso del rol con identificador 1', 1),
	(298, '2022-09-19 00:00:00', '20:30:56', 'c', 'l', '?/permisos/guardar', 'Se creo permiso del rol con identificador 1', 1),
	(299, '2022-09-19 00:00:00', '20:30:56', 'c', 'l', '?/permisos/guardar', 'Se creo permiso del rol con identificador 1', 1),
	(300, '2022-09-19 00:00:00', '20:30:56', 'c', 'l', '?/permisos/guardar', 'Se creo permiso del rol con identificador 1', 1),
	(301, '2022-09-19 00:00:00', '20:30:56', 'c', 'l', '?/permisos/guardar', 'Se creo permiso del rol con identificador 1', 1),
	(302, '2022-09-19 00:00:00', '20:30:56', 'c', 'l', '?/permisos/guardar', 'Se creo permiso del rol con identificador 1', 1),
	(303, '2022-09-19 00:00:00', '20:30:56', 'c', 'l', '?/permisos/guardar', 'Se creo permiso del rol con identificador 1', 1),
	(304, '2022-09-19 00:00:00', '20:30:56', 'c', 'l', '?/permisos/guardar', 'Se creo permiso del rol con identificador 1', 1),
	(305, '2022-09-19 00:00:00', '20:30:56', 'c', 'l', '?/permisos/guardar', 'Se creo permiso del rol con identificador 1', 1),
	(306, '2022-09-19 00:00:00', '20:30:56', 'c', 'l', '?/permisos/guardar', 'Se creo permiso del rol con identificador 1', 1),
	(307, '2022-09-19 00:00:00', '20:30:56', 'c', 'l', '?/permisos/guardar', 'Se creo permiso del rol con identificador 1', 1),
	(308, '2022-09-19 00:00:00', '20:30:56', 'c', 'l', '?/permisos/guardar', 'Se creo permiso del rol con identificador 1', 1),
	(309, '2022-09-19 00:00:00', '20:30:56', 'c', 'l', '?/permisos/guardar', 'Se creo permiso del rol con identificador 1', 1),
	(310, '2022-09-19 00:00:00', '20:30:56', 'c', 'l', '?/permisos/guardar', 'Se creo permiso del rol con identificador 1', 1),
	(311, '2022-09-19 00:00:00', '20:30:56', 'c', 'l', '?/permisos/guardar', 'Se creo permiso del rol con identificador 1', 1),
	(312, '2022-09-19 00:00:00', '20:30:56', 'c', 'l', '?/permisos/guardar', 'Se creo permiso del rol con identificador 1', 1),
	(313, '2022-09-19 00:00:00', '20:30:56', 'c', 'l', '?/permisos/guardar', 'Se creo permiso del rol con identificador 1', 1),
	(314, '2022-09-19 00:00:00', '20:30:56', 'c', 'l', '?/permisos/guardar', 'Se creo permiso del rol con identificador 1', 1),
	(315, '2022-09-19 00:00:00', '20:30:56', 'c', 'l', '?/permisos/guardar', 'Se creo permiso del rol con identificador 1', 1),
	(316, '2022-09-19 00:00:00', '20:30:56', 'c', 'l', '?/permisos/guardar', 'Se creo permiso del rol con identificador 1', 1),
	(317, '2022-09-19 00:00:00', '20:30:56', 'c', 'l', '?/permisos/guardar', 'Se creo permiso del rol con identificador 1', 1),
	(318, '2022-09-19 00:00:00', '20:30:56', 'c', 'l', '?/permisos/guardar', 'Se creo permiso del rol con identificador 1', 1),
	(319, '2022-09-19 00:00:00', '20:30:56', 'c', 'l', '?/permisos/guardar', 'Se creo permiso del rol con identificador 1', 1),
	(320, '2022-09-19 00:00:00', '20:30:56', 'c', 'l', '?/permisos/guardar', 'Se creo permiso del rol con identificador 1', 1),
	(321, '2022-09-19 00:00:00', '20:30:56', 'c', 'l', '?/permisos/guardar', 'Se creo permiso del rol con identificador 1', 1),
	(322, '2022-09-19 00:00:00', '20:30:56', 'c', 'l', '?/permisos/guardar', 'Se creo permiso del rol con identificador 1', 1),
	(323, '2022-09-19 00:00:00', '20:30:56', 'c', 'l', '?/permisos/guardar', 'Se creo permiso del rol con identificador 1', 1),
	(324, '2022-09-19 00:00:00', '20:30:56', 'c', 'l', '?/permisos/guardar', 'Se creo permiso del rol con identificador 1', 1),
	(325, '2022-09-19 00:00:00', '20:30:56', 'c', 'l', '?/permisos/guardar', 'Se creo permiso del rol con identificador 1', 1),
	(326, '2022-09-19 00:00:00', '20:30:56', 'c', 'l', '?/permisos/guardar', 'Se creo permiso del rol con identificador 1', 1),
	(327, '2022-09-19 00:00:00', '20:30:56', 'c', 'l', '?/permisos/guardar', 'Se creo permiso del rol con identificador 1', 1),
	(328, '2022-09-19 00:00:00', '20:30:56', 'c', 'l', '?/permisos/guardar', 'Se creo permiso del rol con identificador 1', 1),
	(329, '2022-09-19 00:00:00', '20:30:56', 'c', 'l', '?/permisos/guardar', 'Se creo permiso del rol con identificador 1', 1),
	(330, '2022-09-19 00:00:00', '20:30:56', 'c', 'l', '?/permisos/guardar', 'Se creo permiso del rol con identificador 1', 1),
	(331, '2022-09-19 00:00:00', '20:30:56', 'c', 'l', '?/permisos/guardar', 'Se creo permiso del rol con identificador 1', 1),
	(332, '2022-09-19 00:00:00', '20:30:56', 'c', 'l', '?/permisos/guardar', 'Se creo permiso del rol con identificador 1', 1),
	(333, '2022-09-19 00:00:00', '20:30:56', 'c', 'l', '?/permisos/guardar', 'Se creo permiso del rol con identificador 1', 1),
	(334, '2022-09-19 00:00:00', '20:30:56', 'c', 'l', '?/permisos/guardar', 'Se creo permiso del rol con identificador 1', 1),
	(335, '2022-09-19 00:00:00', '20:30:56', 'c', 'l', '?/permisos/guardar', 'Se creo permiso del rol con identificador 1', 1),
	(336, '2022-09-19 00:00:00', '20:30:56', 'c', 'l', '?/permisos/guardar', 'Se creo permiso del rol con identificador 1', 1),
	(337, '2022-09-19 00:00:00', '20:30:56', 'c', 'l', '?/permisos/guardar', 'Se creo permiso del rol con identificador 1', 1),
	(338, '2022-09-19 00:00:00', '20:30:56', 'c', 'l', '?/permisos/guardar', 'Se creo permiso del rol con identificador 1', 1),
	(339, '2022-09-19 00:00:00', '20:30:56', 'c', 'l', '?/permisos/guardar', 'Se creo permiso del rol con identificador 1', 1),
	(340, '2022-09-19 00:00:00', '20:30:56', 'c', 'l', '?/permisos/guardar', 'Se creo permiso del rol con identificador 1', 1),
	(341, '2022-09-19 00:00:00', '20:30:56', 'c', 'l', '?/permisos/guardar', 'Se creo permiso del rol con identificador 1', 1),
	(342, '2022-09-19 00:00:00', '20:30:56', 'c', 'l', '?/permisos/guardar', 'Se creo permiso del rol con identificador 1', 1),
	(343, '2022-09-19 00:00:00', '20:30:56', 'c', 'l', '?/permisos/guardar', 'Se creo permiso del rol con identificador 1', 1),
	(344, '2022-09-19 00:00:00', '20:30:56', 'c', 'l', '?/permisos/guardar', 'Se creo permiso del rol con identificador 1', 1),
	(345, '2022-09-19 00:00:00', '20:30:56', 'c', 'l', '?/permisos/guardar', 'Se creo permiso del rol con identificador 1', 1),
	(346, '2022-09-19 00:00:00', '20:30:56', 'c', 'l', '?/permisos/guardar', 'Se creo permiso del rol con identificador 1', 1),
	(347, '2022-09-19 00:00:00', '20:30:56', 'c', 'l', '?/permisos/guardar', 'Se creo permiso del rol con identificador 1', 1),
	(348, '2022-09-19 00:00:00', '20:30:56', 'c', 'l', '?/permisos/guardar', 'Se creo permiso del rol con identificador 1', 1),
	(349, '2022-09-19 00:00:00', '20:30:56', 'c', 'l', '?/permisos/guardar', 'Se creo permiso del rol con identificador 1', 1),
	(350, '2022-09-19 00:00:00', '20:30:56', 'c', 'l', '?/permisos/guardar', 'Se creo permiso del rol con identificador 1', 1),
	(351, '2022-09-19 00:00:00', '20:30:56', 'c', 'l', '?/permisos/guardar', 'Se creo permiso del rol con identificador 1', 1),
	(352, '2022-09-19 00:00:00', '20:30:56', 'c', 'l', '?/permisos/guardar', 'Se creo permiso del rol con identificador 1', 1),
	(353, '2022-09-19 00:00:00', '20:30:56', 'c', 'l', '?/permisos/guardar', 'Se creo permiso del rol con identificador 1', 1),
	(354, '2022-09-19 00:00:00', '20:30:56', 'c', 'l', '?/permisos/guardar', 'Se creo permiso del rol con identificador 1', 1),
	(355, '2022-09-19 00:00:00', '20:30:56', 'c', 'l', '?/permisos/guardar', 'Se creo permiso del rol con identificador 1', 1),
	(356, '2022-09-19 00:00:00', '20:30:56', 'c', 'l', '?/permisos/guardar', 'Se creo permiso del rol con identificador 1', 1),
	(357, '2022-09-19 00:00:00', '20:30:56', 'c', 'l', '?/permisos/guardar', 'Se creo permiso del rol con identificador 1', 1),
	(358, '2022-09-19 00:00:00', '20:30:56', 'c', 'l', '?/permisos/guardar', 'Se creo permiso del rol con identificador 1', 1),
	(359, '2022-09-19 00:00:00', '20:30:56', 'c', 'l', '?/permisos/guardar', 'Se creo permiso del rol con identificador 1', 1),
	(360, '2022-09-19 00:00:00', '20:30:56', 'c', 'l', '?/permisos/guardar', 'Se creo permiso del rol con identificador 1', 1),
	(361, '2022-09-19 00:00:00', '20:30:56', 'c', 'l', '?/permisos/guardar', 'Se creo permiso del rol con identificador 1', 1),
	(362, '2022-09-19 00:00:00', '20:30:56', 'c', 'l', '?/permisos/guardar', 'Se creo permiso del rol con identificador 1', 1),
	(363, '2022-09-19 00:00:00', '20:30:56', 'c', 'l', '?/permisos/guardar', 'Se creo permiso del rol con identificador 1', 1),
	(364, '2022-09-19 00:00:00', '20:30:56', 'c', 'l', '?/permisos/guardar', 'Se creo permiso del rol con identificador 1', 1),
	(365, '2022-09-19 00:00:00', '20:30:56', 'c', 'l', '?/permisos/guardar', 'Se creo permiso del rol con identificador 1', 1),
	(366, '2022-09-19 00:00:00', '20:30:56', 'c', 'l', '?/permisos/guardar', 'Se creo permiso del rol con identificador 1', 1),
	(367, '2022-09-19 00:00:00', '20:30:56', 'c', 'l', '?/permisos/guardar', 'Se creo permiso del rol con identificador 1', 1),
	(368, '2022-09-19 00:00:00', '20:30:56', 'c', 'l', '?/permisos/guardar', 'Se creo permiso del rol con identificador 1', 1),
	(369, '2022-09-19 00:00:00', '20:30:56', 'c', 'l', '?/permisos/guardar', 'Se creo permiso del rol con identificador 1', 1),
	(370, '2022-09-19 00:00:00', '20:30:56', 'c', 'l', '?/permisos/guardar', 'Se creo permiso del rol con identificador 1', 1),
	(371, '2022-09-19 00:00:00', '20:30:56', 'c', 'l', '?/permisos/guardar', 'Se creo permiso del rol con identificador 1', 1),
	(372, '2022-09-19 00:00:00', '20:30:56', 'c', 'l', '?/permisos/guardar', 'Se creo permiso del rol con identificador 1', 1),
	(373, '2022-09-19 00:00:00', '20:30:56', 'c', 'l', '?/permisos/guardar', 'Se creo permiso del rol con identificador 1', 1),
	(374, '2022-09-19 00:00:00', '20:30:56', 'c', 'l', '?/permisos/guardar', 'Se creo permiso del rol con identificador 1', 1),
	(375, '2022-09-19 00:00:00', '20:30:56', 'c', 'l', '?/permisos/guardar', 'Se creo permiso del rol con identificador 1', 1),
	(376, '2022-09-19 00:00:00', '20:30:56', 'c', 'l', '?/permisos/guardar', 'Se creo permiso del rol con identificador 1', 1),
	(377, '2022-09-19 00:00:00', '20:50:56', 'u', 'l', '?/ingresos/eliminar', 'Se elimino ingreso con identificador numero39', 1),
	(378, '2022-09-19 00:00:00', '20:50:56', 'u', 'l', '?/ingresos/eliminar', 'Se elimino ingreso detalle con identificador numero39', 1),
	(379, '2022-09-20 00:00:00', '09:51:58', 'c', 'l', '?/notas/guardar', 'Se inserto el inventario egreso con identificador numero 44', 1),
	(380, '2022-09-20 00:00:00', '09:51:58', 'c', 'l', '?/notas/guardar', 'Se inserto el inventario egreso detalle con identificador numero 154', 1),
	(381, '2022-09-20 00:00:00', '09:51:58', 'c', 'l', '?/notas/guardar', 'Se inserto el inventario egreso detalle con identificador numero 155', 1),
	(382, '2022-09-20 00:00:00', '09:51:58', 'c', 'l', '?/notas/guardar', 'Se inserto el inventario egreso detalle con identificador numero 156', 1),
	(383, '2022-09-20 00:00:00', '15:06:34', 'c', 'l', '?/notas/guardar', 'Se inserto el inventario egreso con identificador numero 45', 1),
	(384, '2022-09-20 00:00:00', '15:06:34', 'c', 'l', '?/notas/guardar', 'Se inserto el inventario egreso detalle con identificador numero 157', 1),
	(385, '2022-09-20 00:00:00', '23:09:26', 'c', 'l', '?/notas/guardar', 'Se inserto el inventario egreso con identificador numero 46', 1),
	(386, '2022-09-20 00:00:00', '23:09:26', 'c', 'l', '?/notas/guardar', 'Se inserto el inventario egreso detalle con identificador numero 158', 1),
	(387, '2022-09-20 00:00:00', '23:09:26', 'c', 'l', '?/notas/guardar', 'Se inserto el inventario egreso detalle con identificador numero 159', 1),
	(388, '2022-09-22 00:00:00', '10:28:42', 'c', 'l', '?/permisos/guardar', 'Se creo permiso del rol con identificador 1', 1),
	(389, '2022-09-22 00:00:00', '10:28:42', 'c', 'l', '?/permisos/guardar', 'Se creo permiso del rol con identificador 1', 1),
	(390, '2022-09-22 00:00:00', '10:28:42', 'c', 'l', '?/permisos/guardar', 'Se creo permiso del rol con identificador 1', 1),
	(391, '2022-09-22 00:00:00', '10:28:42', 'c', 'l', '?/permisos/guardar', 'Se creo permiso del rol con identificador 1', 1),
	(392, '2022-09-22 00:00:00', '10:28:42', 'c', 'l', '?/permisos/guardar', 'Se creo permiso del rol con identificador 1', 1),
	(393, '2022-09-22 00:00:00', '10:28:42', 'c', 'l', '?/permisos/guardar', 'Se creo permiso del rol con identificador 1', 1),
	(394, '2022-09-22 00:00:00', '10:28:42', 'c', 'l', '?/permisos/guardar', 'Se creo permiso del rol con identificador 1', 1),
	(395, '2022-09-22 00:00:00', '10:28:42', 'c', 'l', '?/permisos/guardar', 'Se creo permiso del rol con identificador 1', 1),
	(396, '2022-09-22 00:00:00', '10:28:42', 'c', 'l', '?/permisos/guardar', 'Se creo permiso del rol con identificador 1', 1),
	(397, '2022-09-22 00:00:00', '10:28:42', 'c', 'l', '?/permisos/guardar', 'Se creo permiso del rol con identificador 1', 1),
	(398, '2022-09-22 00:00:00', '10:28:42', 'c', 'l', '?/permisos/guardar', 'Se creo permiso del rol con identificador 1', 1),
	(399, '2022-09-22 00:00:00', '10:28:42', 'c', 'l', '?/permisos/guardar', 'Se creo permiso del rol con identificador 1', 1),
	(400, '2022-09-22 00:00:00', '10:28:42', 'c', 'l', '?/permisos/guardar', 'Se creo permiso del rol con identificador 1', 1),
	(401, '2022-09-22 00:00:00', '10:28:42', 'c', 'l', '?/permisos/guardar', 'Se creo permiso del rol con identificador 1', 1),
	(402, '2022-09-22 00:00:00', '10:28:42', 'c', 'l', '?/permisos/guardar', 'Se creo permiso del rol con identificador 1', 1),
	(403, '2022-09-22 00:00:00', '10:28:42', 'c', 'l', '?/permisos/guardar', 'Se creo permiso del rol con identificador 1', 1),
	(404, '2022-09-22 00:00:00', '10:28:42', 'c', 'l', '?/permisos/guardar', 'Se creo permiso del rol con identificador 1', 1),
	(405, '2022-09-22 00:00:00', '10:28:42', 'c', 'l', '?/permisos/guardar', 'Se creo permiso del rol con identificador 1', 1),
	(406, '2022-09-22 00:00:00', '10:28:42', 'c', 'l', '?/permisos/guardar', 'Se creo permiso del rol con identificador 1', 1),
	(407, '2022-09-22 00:00:00', '10:28:42', 'c', 'l', '?/permisos/guardar', 'Se creo permiso del rol con identificador 1', 1),
	(408, '2022-09-22 00:00:00', '10:28:42', 'c', 'l', '?/permisos/guardar', 'Se creo permiso del rol con identificador 1', 1),
	(409, '2022-09-22 00:00:00', '10:28:42', 'c', 'l', '?/permisos/guardar', 'Se creo permiso del rol con identificador 1', 1),
	(410, '2022-09-22 00:00:00', '10:28:42', 'c', 'l', '?/permisos/guardar', 'Se creo permiso del rol con identificador 1', 1),
	(411, '2022-09-22 00:00:00', '10:28:42', 'c', 'l', '?/permisos/guardar', 'Se creo permiso del rol con identificador 1', 1),
	(412, '2022-09-22 00:00:00', '10:28:42', 'c', 'l', '?/permisos/guardar', 'Se creo permiso del rol con identificador 1', 1),
	(413, '2022-09-22 00:00:00', '10:28:42', 'c', 'l', '?/permisos/guardar', 'Se creo permiso del rol con identificador 1', 1),
	(414, '2022-09-22 00:00:00', '10:28:42', 'c', 'l', '?/permisos/guardar', 'Se creo permiso del rol con identificador 1', 1),
	(415, '2022-09-22 00:00:00', '10:28:42', 'c', 'l', '?/permisos/guardar', 'Se creo permiso del rol con identificador 1', 1),
	(416, '2022-09-22 00:00:00', '10:28:42', 'c', 'l', '?/permisos/guardar', 'Se creo permiso del rol con identificador 1', 1),
	(417, '2022-09-22 00:00:00', '10:28:42', 'c', 'l', '?/permisos/guardar', 'Se creo permiso del rol con identificador 1', 1),
	(418, '2022-09-22 00:00:00', '10:28:42', 'c', 'l', '?/permisos/guardar', 'Se creo permiso del rol con identificador 1', 1),
	(419, '2022-09-22 00:00:00', '10:28:42', 'c', 'l', '?/permisos/guardar', 'Se creo permiso del rol con identificador 1', 1),
	(420, '2022-09-22 00:00:00', '10:28:42', 'c', 'l', '?/permisos/guardar', 'Se creo permiso del rol con identificador 1', 1),
	(421, '2022-09-22 00:00:00', '10:28:42', 'c', 'l', '?/permisos/guardar', 'Se creo permiso del rol con identificador 1', 1),
	(422, '2022-09-22 00:00:00', '10:28:42', 'c', 'l', '?/permisos/guardar', 'Se creo permiso del rol con identificador 1', 1),
	(423, '2022-09-22 00:00:00', '10:28:42', 'c', 'l', '?/permisos/guardar', 'Se creo permiso del rol con identificador 1', 1),
	(424, '2022-09-22 00:00:00', '10:28:42', 'c', 'l', '?/permisos/guardar', 'Se creo permiso del rol con identificador 1', 1),
	(425, '2022-09-22 00:00:00', '10:28:42', 'c', 'l', '?/permisos/guardar', 'Se creo permiso del rol con identificador 1', 1),
	(426, '2022-09-22 00:00:00', '10:28:42', 'c', 'l', '?/permisos/guardar', 'Se creo permiso del rol con identificador 1', 1),
	(427, '2022-09-22 00:00:00', '10:28:42', 'c', 'l', '?/permisos/guardar', 'Se creo permiso del rol con identificador 1', 1),
	(428, '2022-09-22 00:00:00', '10:28:42', 'c', 'l', '?/permisos/guardar', 'Se creo permiso del rol con identificador 1', 1),
	(429, '2022-09-22 00:00:00', '10:28:42', 'c', 'l', '?/permisos/guardar', 'Se creo permiso del rol con identificador 1', 1),
	(430, '2022-09-22 00:00:00', '10:28:42', 'c', 'l', '?/permisos/guardar', 'Se creo permiso del rol con identificador 1', 1),
	(431, '2022-09-22 00:00:00', '10:28:42', 'c', 'l', '?/permisos/guardar', 'Se creo permiso del rol con identificador 1', 1),
	(432, '2022-09-22 00:00:00', '10:28:42', 'c', 'l', '?/permisos/guardar', 'Se creo permiso del rol con identificador 1', 1),
	(433, '2022-09-22 00:00:00', '10:28:42', 'c', 'l', '?/permisos/guardar', 'Se creo permiso del rol con identificador 1', 1),
	(434, '2022-09-22 00:00:00', '10:28:42', 'c', 'l', '?/permisos/guardar', 'Se creo permiso del rol con identificador 1', 1),
	(435, '2022-09-22 00:00:00', '10:28:42', 'c', 'l', '?/permisos/guardar', 'Se creo permiso del rol con identificador 1', 1),
	(436, '2022-09-22 00:00:00', '10:28:42', 'c', 'l', '?/permisos/guardar', 'Se creo permiso del rol con identificador 1', 1),
	(437, '2022-09-22 00:00:00', '10:28:42', 'c', 'l', '?/permisos/guardar', 'Se creo permiso del rol con identificador 1', 1),
	(438, '2022-09-22 00:00:00', '10:28:42', 'c', 'l', '?/permisos/guardar', 'Se creo permiso del rol con identificador 1', 1),
	(439, '2022-09-22 00:00:00', '10:28:42', 'c', 'l', '?/permisos/guardar', 'Se creo permiso del rol con identificador 1', 1),
	(440, '2022-09-22 00:00:00', '10:28:42', 'c', 'l', '?/permisos/guardar', 'Se creo permiso del rol con identificador 1', 1),
	(441, '2022-09-22 00:00:00', '10:28:42', 'c', 'l', '?/permisos/guardar', 'Se creo permiso del rol con identificador 1', 1),
	(442, '2022-09-22 00:00:00', '10:28:42', 'c', 'l', '?/permisos/guardar', 'Se creo permiso del rol con identificador 1', 1),
	(443, '2022-09-22 00:00:00', '10:28:42', 'c', 'l', '?/permisos/guardar', 'Se creo permiso del rol con identificador 1', 1),
	(444, '2022-09-22 00:00:00', '10:28:42', 'c', 'l', '?/permisos/guardar', 'Se creo permiso del rol con identificador 1', 1),
	(445, '2022-09-22 00:00:00', '10:28:42', 'c', 'l', '?/permisos/guardar', 'Se creo permiso del rol con identificador 1', 1),
	(446, '2022-09-22 00:00:00', '10:28:42', 'c', 'l', '?/permisos/guardar', 'Se creo permiso del rol con identificador 1', 1),
	(447, '2022-09-22 00:00:00', '10:28:42', 'c', 'l', '?/permisos/guardar', 'Se creo permiso del rol con identificador 1', 1),
	(448, '2022-09-22 00:00:00', '10:28:42', 'c', 'l', '?/permisos/guardar', 'Se creo permiso del rol con identificador 1', 1),
	(449, '2022-09-22 00:00:00', '10:28:42', 'c', 'l', '?/permisos/guardar', 'Se creo permiso del rol con identificador 1', 1),
	(450, '2022-09-22 00:00:00', '10:28:42', 'c', 'l', '?/permisos/guardar', 'Se creo permiso del rol con identificador 1', 1),
	(451, '2022-09-22 00:00:00', '10:28:42', 'c', 'l', '?/permisos/guardar', 'Se creo permiso del rol con identificador 1', 1),
	(452, '2022-09-22 00:00:00', '10:28:42', 'c', 'l', '?/permisos/guardar', 'Se creo permiso del rol con identificador 1', 1),
	(453, '2022-09-22 00:00:00', '10:28:42', 'c', 'l', '?/permisos/guardar', 'Se creo permiso del rol con identificador 1', 1),
	(454, '2022-09-22 00:00:00', '10:28:42', 'c', 'l', '?/permisos/guardar', 'Se creo permiso del rol con identificador 1', 1),
	(455, '2022-09-22 00:00:00', '10:28:42', 'c', 'l', '?/permisos/guardar', 'Se creo permiso del rol con identificador 1', 1),
	(456, '2022-09-22 00:00:00', '10:28:42', 'c', 'l', '?/permisos/guardar', 'Se creo permiso del rol con identificador 1', 1),
	(457, '2022-09-22 00:00:00', '10:28:42', 'c', 'l', '?/permisos/guardar', 'Se creo permiso del rol con identificador 1', 1),
	(458, '2022-09-22 00:00:00', '10:28:42', 'c', 'l', '?/permisos/guardar', 'Se creo permiso del rol con identificador 1', 1),
	(459, '2022-09-22 00:00:00', '10:28:42', 'c', 'l', '?/permisos/guardar', 'Se creo permiso del rol con identificador 1', 1),
	(460, '2022-09-22 00:00:00', '10:28:42', 'c', 'l', '?/permisos/guardar', 'Se creo permiso del rol con identificador 1', 1),
	(461, '2022-09-22 00:00:00', '10:28:42', 'c', 'l', '?/permisos/guardar', 'Se creo permiso del rol con identificador 1', 1),
	(462, '2022-09-22 00:00:00', '10:28:42', 'c', 'l', '?/permisos/guardar', 'Se creo permiso del rol con identificador 1', 1),
	(463, '2022-09-22 00:00:00', '10:28:42', 'c', 'l', '?/permisos/guardar', 'Se creo permiso del rol con identificador 1', 1),
	(464, '2022-09-22 00:00:00', '10:28:42', 'c', 'l', '?/permisos/guardar', 'Se creo permiso del rol con identificador 1', 1),
	(465, '2022-09-22 00:00:00', '10:28:42', 'c', 'l', '?/permisos/guardar', 'Se creo permiso del rol con identificador 1', 1),
	(466, '2022-09-22 00:00:00', '10:28:42', 'c', 'l', '?/permisos/guardar', 'Se creo permiso del rol con identificador 1', 1),
	(467, '2022-09-22 00:00:00', '10:28:42', 'c', 'l', '?/permisos/guardar', 'Se creo permiso del rol con identificador 1', 1),
	(468, '2022-09-22 00:00:00', '10:28:42', 'c', 'l', '?/permisos/guardar', 'Se creo permiso del rol con identificador 1', 1),
	(469, '2022-09-22 00:00:00', '10:28:42', 'c', 'l', '?/permisos/guardar', 'Se creo permiso del rol con identificador 1', 1),
	(470, '2022-09-22 00:00:00', '10:28:42', 'c', 'l', '?/permisos/guardar', 'Se creo permiso del rol con identificador 1', 1),
	(471, '2022-09-22 00:00:00', '10:28:42', 'c', 'l', '?/permisos/guardar', 'Se creo permiso del rol con identificador 1', 1),
	(472, '2022-09-22 00:00:00', '10:28:42', 'c', 'l', '?/permisos/guardar', 'Se creo permiso del rol con identificador 1', 1),
	(473, '2022-09-22 00:00:00', '10:28:42', 'c', 'l', '?/permisos/guardar', 'Se creo permiso del rol con identificador 1', 1),
	(474, '2022-09-22 00:00:00', '10:28:42', 'c', 'l', '?/permisos/guardar', 'Se creo permiso del rol con identificador 1', 1),
	(475, '2022-09-22 00:00:00', '10:28:42', 'c', 'l', '?/permisos/guardar', 'Se creo permiso del rol con identificador 1', 1),
	(476, '2022-09-22 00:00:00', '10:28:42', 'c', 'l', '?/permisos/guardar', 'Se creo permiso del rol con identificador 1', 1),
	(477, '2022-09-22 00:00:00', '10:28:42', 'c', 'l', '?/permisos/guardar', 'Se creo permiso del rol con identificador 1', 1),
	(478, '2022-09-22 00:00:00', '10:28:42', 'c', 'l', '?/permisos/guardar', 'Se creo permiso del rol con identificador 1', 1),
	(479, '2022-09-22 00:00:00', '10:28:42', 'c', 'l', '?/permisos/guardar', 'Se creo permiso del rol con identificador 1', 1),
	(480, '2022-09-22 00:00:00', '10:28:42', 'c', 'l', '?/permisos/guardar', 'Se creo permiso del rol con identificador 1', 1),
	(481, '2022-09-22 00:00:00', '10:28:42', 'c', 'l', '?/permisos/guardar', 'Se creo permiso del rol con identificador 1', 1),
	(482, '2022-09-22 00:00:00', '10:28:42', 'c', 'l', '?/permisos/guardar', 'Se creo permiso del rol con identificador 1', 1),
	(483, '2022-09-22 00:00:00', '10:29:16', 'c', 'l', '?/permisos/guardar', 'Se creo permiso del rol con identificador 1', 1),
	(484, '2022-09-22 00:00:00', '10:29:16', 'c', 'l', '?/permisos/guardar', 'Se creo permiso del rol con identificador 1', 1),
	(485, '2022-09-22 00:00:00', '10:29:16', 'c', 'l', '?/permisos/guardar', 'Se creo permiso del rol con identificador 1', 1),
	(486, '2022-09-22 00:00:00', '10:29:16', 'c', 'l', '?/permisos/guardar', 'Se creo permiso del rol con identificador 1', 1),
	(487, '2022-09-22 00:00:00', '10:29:16', 'c', 'l', '?/permisos/guardar', 'Se creo permiso del rol con identificador 1', 1),
	(488, '2022-09-22 00:00:00', '10:29:16', 'c', 'l', '?/permisos/guardar', 'Se creo permiso del rol con identificador 1', 1),
	(489, '2022-09-22 00:00:00', '10:29:16', 'c', 'l', '?/permisos/guardar', 'Se creo permiso del rol con identificador 1', 1),
	(490, '2022-09-22 00:00:00', '10:29:16', 'c', 'l', '?/permisos/guardar', 'Se creo permiso del rol con identificador 1', 1),
	(491, '2022-09-22 00:00:00', '10:29:16', 'c', 'l', '?/permisos/guardar', 'Se creo permiso del rol con identificador 1', 1),
	(492, '2022-09-22 00:00:00', '10:29:16', 'c', 'l', '?/permisos/guardar', 'Se creo permiso del rol con identificador 1', 1),
	(493, '2022-09-22 00:00:00', '10:29:16', 'c', 'l', '?/permisos/guardar', 'Se creo permiso del rol con identificador 1', 1),
	(494, '2022-09-22 00:00:00', '10:29:16', 'c', 'l', '?/permisos/guardar', 'Se creo permiso del rol con identificador 1', 1),
	(495, '2022-09-22 00:00:00', '10:29:16', 'c', 'l', '?/permisos/guardar', 'Se creo permiso del rol con identificador 1', 1),
	(496, '2022-09-22 00:00:00', '10:29:16', 'c', 'l', '?/permisos/guardar', 'Se creo permiso del rol con identificador 1', 1),
	(497, '2022-09-22 00:00:00', '10:29:16', 'c', 'l', '?/permisos/guardar', 'Se creo permiso del rol con identificador 1', 1),
	(498, '2022-09-22 00:00:00', '10:29:16', 'c', 'l', '?/permisos/guardar', 'Se creo permiso del rol con identificador 1', 1),
	(499, '2022-09-22 00:00:00', '10:29:16', 'c', 'l', '?/permisos/guardar', 'Se creo permiso del rol con identificador 1', 1),
	(500, '2022-09-22 00:00:00', '10:29:16', 'c', 'l', '?/permisos/guardar', 'Se creo permiso del rol con identificador 1', 1),
	(501, '2022-09-22 00:00:00', '10:29:16', 'c', 'l', '?/permisos/guardar', 'Se creo permiso del rol con identificador 1', 1),
	(502, '2022-09-22 00:00:00', '10:29:16', 'c', 'l', '?/permisos/guardar', 'Se creo permiso del rol con identificador 1', 1),
	(503, '2022-09-22 00:00:00', '10:29:16', 'c', 'l', '?/permisos/guardar', 'Se creo permiso del rol con identificador 1', 1),
	(504, '2022-09-22 00:00:00', '10:29:16', 'c', 'l', '?/permisos/guardar', 'Se creo permiso del rol con identificador 1', 1),
	(505, '2022-09-22 00:00:00', '10:29:16', 'c', 'l', '?/permisos/guardar', 'Se creo permiso del rol con identificador 1', 1),
	(506, '2022-09-22 00:00:00', '10:29:16', 'c', 'l', '?/permisos/guardar', 'Se creo permiso del rol con identificador 1', 1),
	(507, '2022-09-22 00:00:00', '10:29:16', 'c', 'l', '?/permisos/guardar', 'Se creo permiso del rol con identificador 1', 1),
	(508, '2022-09-22 00:00:00', '10:29:16', 'c', 'l', '?/permisos/guardar', 'Se creo permiso del rol con identificador 1', 1),
	(509, '2022-09-22 00:00:00', '10:29:16', 'c', 'l', '?/permisos/guardar', 'Se creo permiso del rol con identificador 1', 1),
	(510, '2022-09-22 00:00:00', '10:29:16', 'c', 'l', '?/permisos/guardar', 'Se creo permiso del rol con identificador 1', 1),
	(511, '2022-09-22 00:00:00', '10:29:16', 'c', 'l', '?/permisos/guardar', 'Se creo permiso del rol con identificador 1', 1),
	(512, '2022-09-22 00:00:00', '10:29:16', 'c', 'l', '?/permisos/guardar', 'Se creo permiso del rol con identificador 1', 1),
	(513, '2022-09-22 00:00:00', '10:29:16', 'c', 'l', '?/permisos/guardar', 'Se creo permiso del rol con identificador 1', 1),
	(514, '2022-09-22 00:00:00', '10:29:16', 'c', 'l', '?/permisos/guardar', 'Se creo permiso del rol con identificador 1', 1),
	(515, '2022-09-22 00:00:00', '10:29:16', 'c', 'l', '?/permisos/guardar', 'Se creo permiso del rol con identificador 1', 1),
	(516, '2022-09-22 00:00:00', '10:29:16', 'c', 'l', '?/permisos/guardar', 'Se creo permiso del rol con identificador 1', 1),
	(517, '2022-09-22 00:00:00', '10:29:16', 'c', 'l', '?/permisos/guardar', 'Se creo permiso del rol con identificador 1', 1),
	(518, '2022-09-22 00:00:00', '10:29:16', 'c', 'l', '?/permisos/guardar', 'Se creo permiso del rol con identificador 1', 1),
	(519, '2022-09-22 00:00:00', '10:29:16', 'c', 'l', '?/permisos/guardar', 'Se creo permiso del rol con identificador 1', 1),
	(520, '2022-09-22 00:00:00', '10:29:16', 'c', 'l', '?/permisos/guardar', 'Se creo permiso del rol con identificador 1', 1),
	(521, '2022-09-22 00:00:00', '10:29:16', 'c', 'l', '?/permisos/guardar', 'Se creo permiso del rol con identificador 1', 1),
	(522, '2022-09-22 00:00:00', '10:29:16', 'c', 'l', '?/permisos/guardar', 'Se creo permiso del rol con identificador 1', 1),
	(523, '2022-09-22 00:00:00', '10:29:16', 'c', 'l', '?/permisos/guardar', 'Se creo permiso del rol con identificador 1', 1),
	(524, '2022-09-22 00:00:00', '10:29:16', 'c', 'l', '?/permisos/guardar', 'Se creo permiso del rol con identificador 1', 1),
	(525, '2022-09-22 00:00:00', '10:29:16', 'c', 'l', '?/permisos/guardar', 'Se creo permiso del rol con identificador 1', 1),
	(526, '2022-09-22 00:00:00', '10:29:16', 'c', 'l', '?/permisos/guardar', 'Se creo permiso del rol con identificador 1', 1),
	(527, '2022-09-22 00:00:00', '10:29:16', 'c', 'l', '?/permisos/guardar', 'Se creo permiso del rol con identificador 1', 1),
	(528, '2022-09-22 00:00:00', '10:29:16', 'c', 'l', '?/permisos/guardar', 'Se creo permiso del rol con identificador 1', 1),
	(529, '2022-09-22 00:00:00', '10:29:16', 'c', 'l', '?/permisos/guardar', 'Se creo permiso del rol con identificador 1', 1),
	(530, '2022-09-22 00:00:00', '10:29:16', 'c', 'l', '?/permisos/guardar', 'Se creo permiso del rol con identificador 1', 1),
	(531, '2022-09-22 00:00:00', '10:29:16', 'c', 'l', '?/permisos/guardar', 'Se creo permiso del rol con identificador 1', 1),
	(532, '2022-09-22 00:00:00', '10:29:16', 'c', 'l', '?/permisos/guardar', 'Se creo permiso del rol con identificador 1', 1),
	(533, '2022-09-22 00:00:00', '10:29:16', 'c', 'l', '?/permisos/guardar', 'Se creo permiso del rol con identificador 1', 1),
	(534, '2022-09-22 00:00:00', '10:29:16', 'c', 'l', '?/permisos/guardar', 'Se creo permiso del rol con identificador 1', 1),
	(535, '2022-09-22 00:00:00', '10:29:16', 'c', 'l', '?/permisos/guardar', 'Se creo permiso del rol con identificador 1', 1),
	(536, '2022-09-22 00:00:00', '10:29:16', 'c', 'l', '?/permisos/guardar', 'Se creo permiso del rol con identificador 1', 1),
	(537, '2022-09-22 00:00:00', '10:29:16', 'c', 'l', '?/permisos/guardar', 'Se creo permiso del rol con identificador 1', 1),
	(538, '2022-09-22 00:00:00', '10:29:16', 'c', 'l', '?/permisos/guardar', 'Se creo permiso del rol con identificador 1', 1),
	(539, '2022-09-22 00:00:00', '10:29:16', 'c', 'l', '?/permisos/guardar', 'Se creo permiso del rol con identificador 1', 1),
	(540, '2022-09-22 00:00:00', '10:29:16', 'c', 'l', '?/permisos/guardar', 'Se creo permiso del rol con identificador 1', 1),
	(541, '2022-09-22 00:00:00', '10:29:16', 'c', 'l', '?/permisos/guardar', 'Se creo permiso del rol con identificador 1', 1),
	(542, '2022-09-22 00:00:00', '10:29:16', 'c', 'l', '?/permisos/guardar', 'Se creo permiso del rol con identificador 1', 1),
	(543, '2022-09-22 00:00:00', '10:29:16', 'c', 'l', '?/permisos/guardar', 'Se creo permiso del rol con identificador 1', 1),
	(544, '2022-09-22 00:00:00', '10:29:16', 'c', 'l', '?/permisos/guardar', 'Se creo permiso del rol con identificador 1', 1),
	(545, '2022-09-22 00:00:00', '10:29:16', 'c', 'l', '?/permisos/guardar', 'Se creo permiso del rol con identificador 1', 1),
	(546, '2022-09-22 00:00:00', '10:29:16', 'c', 'l', '?/permisos/guardar', 'Se creo permiso del rol con identificador 1', 1),
	(547, '2022-09-22 00:00:00', '10:29:16', 'c', 'l', '?/permisos/guardar', 'Se creo permiso del rol con identificador 1', 1),
	(548, '2022-09-22 00:00:00', '10:29:16', 'c', 'l', '?/permisos/guardar', 'Se creo permiso del rol con identificador 1', 1),
	(549, '2022-09-22 00:00:00', '10:29:16', 'c', 'l', '?/permisos/guardar', 'Se creo permiso del rol con identificador 1', 1),
	(550, '2022-09-22 00:00:00', '10:29:16', 'c', 'l', '?/permisos/guardar', 'Se creo permiso del rol con identificador 1', 1),
	(551, '2022-09-22 00:00:00', '10:29:16', 'c', 'l', '?/permisos/guardar', 'Se creo permiso del rol con identificador 1', 1),
	(552, '2022-09-22 00:00:00', '10:29:16', 'c', 'l', '?/permisos/guardar', 'Se creo permiso del rol con identificador 1', 1),
	(553, '2022-09-22 00:00:00', '10:29:16', 'c', 'l', '?/permisos/guardar', 'Se creo permiso del rol con identificador 1', 1),
	(554, '2022-09-22 00:00:00', '10:29:16', 'c', 'l', '?/permisos/guardar', 'Se creo permiso del rol con identificador 1', 1),
	(555, '2022-09-22 00:00:00', '10:29:16', 'c', 'l', '?/permisos/guardar', 'Se creo permiso del rol con identificador 1', 1),
	(556, '2022-09-22 00:00:00', '10:29:16', 'c', 'l', '?/permisos/guardar', 'Se creo permiso del rol con identificador 1', 1),
	(557, '2022-09-22 00:00:00', '10:29:16', 'c', 'l', '?/permisos/guardar', 'Se creo permiso del rol con identificador 1', 1),
	(558, '2022-09-22 00:00:00', '10:29:16', 'c', 'l', '?/permisos/guardar', 'Se creo permiso del rol con identificador 1', 1),
	(559, '2022-09-22 00:00:00', '10:29:16', 'c', 'l', '?/permisos/guardar', 'Se creo permiso del rol con identificador 1', 1),
	(560, '2022-09-22 00:00:00', '10:29:16', 'c', 'l', '?/permisos/guardar', 'Se creo permiso del rol con identificador 1', 1),
	(561, '2022-09-22 00:00:00', '10:29:16', 'c', 'l', '?/permisos/guardar', 'Se creo permiso del rol con identificador 1', 1),
	(562, '2022-09-22 00:00:00', '10:29:16', 'c', 'l', '?/permisos/guardar', 'Se creo permiso del rol con identificador 1', 1),
	(563, '2022-09-22 00:00:00', '10:29:16', 'c', 'l', '?/permisos/guardar', 'Se creo permiso del rol con identificador 1', 1),
	(564, '2022-09-22 00:00:00', '10:29:16', 'c', 'l', '?/permisos/guardar', 'Se creo permiso del rol con identificador 1', 1),
	(565, '2022-09-22 00:00:00', '10:29:16', 'c', 'l', '?/permisos/guardar', 'Se creo permiso del rol con identificador 1', 1),
	(566, '2022-09-22 00:00:00', '10:29:16', 'c', 'l', '?/permisos/guardar', 'Se creo permiso del rol con identificador 1', 1),
	(567, '2022-09-22 00:00:00', '10:29:16', 'c', 'l', '?/permisos/guardar', 'Se creo permiso del rol con identificador 1', 1),
	(568, '2022-09-22 00:00:00', '10:29:16', 'c', 'l', '?/permisos/guardar', 'Se creo permiso del rol con identificador 1', 1),
	(569, '2022-09-22 00:00:00', '10:29:16', 'c', 'l', '?/permisos/guardar', 'Se creo permiso del rol con identificador 1', 1),
	(570, '2022-09-22 00:00:00', '10:29:16', 'c', 'l', '?/permisos/guardar', 'Se creo permiso del rol con identificador 1', 1),
	(571, '2022-09-22 00:00:00', '10:29:16', 'c', 'l', '?/permisos/guardar', 'Se creo permiso del rol con identificador 1', 1),
	(572, '2022-09-22 00:00:00', '10:29:16', 'c', 'l', '?/permisos/guardar', 'Se creo permiso del rol con identificador 1', 1),
	(573, '2022-09-22 00:00:00', '10:29:16', 'c', 'l', '?/permisos/guardar', 'Se creo permiso del rol con identificador 1', 1),
	(574, '2022-09-22 00:00:00', '10:29:16', 'c', 'l', '?/permisos/guardar', 'Se creo permiso del rol con identificador 1', 1),
	(575, '2022-09-22 00:00:00', '10:29:16', 'c', 'l', '?/permisos/guardar', 'Se creo permiso del rol con identificador 1', 1),
	(576, '2022-09-22 00:00:00', '10:29:16', 'c', 'l', '?/permisos/guardar', 'Se creo permiso del rol con identificador 1', 1),
	(577, '2022-09-22 00:00:00', '10:29:16', 'c', 'l', '?/permisos/guardar', 'Se creo permiso del rol con identificador 1', 1),
	(578, '2022-09-22 00:00:00', '10:30:29', 'c', 'l', '?/permisos/guardar', 'Se creo permiso del rol con identificador 1', 1),
	(579, '2022-09-22 00:00:00', '10:30:29', 'c', 'l', '?/permisos/guardar', 'Se creo permiso del rol con identificador 1', 1),
	(580, '2022-09-22 00:00:00', '10:30:29', 'c', 'l', '?/permisos/guardar', 'Se creo permiso del rol con identificador 1', 1),
	(581, '2022-09-22 00:00:00', '10:30:29', 'c', 'l', '?/permisos/guardar', 'Se creo permiso del rol con identificador 1', 1),
	(582, '2022-09-22 00:00:00', '10:30:29', 'c', 'l', '?/permisos/guardar', 'Se creo permiso del rol con identificador 1', 1),
	(583, '2022-09-22 00:00:00', '10:30:29', 'c', 'l', '?/permisos/guardar', 'Se creo permiso del rol con identificador 1', 1),
	(584, '2022-09-22 00:00:00', '10:30:29', 'c', 'l', '?/permisos/guardar', 'Se creo permiso del rol con identificador 1', 1),
	(585, '2022-09-22 00:00:00', '10:30:29', 'c', 'l', '?/permisos/guardar', 'Se creo permiso del rol con identificador 1', 1),
	(586, '2022-09-22 00:00:00', '10:30:29', 'c', 'l', '?/permisos/guardar', 'Se creo permiso del rol con identificador 1', 1),
	(587, '2022-09-22 00:00:00', '10:30:29', 'c', 'l', '?/permisos/guardar', 'Se creo permiso del rol con identificador 1', 1),
	(588, '2022-09-22 00:00:00', '10:30:29', 'c', 'l', '?/permisos/guardar', 'Se creo permiso del rol con identificador 1', 1),
	(589, '2022-09-22 00:00:00', '10:30:29', 'c', 'l', '?/permisos/guardar', 'Se creo permiso del rol con identificador 1', 1),
	(590, '2022-09-22 00:00:00', '10:30:29', 'c', 'l', '?/permisos/guardar', 'Se creo permiso del rol con identificador 1', 1),
	(591, '2022-09-22 00:00:00', '10:30:29', 'c', 'l', '?/permisos/guardar', 'Se creo permiso del rol con identificador 1', 1),
	(592, '2022-09-22 00:00:00', '10:30:29', 'c', 'l', '?/permisos/guardar', 'Se creo permiso del rol con identificador 1', 1),
	(593, '2022-09-22 00:00:00', '10:30:29', 'c', 'l', '?/permisos/guardar', 'Se creo permiso del rol con identificador 1', 1),
	(594, '2022-09-22 00:00:00', '10:30:29', 'c', 'l', '?/permisos/guardar', 'Se creo permiso del rol con identificador 1', 1),
	(595, '2022-09-22 00:00:00', '10:30:29', 'c', 'l', '?/permisos/guardar', 'Se creo permiso del rol con identificador 1', 1),
	(596, '2022-09-22 00:00:00', '10:30:29', 'c', 'l', '?/permisos/guardar', 'Se creo permiso del rol con identificador 1', 1),
	(597, '2022-09-22 00:00:00', '10:30:29', 'c', 'l', '?/permisos/guardar', 'Se creo permiso del rol con identificador 1', 1),
	(598, '2022-09-22 00:00:00', '10:30:29', 'c', 'l', '?/permisos/guardar', 'Se creo permiso del rol con identificador 1', 1),
	(599, '2022-09-22 00:00:00', '10:30:29', 'c', 'l', '?/permisos/guardar', 'Se creo permiso del rol con identificador 1', 1),
	(600, '2022-09-22 00:00:00', '10:30:29', 'c', 'l', '?/permisos/guardar', 'Se creo permiso del rol con identificador 1', 1),
	(601, '2022-09-22 00:00:00', '10:30:29', 'c', 'l', '?/permisos/guardar', 'Se creo permiso del rol con identificador 1', 1),
	(602, '2022-09-22 00:00:00', '10:30:29', 'c', 'l', '?/permisos/guardar', 'Se creo permiso del rol con identificador 1', 1),
	(603, '2022-09-22 00:00:00', '10:30:29', 'c', 'l', '?/permisos/guardar', 'Se creo permiso del rol con identificador 1', 1),
	(604, '2022-09-22 00:00:00', '10:30:29', 'c', 'l', '?/permisos/guardar', 'Se creo permiso del rol con identificador 1', 1),
	(605, '2022-09-22 00:00:00', '10:30:29', 'c', 'l', '?/permisos/guardar', 'Se creo permiso del rol con identificador 1', 1),
	(606, '2022-09-22 00:00:00', '10:30:29', 'c', 'l', '?/permisos/guardar', 'Se creo permiso del rol con identificador 1', 1),
	(607, '2022-09-22 00:00:00', '10:30:29', 'c', 'l', '?/permisos/guardar', 'Se creo permiso del rol con identificador 1', 1),
	(608, '2022-09-22 00:00:00', '10:30:29', 'c', 'l', '?/permisos/guardar', 'Se creo permiso del rol con identificador 1', 1),
	(609, '2022-09-22 00:00:00', '10:30:29', 'c', 'l', '?/permisos/guardar', 'Se creo permiso del rol con identificador 1', 1),
	(610, '2022-09-22 00:00:00', '10:30:29', 'c', 'l', '?/permisos/guardar', 'Se creo permiso del rol con identificador 1', 1),
	(611, '2022-09-22 00:00:00', '10:30:29', 'c', 'l', '?/permisos/guardar', 'Se creo permiso del rol con identificador 1', 1),
	(612, '2022-09-22 00:00:00', '10:30:29', 'c', 'l', '?/permisos/guardar', 'Se creo permiso del rol con identificador 1', 1),
	(613, '2022-09-22 00:00:00', '10:30:29', 'c', 'l', '?/permisos/guardar', 'Se creo permiso del rol con identificador 1', 1),
	(614, '2022-09-22 00:00:00', '10:30:29', 'c', 'l', '?/permisos/guardar', 'Se creo permiso del rol con identificador 1', 1),
	(615, '2022-09-22 00:00:00', '10:30:29', 'c', 'l', '?/permisos/guardar', 'Se creo permiso del rol con identificador 1', 1),
	(616, '2022-09-22 00:00:00', '10:30:29', 'c', 'l', '?/permisos/guardar', 'Se creo permiso del rol con identificador 1', 1),
	(617, '2022-09-22 00:00:00', '10:30:29', 'c', 'l', '?/permisos/guardar', 'Se creo permiso del rol con identificador 1', 1),
	(618, '2022-09-22 00:00:00', '10:30:29', 'c', 'l', '?/permisos/guardar', 'Se creo permiso del rol con identificador 1', 1),
	(619, '2022-09-22 00:00:00', '10:30:29', 'c', 'l', '?/permisos/guardar', 'Se creo permiso del rol con identificador 1', 1),
	(620, '2022-09-22 00:00:00', '10:30:29', 'c', 'l', '?/permisos/guardar', 'Se creo permiso del rol con identificador 1', 1),
	(621, '2022-09-22 00:00:00', '10:30:29', 'c', 'l', '?/permisos/guardar', 'Se creo permiso del rol con identificador 1', 1),
	(622, '2022-09-22 00:00:00', '10:30:29', 'c', 'l', '?/permisos/guardar', 'Se creo permiso del rol con identificador 1', 1),
	(623, '2022-09-22 00:00:00', '10:30:29', 'c', 'l', '?/permisos/guardar', 'Se creo permiso del rol con identificador 1', 1),
	(624, '2022-09-22 00:00:00', '10:30:29', 'c', 'l', '?/permisos/guardar', 'Se creo permiso del rol con identificador 1', 1),
	(625, '2022-09-22 00:00:00', '10:30:29', 'c', 'l', '?/permisos/guardar', 'Se creo permiso del rol con identificador 1', 1),
	(626, '2022-09-22 00:00:00', '10:30:29', 'c', 'l', '?/permisos/guardar', 'Se creo permiso del rol con identificador 1', 1),
	(627, '2022-09-22 00:00:00', '10:30:29', 'c', 'l', '?/permisos/guardar', 'Se creo permiso del rol con identificador 1', 1),
	(628, '2022-09-22 00:00:00', '10:30:29', 'c', 'l', '?/permisos/guardar', 'Se creo permiso del rol con identificador 1', 1),
	(629, '2022-09-22 00:00:00', '10:30:29', 'c', 'l', '?/permisos/guardar', 'Se creo permiso del rol con identificador 1', 1),
	(630, '2022-09-22 00:00:00', '10:30:29', 'c', 'l', '?/permisos/guardar', 'Se creo permiso del rol con identificador 1', 1),
	(631, '2022-09-22 00:00:00', '10:30:29', 'c', 'l', '?/permisos/guardar', 'Se creo permiso del rol con identificador 1', 1),
	(632, '2022-09-22 00:00:00', '10:30:29', 'c', 'l', '?/permisos/guardar', 'Se creo permiso del rol con identificador 1', 1),
	(633, '2022-09-22 00:00:00', '10:30:29', 'c', 'l', '?/permisos/guardar', 'Se creo permiso del rol con identificador 1', 1),
	(634, '2022-09-22 00:00:00', '10:30:29', 'c', 'l', '?/permisos/guardar', 'Se creo permiso del rol con identificador 1', 1),
	(635, '2022-09-22 00:00:00', '10:30:29', 'c', 'l', '?/permisos/guardar', 'Se creo permiso del rol con identificador 1', 1),
	(636, '2022-09-22 00:00:00', '10:30:29', 'c', 'l', '?/permisos/guardar', 'Se creo permiso del rol con identificador 1', 1),
	(637, '2022-09-22 00:00:00', '10:30:29', 'c', 'l', '?/permisos/guardar', 'Se creo permiso del rol con identificador 1', 1),
	(638, '2022-09-22 00:00:00', '10:30:29', 'c', 'l', '?/permisos/guardar', 'Se creo permiso del rol con identificador 1', 1),
	(639, '2022-09-22 00:00:00', '10:30:29', 'c', 'l', '?/permisos/guardar', 'Se creo permiso del rol con identificador 1', 1),
	(640, '2022-09-22 00:00:00', '10:30:29', 'c', 'l', '?/permisos/guardar', 'Se creo permiso del rol con identificador 1', 1),
	(641, '2022-09-22 00:00:00', '10:30:29', 'c', 'l', '?/permisos/guardar', 'Se creo permiso del rol con identificador 1', 1),
	(642, '2022-09-22 00:00:00', '10:30:29', 'c', 'l', '?/permisos/guardar', 'Se creo permiso del rol con identificador 1', 1),
	(643, '2022-09-22 00:00:00', '10:30:29', 'c', 'l', '?/permisos/guardar', 'Se creo permiso del rol con identificador 1', 1),
	(644, '2022-09-22 00:00:00', '10:30:29', 'c', 'l', '?/permisos/guardar', 'Se creo permiso del rol con identificador 1', 1),
	(645, '2022-09-22 00:00:00', '10:30:29', 'c', 'l', '?/permisos/guardar', 'Se creo permiso del rol con identificador 1', 1),
	(646, '2022-09-22 00:00:00', '10:30:29', 'c', 'l', '?/permisos/guardar', 'Se creo permiso del rol con identificador 1', 1),
	(647, '2022-09-22 00:00:00', '10:30:29', 'c', 'l', '?/permisos/guardar', 'Se creo permiso del rol con identificador 1', 1),
	(648, '2022-09-22 00:00:00', '10:30:29', 'c', 'l', '?/permisos/guardar', 'Se creo permiso del rol con identificador 1', 1),
	(649, '2022-09-22 00:00:00', '10:30:29', 'c', 'l', '?/permisos/guardar', 'Se creo permiso del rol con identificador 1', 1),
	(650, '2022-09-22 00:00:00', '10:30:29', 'c', 'l', '?/permisos/guardar', 'Se creo permiso del rol con identificador 1', 1),
	(651, '2022-09-22 00:00:00', '10:30:29', 'c', 'l', '?/permisos/guardar', 'Se creo permiso del rol con identificador 1', 1),
	(652, '2022-09-22 00:00:00', '10:30:29', 'c', 'l', '?/permisos/guardar', 'Se creo permiso del rol con identificador 1', 1),
	(653, '2022-09-22 00:00:00', '10:30:29', 'c', 'l', '?/permisos/guardar', 'Se creo permiso del rol con identificador 1', 1),
	(654, '2022-09-22 00:00:00', '10:30:29', 'c', 'l', '?/permisos/guardar', 'Se creo permiso del rol con identificador 1', 1),
	(655, '2022-09-22 00:00:00', '10:30:29', 'c', 'l', '?/permisos/guardar', 'Se creo permiso del rol con identificador 1', 1),
	(656, '2022-09-22 00:00:00', '10:30:29', 'c', 'l', '?/permisos/guardar', 'Se creo permiso del rol con identificador 1', 1),
	(657, '2022-09-22 00:00:00', '10:30:29', 'c', 'l', '?/permisos/guardar', 'Se creo permiso del rol con identificador 1', 1),
	(658, '2022-09-22 00:00:00', '10:30:29', 'c', 'l', '?/permisos/guardar', 'Se creo permiso del rol con identificador 1', 1),
	(659, '2022-09-22 00:00:00', '10:30:29', 'c', 'l', '?/permisos/guardar', 'Se creo permiso del rol con identificador 1', 1),
	(660, '2022-09-22 00:00:00', '10:30:29', 'c', 'l', '?/permisos/guardar', 'Se creo permiso del rol con identificador 1', 1),
	(661, '2022-09-22 00:00:00', '10:30:29', 'c', 'l', '?/permisos/guardar', 'Se creo permiso del rol con identificador 1', 1),
	(662, '2022-09-22 00:00:00', '10:30:29', 'c', 'l', '?/permisos/guardar', 'Se creo permiso del rol con identificador 1', 1),
	(663, '2022-09-22 00:00:00', '10:30:29', 'c', 'l', '?/permisos/guardar', 'Se creo permiso del rol con identificador 1', 1),
	(664, '2022-09-22 00:00:00', '10:30:29', 'c', 'l', '?/permisos/guardar', 'Se creo permiso del rol con identificador 1', 1),
	(665, '2022-09-22 00:00:00', '10:30:29', 'c', 'l', '?/permisos/guardar', 'Se creo permiso del rol con identificador 1', 1),
	(666, '2022-09-22 00:00:00', '10:30:29', 'c', 'l', '?/permisos/guardar', 'Se creo permiso del rol con identificador 1', 1),
	(667, '2022-09-22 00:00:00', '10:30:29', 'c', 'l', '?/permisos/guardar', 'Se creo permiso del rol con identificador 1', 1),
	(668, '2022-09-22 00:00:00', '10:30:29', 'c', 'l', '?/permisos/guardar', 'Se creo permiso del rol con identificador 1', 1),
	(669, '2022-09-22 00:00:00', '10:30:29', 'c', 'l', '?/permisos/guardar', 'Se creo permiso del rol con identificador 1', 1),
	(670, '2022-09-22 00:00:00', '10:30:29', 'c', 'l', '?/permisos/guardar', 'Se creo permiso del rol con identificador 1', 1),
	(671, '2022-09-22 00:00:00', '10:30:29', 'c', 'l', '?/permisos/guardar', 'Se creo permiso del rol con identificador 1', 1),
	(672, '2022-09-22 00:00:00', '10:30:29', 'c', 'l', '?/permisos/guardar', 'Se creo permiso del rol con identificador 1', 1),
	(673, '2022-09-22 00:00:00', '10:30:51', 'c', 'l', '?/permisos/guardar', 'Se creo permiso del rol con identificador 1', 1),
	(674, '2022-09-22 00:00:00', '10:30:51', 'c', 'l', '?/permisos/guardar', 'Se creo permiso del rol con identificador 1', 1),
	(675, '2022-09-22 00:00:00', '10:30:51', 'c', 'l', '?/permisos/guardar', 'Se creo permiso del rol con identificador 1', 1),
	(676, '2022-09-22 00:00:00', '10:30:51', 'c', 'l', '?/permisos/guardar', 'Se creo permiso del rol con identificador 1', 1),
	(677, '2022-09-22 00:00:00', '10:30:51', 'c', 'l', '?/permisos/guardar', 'Se creo permiso del rol con identificador 1', 1),
	(678, '2022-09-22 00:00:00', '10:30:51', 'c', 'l', '?/permisos/guardar', 'Se creo permiso del rol con identificador 1', 1),
	(679, '2022-09-22 00:00:00', '10:30:51', 'c', 'l', '?/permisos/guardar', 'Se creo permiso del rol con identificador 1', 1),
	(680, '2022-09-22 00:00:00', '10:30:51', 'c', 'l', '?/permisos/guardar', 'Se creo permiso del rol con identificador 1', 1),
	(681, '2022-09-22 00:00:00', '10:30:51', 'c', 'l', '?/permisos/guardar', 'Se creo permiso del rol con identificador 1', 1),
	(682, '2022-09-22 00:00:00', '10:30:51', 'c', 'l', '?/permisos/guardar', 'Se creo permiso del rol con identificador 1', 1),
	(683, '2022-09-22 00:00:00', '10:30:51', 'c', 'l', '?/permisos/guardar', 'Se creo permiso del rol con identificador 1', 1),
	(684, '2022-09-22 00:00:00', '10:30:51', 'c', 'l', '?/permisos/guardar', 'Se creo permiso del rol con identificador 1', 1),
	(685, '2022-09-22 00:00:00', '10:30:51', 'c', 'l', '?/permisos/guardar', 'Se creo permiso del rol con identificador 1', 1),
	(686, '2022-09-22 00:00:00', '10:30:51', 'c', 'l', '?/permisos/guardar', 'Se creo permiso del rol con identificador 1', 1),
	(687, '2022-09-22 00:00:00', '10:30:51', 'c', 'l', '?/permisos/guardar', 'Se creo permiso del rol con identificador 1', 1),
	(688, '2022-09-22 00:00:00', '10:30:51', 'c', 'l', '?/permisos/guardar', 'Se creo permiso del rol con identificador 1', 1),
	(689, '2022-09-22 00:00:00', '10:30:51', 'c', 'l', '?/permisos/guardar', 'Se creo permiso del rol con identificador 1', 1),
	(690, '2022-09-22 00:00:00', '10:30:51', 'c', 'l', '?/permisos/guardar', 'Se creo permiso del rol con identificador 1', 1),
	(691, '2022-09-22 00:00:00', '10:30:51', 'c', 'l', '?/permisos/guardar', 'Se creo permiso del rol con identificador 1', 1),
	(692, '2022-09-22 00:00:00', '10:30:51', 'c', 'l', '?/permisos/guardar', 'Se creo permiso del rol con identificador 1', 1),
	(693, '2022-09-22 00:00:00', '10:30:51', 'c', 'l', '?/permisos/guardar', 'Se creo permiso del rol con identificador 1', 1),
	(694, '2022-09-22 00:00:00', '10:30:51', 'c', 'l', '?/permisos/guardar', 'Se creo permiso del rol con identificador 1', 1),
	(695, '2022-09-22 00:00:00', '10:30:51', 'c', 'l', '?/permisos/guardar', 'Se creo permiso del rol con identificador 1', 1),
	(696, '2022-09-22 00:00:00', '10:30:51', 'c', 'l', '?/permisos/guardar', 'Se creo permiso del rol con identificador 1', 1),
	(697, '2022-09-22 00:00:00', '10:30:51', 'c', 'l', '?/permisos/guardar', 'Se creo permiso del rol con identificador 1', 1),
	(698, '2022-09-22 00:00:00', '10:30:51', 'c', 'l', '?/permisos/guardar', 'Se creo permiso del rol con identificador 1', 1),
	(699, '2022-09-22 00:00:00', '10:30:51', 'c', 'l', '?/permisos/guardar', 'Se creo permiso del rol con identificador 1', 1),
	(700, '2022-09-22 00:00:00', '10:30:51', 'c', 'l', '?/permisos/guardar', 'Se creo permiso del rol con identificador 1', 1),
	(701, '2022-09-22 00:00:00', '10:30:51', 'c', 'l', '?/permisos/guardar', 'Se creo permiso del rol con identificador 1', 1),
	(702, '2022-09-22 00:00:00', '10:30:51', 'c', 'l', '?/permisos/guardar', 'Se creo permiso del rol con identificador 1', 1),
	(703, '2022-09-22 00:00:00', '10:30:51', 'c', 'l', '?/permisos/guardar', 'Se creo permiso del rol con identificador 1', 1),
	(704, '2022-09-22 00:00:00', '10:30:51', 'c', 'l', '?/permisos/guardar', 'Se creo permiso del rol con identificador 1', 1),
	(705, '2022-09-22 00:00:00', '10:30:51', 'c', 'l', '?/permisos/guardar', 'Se creo permiso del rol con identificador 1', 1),
	(706, '2022-09-22 00:00:00', '10:30:51', 'c', 'l', '?/permisos/guardar', 'Se creo permiso del rol con identificador 1', 1),
	(707, '2022-09-22 00:00:00', '10:30:51', 'c', 'l', '?/permisos/guardar', 'Se creo permiso del rol con identificador 1', 1),
	(708, '2022-09-22 00:00:00', '10:30:51', 'c', 'l', '?/permisos/guardar', 'Se creo permiso del rol con identificador 1', 1),
	(709, '2022-09-22 00:00:00', '10:30:51', 'c', 'l', '?/permisos/guardar', 'Se creo permiso del rol con identificador 1', 1),
	(710, '2022-09-22 00:00:00', '10:30:51', 'c', 'l', '?/permisos/guardar', 'Se creo permiso del rol con identificador 1', 1),
	(711, '2022-09-22 00:00:00', '10:30:51', 'c', 'l', '?/permisos/guardar', 'Se creo permiso del rol con identificador 1', 1),
	(712, '2022-09-22 00:00:00', '10:30:51', 'c', 'l', '?/permisos/guardar', 'Se creo permiso del rol con identificador 1', 1),
	(713, '2022-09-22 00:00:00', '10:30:51', 'c', 'l', '?/permisos/guardar', 'Se creo permiso del rol con identificador 1', 1),
	(714, '2022-09-22 00:00:00', '10:30:51', 'c', 'l', '?/permisos/guardar', 'Se creo permiso del rol con identificador 1', 1),
	(715, '2022-09-22 00:00:00', '10:30:51', 'c', 'l', '?/permisos/guardar', 'Se creo permiso del rol con identificador 1', 1),
	(716, '2022-09-22 00:00:00', '10:30:51', 'c', 'l', '?/permisos/guardar', 'Se creo permiso del rol con identificador 1', 1),
	(717, '2022-09-22 00:00:00', '10:30:51', 'c', 'l', '?/permisos/guardar', 'Se creo permiso del rol con identificador 1', 1),
	(718, '2022-09-22 00:00:00', '10:30:51', 'c', 'l', '?/permisos/guardar', 'Se creo permiso del rol con identificador 1', 1),
	(719, '2022-09-22 00:00:00', '10:30:51', 'c', 'l', '?/permisos/guardar', 'Se creo permiso del rol con identificador 1', 1),
	(720, '2022-09-22 00:00:00', '10:30:51', 'c', 'l', '?/permisos/guardar', 'Se creo permiso del rol con identificador 1', 1),
	(721, '2022-09-22 00:00:00', '10:30:51', 'c', 'l', '?/permisos/guardar', 'Se creo permiso del rol con identificador 1', 1),
	(722, '2022-09-22 00:00:00', '10:30:51', 'c', 'l', '?/permisos/guardar', 'Se creo permiso del rol con identificador 1', 1),
	(723, '2022-09-22 00:00:00', '10:30:51', 'c', 'l', '?/permisos/guardar', 'Se creo permiso del rol con identificador 1', 1),
	(724, '2022-09-22 00:00:00', '10:30:51', 'c', 'l', '?/permisos/guardar', 'Se creo permiso del rol con identificador 1', 1),
	(725, '2022-09-22 00:00:00', '10:30:51', 'c', 'l', '?/permisos/guardar', 'Se creo permiso del rol con identificador 1', 1),
	(726, '2022-09-22 00:00:00', '10:30:51', 'c', 'l', '?/permisos/guardar', 'Se creo permiso del rol con identificador 1', 1),
	(727, '2022-09-22 00:00:00', '10:30:51', 'c', 'l', '?/permisos/guardar', 'Se creo permiso del rol con identificador 1', 1),
	(728, '2022-09-22 00:00:00', '10:30:51', 'c', 'l', '?/permisos/guardar', 'Se creo permiso del rol con identificador 1', 1),
	(729, '2022-09-22 00:00:00', '10:30:51', 'c', 'l', '?/permisos/guardar', 'Se creo permiso del rol con identificador 1', 1),
	(730, '2022-09-22 00:00:00', '10:30:51', 'c', 'l', '?/permisos/guardar', 'Se creo permiso del rol con identificador 1', 1),
	(731, '2022-09-22 00:00:00', '10:30:51', 'c', 'l', '?/permisos/guardar', 'Se creo permiso del rol con identificador 1', 1),
	(732, '2022-09-22 00:00:00', '10:30:51', 'c', 'l', '?/permisos/guardar', 'Se creo permiso del rol con identificador 1', 1),
	(733, '2022-09-22 00:00:00', '10:30:51', 'c', 'l', '?/permisos/guardar', 'Se creo permiso del rol con identificador 1', 1),
	(734, '2022-09-22 00:00:00', '10:30:51', 'c', 'l', '?/permisos/guardar', 'Se creo permiso del rol con identificador 1', 1),
	(735, '2022-09-22 00:00:00', '10:30:51', 'c', 'l', '?/permisos/guardar', 'Se creo permiso del rol con identificador 1', 1),
	(736, '2022-09-22 00:00:00', '10:30:51', 'c', 'l', '?/permisos/guardar', 'Se creo permiso del rol con identificador 1', 1),
	(737, '2022-09-22 00:00:00', '10:30:51', 'c', 'l', '?/permisos/guardar', 'Se creo permiso del rol con identificador 1', 1),
	(738, '2022-09-22 00:00:00', '10:30:51', 'c', 'l', '?/permisos/guardar', 'Se creo permiso del rol con identificador 1', 1),
	(739, '2022-09-22 00:00:00', '10:30:51', 'c', 'l', '?/permisos/guardar', 'Se creo permiso del rol con identificador 1', 1),
	(740, '2022-09-22 00:00:00', '10:30:51', 'c', 'l', '?/permisos/guardar', 'Se creo permiso del rol con identificador 1', 1),
	(741, '2022-09-22 00:00:00', '10:30:51', 'c', 'l', '?/permisos/guardar', 'Se creo permiso del rol con identificador 1', 1),
	(742, '2022-09-22 00:00:00', '10:30:51', 'c', 'l', '?/permisos/guardar', 'Se creo permiso del rol con identificador 1', 1),
	(743, '2022-09-22 00:00:00', '10:30:51', 'c', 'l', '?/permisos/guardar', 'Se creo permiso del rol con identificador 1', 1),
	(744, '2022-09-22 00:00:00', '10:30:51', 'c', 'l', '?/permisos/guardar', 'Se creo permiso del rol con identificador 1', 1),
	(745, '2022-09-22 00:00:00', '10:30:51', 'c', 'l', '?/permisos/guardar', 'Se creo permiso del rol con identificador 1', 1),
	(746, '2022-09-22 00:00:00', '10:30:51', 'c', 'l', '?/permisos/guardar', 'Se creo permiso del rol con identificador 1', 1),
	(747, '2022-09-22 00:00:00', '10:30:51', 'c', 'l', '?/permisos/guardar', 'Se creo permiso del rol con identificador 1', 1),
	(748, '2022-09-22 00:00:00', '10:30:51', 'c', 'l', '?/permisos/guardar', 'Se creo permiso del rol con identificador 1', 1),
	(749, '2022-09-22 00:00:00', '10:30:51', 'c', 'l', '?/permisos/guardar', 'Se creo permiso del rol con identificador 1', 1),
	(750, '2022-09-22 00:00:00', '10:30:51', 'c', 'l', '?/permisos/guardar', 'Se creo permiso del rol con identificador 1', 1),
	(751, '2022-09-22 00:00:00', '10:30:51', 'c', 'l', '?/permisos/guardar', 'Se creo permiso del rol con identificador 1', 1),
	(752, '2022-09-22 00:00:00', '10:30:51', 'c', 'l', '?/permisos/guardar', 'Se creo permiso del rol con identificador 1', 1),
	(753, '2022-09-22 00:00:00', '10:30:51', 'c', 'l', '?/permisos/guardar', 'Se creo permiso del rol con identificador 1', 1),
	(754, '2022-09-22 00:00:00', '10:30:51', 'c', 'l', '?/permisos/guardar', 'Se creo permiso del rol con identificador 1', 1),
	(755, '2022-09-22 00:00:00', '10:30:51', 'c', 'l', '?/permisos/guardar', 'Se creo permiso del rol con identificador 1', 1),
	(756, '2022-09-22 00:00:00', '10:30:51', 'c', 'l', '?/permisos/guardar', 'Se creo permiso del rol con identificador 1', 1),
	(757, '2022-09-22 00:00:00', '10:30:51', 'c', 'l', '?/permisos/guardar', 'Se creo permiso del rol con identificador 1', 1),
	(758, '2022-09-22 00:00:00', '10:30:51', 'c', 'l', '?/permisos/guardar', 'Se creo permiso del rol con identificador 1', 1),
	(759, '2022-09-22 00:00:00', '10:30:51', 'c', 'l', '?/permisos/guardar', 'Se creo permiso del rol con identificador 1', 1),
	(760, '2022-09-22 00:00:00', '10:30:51', 'c', 'l', '?/permisos/guardar', 'Se creo permiso del rol con identificador 1', 1),
	(761, '2022-09-22 00:00:00', '10:30:51', 'c', 'l', '?/permisos/guardar', 'Se creo permiso del rol con identificador 1', 1),
	(762, '2022-09-22 00:00:00', '10:30:51', 'c', 'l', '?/permisos/guardar', 'Se creo permiso del rol con identificador 1', 1),
	(763, '2022-09-22 00:00:00', '10:30:51', 'c', 'l', '?/permisos/guardar', 'Se creo permiso del rol con identificador 1', 1),
	(764, '2022-09-22 00:00:00', '10:30:51', 'c', 'l', '?/permisos/guardar', 'Se creo permiso del rol con identificador 1', 1),
	(765, '2022-09-22 00:00:00', '10:30:51', 'c', 'l', '?/permisos/guardar', 'Se creo permiso del rol con identificador 1', 1),
	(766, '2022-09-22 00:00:00', '10:30:51', 'c', 'l', '?/permisos/guardar', 'Se creo permiso del rol con identificador 1', 1),
	(767, '2022-09-22 00:00:00', '10:30:51', 'c', 'l', '?/permisos/guardar', 'Se creo permiso del rol con identificador 1', 1),
	(768, '2022-09-22 00:00:00', '10:32:14', 'c', 'l', '?/permisos/guardar', 'Se creo permiso del rol con identificador 1', 1),
	(769, '2022-09-22 00:00:00', '10:32:14', 'c', 'l', '?/permisos/guardar', 'Se creo permiso del rol con identificador 1', 1),
	(770, '2022-09-22 00:00:00', '10:32:14', 'c', 'l', '?/permisos/guardar', 'Se creo permiso del rol con identificador 1', 1),
	(771, '2022-09-22 00:00:00', '10:32:14', 'c', 'l', '?/permisos/guardar', 'Se creo permiso del rol con identificador 1', 1),
	(772, '2022-09-22 00:00:00', '10:32:14', 'c', 'l', '?/permisos/guardar', 'Se creo permiso del rol con identificador 1', 1),
	(773, '2022-09-22 00:00:00', '10:32:14', 'c', 'l', '?/permisos/guardar', 'Se creo permiso del rol con identificador 1', 1),
	(774, '2022-09-22 00:00:00', '10:32:14', 'c', 'l', '?/permisos/guardar', 'Se creo permiso del rol con identificador 1', 1),
	(775, '2022-09-22 00:00:00', '10:32:14', 'c', 'l', '?/permisos/guardar', 'Se creo permiso del rol con identificador 1', 1),
	(776, '2022-09-22 00:00:00', '10:32:14', 'c', 'l', '?/permisos/guardar', 'Se creo permiso del rol con identificador 1', 1),
	(777, '2022-09-22 00:00:00', '10:32:14', 'c', 'l', '?/permisos/guardar', 'Se creo permiso del rol con identificador 1', 1),
	(778, '2022-09-22 00:00:00', '10:32:14', 'c', 'l', '?/permisos/guardar', 'Se creo permiso del rol con identificador 1', 1),
	(779, '2022-09-22 00:00:00', '10:32:14', 'c', 'l', '?/permisos/guardar', 'Se creo permiso del rol con identificador 1', 1),
	(780, '2022-09-22 00:00:00', '10:32:14', 'c', 'l', '?/permisos/guardar', 'Se creo permiso del rol con identificador 1', 1),
	(781, '2022-09-22 00:00:00', '10:32:14', 'c', 'l', '?/permisos/guardar', 'Se creo permiso del rol con identificador 1', 1),
	(782, '2022-09-22 00:00:00', '10:32:14', 'c', 'l', '?/permisos/guardar', 'Se creo permiso del rol con identificador 1', 1),
	(783, '2022-09-22 00:00:00', '10:32:14', 'c', 'l', '?/permisos/guardar', 'Se creo permiso del rol con identificador 1', 1),
	(784, '2022-09-22 00:00:00', '10:32:14', 'c', 'l', '?/permisos/guardar', 'Se creo permiso del rol con identificador 1', 1),
	(785, '2022-09-22 00:00:00', '10:32:14', 'c', 'l', '?/permisos/guardar', 'Se creo permiso del rol con identificador 1', 1),
	(786, '2022-09-22 00:00:00', '10:32:14', 'c', 'l', '?/permisos/guardar', 'Se creo permiso del rol con identificador 1', 1),
	(787, '2022-09-22 00:00:00', '10:32:14', 'c', 'l', '?/permisos/guardar', 'Se creo permiso del rol con identificador 1', 1),
	(788, '2022-09-22 00:00:00', '10:32:14', 'c', 'l', '?/permisos/guardar', 'Se creo permiso del rol con identificador 1', 1),
	(789, '2022-09-22 00:00:00', '10:32:14', 'c', 'l', '?/permisos/guardar', 'Se creo permiso del rol con identificador 1', 1),
	(790, '2022-09-22 00:00:00', '10:32:14', 'c', 'l', '?/permisos/guardar', 'Se creo permiso del rol con identificador 1', 1),
	(791, '2022-09-22 00:00:00', '10:32:14', 'c', 'l', '?/permisos/guardar', 'Se creo permiso del rol con identificador 1', 1),
	(792, '2022-09-22 00:00:00', '10:32:14', 'c', 'l', '?/permisos/guardar', 'Se creo permiso del rol con identificador 1', 1),
	(793, '2022-09-22 00:00:00', '10:32:14', 'c', 'l', '?/permisos/guardar', 'Se creo permiso del rol con identificador 1', 1),
	(794, '2022-09-22 00:00:00', '10:32:14', 'c', 'l', '?/permisos/guardar', 'Se creo permiso del rol con identificador 1', 1),
	(795, '2022-09-22 00:00:00', '10:32:14', 'c', 'l', '?/permisos/guardar', 'Se creo permiso del rol con identificador 1', 1),
	(796, '2022-09-22 00:00:00', '10:32:14', 'c', 'l', '?/permisos/guardar', 'Se creo permiso del rol con identificador 1', 1),
	(797, '2022-09-22 00:00:00', '10:32:14', 'c', 'l', '?/permisos/guardar', 'Se creo permiso del rol con identificador 1', 1),
	(798, '2022-09-22 00:00:00', '10:32:14', 'c', 'l', '?/permisos/guardar', 'Se creo permiso del rol con identificador 1', 1),
	(799, '2022-09-22 00:00:00', '10:32:14', 'c', 'l', '?/permisos/guardar', 'Se creo permiso del rol con identificador 1', 1),
	(800, '2022-09-22 00:00:00', '10:32:14', 'c', 'l', '?/permisos/guardar', 'Se creo permiso del rol con identificador 1', 1),
	(801, '2022-09-22 00:00:00', '10:32:14', 'c', 'l', '?/permisos/guardar', 'Se creo permiso del rol con identificador 1', 1),
	(802, '2022-09-22 00:00:00', '10:32:14', 'c', 'l', '?/permisos/guardar', 'Se creo permiso del rol con identificador 1', 1),
	(803, '2022-09-22 00:00:00', '10:32:14', 'c', 'l', '?/permisos/guardar', 'Se creo permiso del rol con identificador 1', 1),
	(804, '2022-09-22 00:00:00', '10:32:14', 'c', 'l', '?/permisos/guardar', 'Se creo permiso del rol con identificador 1', 1),
	(805, '2022-09-22 00:00:00', '10:32:14', 'c', 'l', '?/permisos/guardar', 'Se creo permiso del rol con identificador 1', 1),
	(806, '2022-09-22 00:00:00', '10:32:14', 'c', 'l', '?/permisos/guardar', 'Se creo permiso del rol con identificador 1', 1),
	(807, '2022-09-22 00:00:00', '10:32:14', 'c', 'l', '?/permisos/guardar', 'Se creo permiso del rol con identificador 1', 1),
	(808, '2022-09-22 00:00:00', '10:32:14', 'c', 'l', '?/permisos/guardar', 'Se creo permiso del rol con identificador 1', 1),
	(809, '2022-09-22 00:00:00', '10:32:14', 'c', 'l', '?/permisos/guardar', 'Se creo permiso del rol con identificador 1', 1),
	(810, '2022-09-22 00:00:00', '10:32:14', 'c', 'l', '?/permisos/guardar', 'Se creo permiso del rol con identificador 1', 1),
	(811, '2022-09-22 00:00:00', '10:32:14', 'c', 'l', '?/permisos/guardar', 'Se creo permiso del rol con identificador 1', 1),
	(812, '2022-09-22 00:00:00', '10:32:14', 'c', 'l', '?/permisos/guardar', 'Se creo permiso del rol con identificador 1', 1),
	(813, '2022-09-22 00:00:00', '10:32:14', 'c', 'l', '?/permisos/guardar', 'Se creo permiso del rol con identificador 1', 1),
	(814, '2022-09-22 00:00:00', '10:32:14', 'c', 'l', '?/permisos/guardar', 'Se creo permiso del rol con identificador 1', 1),
	(815, '2022-09-22 00:00:00', '10:32:14', 'c', 'l', '?/permisos/guardar', 'Se creo permiso del rol con identificador 1', 1),
	(816, '2022-09-22 00:00:00', '10:32:14', 'c', 'l', '?/permisos/guardar', 'Se creo permiso del rol con identificador 1', 1),
	(817, '2022-09-22 00:00:00', '10:32:14', 'c', 'l', '?/permisos/guardar', 'Se creo permiso del rol con identificador 1', 1),
	(818, '2022-09-22 00:00:00', '10:32:14', 'c', 'l', '?/permisos/guardar', 'Se creo permiso del rol con identificador 1', 1),
	(819, '2022-09-22 00:00:00', '10:32:14', 'c', 'l', '?/permisos/guardar', 'Se creo permiso del rol con identificador 1', 1),
	(820, '2022-09-22 00:00:00', '10:32:14', 'c', 'l', '?/permisos/guardar', 'Se creo permiso del rol con identificador 1', 1),
	(821, '2022-09-22 00:00:00', '10:32:14', 'c', 'l', '?/permisos/guardar', 'Se creo permiso del rol con identificador 1', 1),
	(822, '2022-09-22 00:00:00', '10:32:14', 'c', 'l', '?/permisos/guardar', 'Se creo permiso del rol con identificador 1', 1),
	(823, '2022-09-22 00:00:00', '10:32:14', 'c', 'l', '?/permisos/guardar', 'Se creo permiso del rol con identificador 1', 1),
	(824, '2022-09-22 00:00:00', '10:32:14', 'c', 'l', '?/permisos/guardar', 'Se creo permiso del rol con identificador 1', 1),
	(825, '2022-09-22 00:00:00', '10:32:14', 'c', 'l', '?/permisos/guardar', 'Se creo permiso del rol con identificador 1', 1),
	(826, '2022-09-22 00:00:00', '10:32:14', 'c', 'l', '?/permisos/guardar', 'Se creo permiso del rol con identificador 1', 1),
	(827, '2022-09-22 00:00:00', '10:32:14', 'c', 'l', '?/permisos/guardar', 'Se creo permiso del rol con identificador 1', 1),
	(828, '2022-09-22 00:00:00', '10:32:14', 'c', 'l', '?/permisos/guardar', 'Se creo permiso del rol con identificador 1', 1),
	(829, '2022-09-22 00:00:00', '10:32:14', 'c', 'l', '?/permisos/guardar', 'Se creo permiso del rol con identificador 1', 1),
	(830, '2022-09-22 00:00:00', '10:32:14', 'c', 'l', '?/permisos/guardar', 'Se creo permiso del rol con identificador 1', 1),
	(831, '2022-09-22 00:00:00', '10:32:14', 'c', 'l', '?/permisos/guardar', 'Se creo permiso del rol con identificador 1', 1),
	(832, '2022-09-22 00:00:00', '10:32:14', 'c', 'l', '?/permisos/guardar', 'Se creo permiso del rol con identificador 1', 1),
	(833, '2022-09-22 00:00:00', '10:32:14', 'c', 'l', '?/permisos/guardar', 'Se creo permiso del rol con identificador 1', 1),
	(834, '2022-09-22 00:00:00', '10:32:14', 'c', 'l', '?/permisos/guardar', 'Se creo permiso del rol con identificador 1', 1),
	(835, '2022-09-22 00:00:00', '10:32:14', 'c', 'l', '?/permisos/guardar', 'Se creo permiso del rol con identificador 1', 1),
	(836, '2022-09-22 00:00:00', '10:32:14', 'c', 'l', '?/permisos/guardar', 'Se creo permiso del rol con identificador 1', 1),
	(837, '2022-09-22 00:00:00', '10:32:14', 'c', 'l', '?/permisos/guardar', 'Se creo permiso del rol con identificador 1', 1),
	(838, '2022-09-22 00:00:00', '10:32:14', 'c', 'l', '?/permisos/guardar', 'Se creo permiso del rol con identificador 1', 1),
	(839, '2022-09-22 00:00:00', '10:32:14', 'c', 'l', '?/permisos/guardar', 'Se creo permiso del rol con identificador 1', 1),
	(840, '2022-09-22 00:00:00', '10:32:14', 'c', 'l', '?/permisos/guardar', 'Se creo permiso del rol con identificador 1', 1),
	(841, '2022-09-22 00:00:00', '10:32:14', 'c', 'l', '?/permisos/guardar', 'Se creo permiso del rol con identificador 1', 1),
	(842, '2022-09-22 00:00:00', '10:32:14', 'c', 'l', '?/permisos/guardar', 'Se creo permiso del rol con identificador 1', 1),
	(843, '2022-09-22 00:00:00', '10:32:14', 'c', 'l', '?/permisos/guardar', 'Se creo permiso del rol con identificador 1', 1),
	(844, '2022-09-22 00:00:00', '10:32:14', 'c', 'l', '?/permisos/guardar', 'Se creo permiso del rol con identificador 1', 1),
	(845, '2022-09-22 00:00:00', '10:32:14', 'c', 'l', '?/permisos/guardar', 'Se creo permiso del rol con identificador 1', 1),
	(846, '2022-09-22 00:00:00', '10:32:14', 'c', 'l', '?/permisos/guardar', 'Se creo permiso del rol con identificador 1', 1),
	(847, '2022-09-22 00:00:00', '10:32:14', 'c', 'l', '?/permisos/guardar', 'Se creo permiso del rol con identificador 1', 1),
	(848, '2022-09-22 00:00:00', '10:32:14', 'c', 'l', '?/permisos/guardar', 'Se creo permiso del rol con identificador 1', 1),
	(849, '2022-09-22 00:00:00', '10:32:14', 'c', 'l', '?/permisos/guardar', 'Se creo permiso del rol con identificador 1', 1),
	(850, '2022-09-22 00:00:00', '10:32:14', 'c', 'l', '?/permisos/guardar', 'Se creo permiso del rol con identificador 1', 1),
	(851, '2022-09-22 00:00:00', '10:32:14', 'c', 'l', '?/permisos/guardar', 'Se creo permiso del rol con identificador 1', 1),
	(852, '2022-09-22 00:00:00', '10:32:14', 'c', 'l', '?/permisos/guardar', 'Se creo permiso del rol con identificador 1', 1),
	(853, '2022-09-22 00:00:00', '10:32:14', 'c', 'l', '?/permisos/guardar', 'Se creo permiso del rol con identificador 1', 1),
	(854, '2022-09-22 00:00:00', '10:32:14', 'c', 'l', '?/permisos/guardar', 'Se creo permiso del rol con identificador 1', 1),
	(855, '2022-09-22 00:00:00', '10:32:14', 'c', 'l', '?/permisos/guardar', 'Se creo permiso del rol con identificador 1', 1),
	(856, '2022-09-22 00:00:00', '10:32:14', 'c', 'l', '?/permisos/guardar', 'Se creo permiso del rol con identificador 1', 1),
	(857, '2022-09-22 00:00:00', '10:32:14', 'c', 'l', '?/permisos/guardar', 'Se creo permiso del rol con identificador 1', 1),
	(858, '2022-09-22 00:00:00', '10:32:14', 'c', 'l', '?/permisos/guardar', 'Se creo permiso del rol con identificador 1', 1),
	(859, '2022-09-22 00:00:00', '10:32:14', 'c', 'l', '?/permisos/guardar', 'Se creo permiso del rol con identificador 1', 1),
	(860, '2022-09-22 00:00:00', '10:32:14', 'c', 'l', '?/permisos/guardar', 'Se creo permiso del rol con identificador 1', 1),
	(861, '2022-09-22 00:00:00', '10:32:14', 'c', 'l', '?/permisos/guardar', 'Se creo permiso del rol con identificador 1', 1),
	(862, '2022-09-22 00:00:00', '10:32:14', 'c', 'l', '?/permisos/guardar', 'Se creo permiso del rol con identificador 1', 1),
	(863, '2022-09-22 00:00:00', '15:43:47', 'c', 'l', '?/permisos/guardar', 'Se creo permiso del rol con identificador 1', 1),
	(864, '2022-09-22 00:00:00', '15:43:47', 'c', 'l', '?/permisos/guardar', 'Se creo permiso del rol con identificador 1', 1),
	(865, '2022-09-22 00:00:00', '15:43:47', 'c', 'l', '?/permisos/guardar', 'Se creo permiso del rol con identificador 1', 1),
	(866, '2022-09-22 00:00:00', '15:43:47', 'c', 'l', '?/permisos/guardar', 'Se creo permiso del rol con identificador 1', 1),
	(867, '2022-09-22 00:00:00', '15:43:47', 'c', 'l', '?/permisos/guardar', 'Se creo permiso del rol con identificador 1', 1),
	(868, '2022-09-22 00:00:00', '15:43:47', 'c', 'l', '?/permisos/guardar', 'Se creo permiso del rol con identificador 1', 1),
	(869, '2022-09-22 00:00:00', '15:43:47', 'c', 'l', '?/permisos/guardar', 'Se creo permiso del rol con identificador 1', 1),
	(870, '2022-09-22 00:00:00', '15:43:47', 'c', 'l', '?/permisos/guardar', 'Se creo permiso del rol con identificador 1', 1),
	(871, '2022-09-22 00:00:00', '15:43:47', 'c', 'l', '?/permisos/guardar', 'Se creo permiso del rol con identificador 1', 1),
	(872, '2022-09-22 00:00:00', '15:43:47', 'c', 'l', '?/permisos/guardar', 'Se creo permiso del rol con identificador 1', 1),
	(873, '2022-09-22 00:00:00', '15:43:47', 'c', 'l', '?/permisos/guardar', 'Se creo permiso del rol con identificador 1', 1),
	(874, '2022-09-22 00:00:00', '15:43:47', 'c', 'l', '?/permisos/guardar', 'Se creo permiso del rol con identificador 1', 1),
	(875, '2022-09-22 00:00:00', '15:43:47', 'c', 'l', '?/permisos/guardar', 'Se creo permiso del rol con identificador 1', 1),
	(876, '2022-09-22 00:00:00', '15:43:47', 'c', 'l', '?/permisos/guardar', 'Se creo permiso del rol con identificador 1', 1),
	(877, '2022-09-22 00:00:00', '15:43:47', 'c', 'l', '?/permisos/guardar', 'Se creo permiso del rol con identificador 1', 1),
	(878, '2022-09-22 00:00:00', '15:43:47', 'c', 'l', '?/permisos/guardar', 'Se creo permiso del rol con identificador 1', 1),
	(879, '2022-09-22 00:00:00', '15:43:47', 'c', 'l', '?/permisos/guardar', 'Se creo permiso del rol con identificador 1', 1),
	(880, '2022-09-22 00:00:00', '15:43:47', 'c', 'l', '?/permisos/guardar', 'Se creo permiso del rol con identificador 1', 1),
	(881, '2022-09-22 00:00:00', '15:43:47', 'c', 'l', '?/permisos/guardar', 'Se creo permiso del rol con identificador 1', 1),
	(882, '2022-09-22 00:00:00', '15:43:47', 'c', 'l', '?/permisos/guardar', 'Se creo permiso del rol con identificador 1', 1),
	(883, '2022-09-22 00:00:00', '15:43:47', 'c', 'l', '?/permisos/guardar', 'Se creo permiso del rol con identificador 1', 1),
	(884, '2022-09-22 00:00:00', '15:43:47', 'c', 'l', '?/permisos/guardar', 'Se creo permiso del rol con identificador 1', 1),
	(885, '2022-09-22 00:00:00', '15:43:47', 'c', 'l', '?/permisos/guardar', 'Se creo permiso del rol con identificador 1', 1),
	(886, '2022-09-22 00:00:00', '15:43:47', 'c', 'l', '?/permisos/guardar', 'Se creo permiso del rol con identificador 1', 1),
	(887, '2022-09-22 00:00:00', '15:43:47', 'c', 'l', '?/permisos/guardar', 'Se creo permiso del rol con identificador 1', 1),
	(888, '2022-09-22 00:00:00', '15:43:47', 'c', 'l', '?/permisos/guardar', 'Se creo permiso del rol con identificador 1', 1),
	(889, '2022-09-22 00:00:00', '15:43:47', 'c', 'l', '?/permisos/guardar', 'Se creo permiso del rol con identificador 1', 1),
	(890, '2022-09-22 00:00:00', '15:43:47', 'c', 'l', '?/permisos/guardar', 'Se creo permiso del rol con identificador 1', 1),
	(891, '2022-09-22 00:00:00', '15:43:47', 'c', 'l', '?/permisos/guardar', 'Se creo permiso del rol con identificador 1', 1),
	(892, '2022-09-22 00:00:00', '15:43:47', 'c', 'l', '?/permisos/guardar', 'Se creo permiso del rol con identificador 1', 1),
	(893, '2022-09-22 00:00:00', '15:43:47', 'c', 'l', '?/permisos/guardar', 'Se creo permiso del rol con identificador 1', 1),
	(894, '2022-09-22 00:00:00', '15:43:47', 'c', 'l', '?/permisos/guardar', 'Se creo permiso del rol con identificador 1', 1),
	(895, '2022-09-22 00:00:00', '15:43:47', 'c', 'l', '?/permisos/guardar', 'Se creo permiso del rol con identificador 1', 1),
	(896, '2022-09-22 00:00:00', '15:43:47', 'c', 'l', '?/permisos/guardar', 'Se creo permiso del rol con identificador 1', 1),
	(897, '2022-09-22 00:00:00', '15:43:47', 'c', 'l', '?/permisos/guardar', 'Se creo permiso del rol con identificador 1', 1),
	(898, '2022-09-22 00:00:00', '15:43:47', 'c', 'l', '?/permisos/guardar', 'Se creo permiso del rol con identificador 1', 1),
	(899, '2022-09-22 00:00:00', '15:43:47', 'c', 'l', '?/permisos/guardar', 'Se creo permiso del rol con identificador 1', 1),
	(900, '2022-09-22 00:00:00', '15:43:47', 'c', 'l', '?/permisos/guardar', 'Se creo permiso del rol con identificador 1', 1),
	(901, '2022-09-22 00:00:00', '15:43:47', 'c', 'l', '?/permisos/guardar', 'Se creo permiso del rol con identificador 1', 1),
	(902, '2022-09-22 00:00:00', '15:43:47', 'c', 'l', '?/permisos/guardar', 'Se creo permiso del rol con identificador 1', 1),
	(903, '2022-09-22 00:00:00', '15:43:47', 'c', 'l', '?/permisos/guardar', 'Se creo permiso del rol con identificador 1', 1),
	(904, '2022-09-22 00:00:00', '15:43:47', 'c', 'l', '?/permisos/guardar', 'Se creo permiso del rol con identificador 1', 1),
	(905, '2022-09-22 00:00:00', '15:43:47', 'c', 'l', '?/permisos/guardar', 'Se creo permiso del rol con identificador 1', 1),
	(906, '2022-09-22 00:00:00', '15:43:47', 'c', 'l', '?/permisos/guardar', 'Se creo permiso del rol con identificador 1', 1),
	(907, '2022-09-22 00:00:00', '15:43:47', 'c', 'l', '?/permisos/guardar', 'Se creo permiso del rol con identificador 1', 1),
	(908, '2022-09-22 00:00:00', '15:43:47', 'c', 'l', '?/permisos/guardar', 'Se creo permiso del rol con identificador 1', 1),
	(909, '2022-09-22 00:00:00', '15:43:47', 'c', 'l', '?/permisos/guardar', 'Se creo permiso del rol con identificador 1', 1),
	(910, '2022-09-22 00:00:00', '15:43:47', 'c', 'l', '?/permisos/guardar', 'Se creo permiso del rol con identificador 1', 1),
	(911, '2022-09-22 00:00:00', '15:43:47', 'c', 'l', '?/permisos/guardar', 'Se creo permiso del rol con identificador 1', 1),
	(912, '2022-09-22 00:00:00', '15:43:47', 'c', 'l', '?/permisos/guardar', 'Se creo permiso del rol con identificador 1', 1),
	(913, '2022-09-22 00:00:00', '15:43:47', 'c', 'l', '?/permisos/guardar', 'Se creo permiso del rol con identificador 1', 1),
	(914, '2022-09-22 00:00:00', '15:43:47', 'c', 'l', '?/permisos/guardar', 'Se creo permiso del rol con identificador 1', 1),
	(915, '2022-09-22 00:00:00', '15:43:47', 'c', 'l', '?/permisos/guardar', 'Se creo permiso del rol con identificador 1', 1),
	(916, '2022-09-22 00:00:00', '15:43:47', 'c', 'l', '?/permisos/guardar', 'Se creo permiso del rol con identificador 1', 1),
	(917, '2022-09-22 00:00:00', '15:43:47', 'c', 'l', '?/permisos/guardar', 'Se creo permiso del rol con identificador 1', 1),
	(918, '2022-09-22 00:00:00', '15:43:47', 'c', 'l', '?/permisos/guardar', 'Se creo permiso del rol con identificador 1', 1),
	(919, '2022-09-22 00:00:00', '15:43:47', 'c', 'l', '?/permisos/guardar', 'Se creo permiso del rol con identificador 1', 1),
	(920, '2022-09-22 00:00:00', '15:43:47', 'c', 'l', '?/permisos/guardar', 'Se creo permiso del rol con identificador 1', 1),
	(921, '2022-09-22 00:00:00', '15:43:47', 'c', 'l', '?/permisos/guardar', 'Se creo permiso del rol con identificador 1', 1),
	(922, '2022-09-22 00:00:00', '15:43:47', 'c', 'l', '?/permisos/guardar', 'Se creo permiso del rol con identificador 1', 1),
	(923, '2022-09-22 00:00:00', '15:43:47', 'c', 'l', '?/permisos/guardar', 'Se creo permiso del rol con identificador 1', 1),
	(924, '2022-09-22 00:00:00', '15:43:47', 'c', 'l', '?/permisos/guardar', 'Se creo permiso del rol con identificador 1', 1),
	(925, '2022-09-22 00:00:00', '15:43:47', 'c', 'l', '?/permisos/guardar', 'Se creo permiso del rol con identificador 1', 1),
	(926, '2022-09-22 00:00:00', '15:43:47', 'c', 'l', '?/permisos/guardar', 'Se creo permiso del rol con identificador 1', 1),
	(927, '2022-09-22 00:00:00', '15:43:47', 'c', 'l', '?/permisos/guardar', 'Se creo permiso del rol con identificador 1', 1),
	(928, '2022-09-22 00:00:00', '15:43:47', 'c', 'l', '?/permisos/guardar', 'Se creo permiso del rol con identificador 1', 1),
	(929, '2022-09-22 00:00:00', '15:43:47', 'c', 'l', '?/permisos/guardar', 'Se creo permiso del rol con identificador 1', 1),
	(930, '2022-09-22 00:00:00', '15:43:47', 'c', 'l', '?/permisos/guardar', 'Se creo permiso del rol con identificador 1', 1),
	(931, '2022-09-22 00:00:00', '15:43:47', 'c', 'l', '?/permisos/guardar', 'Se creo permiso del rol con identificador 1', 1),
	(932, '2022-09-22 00:00:00', '15:43:47', 'c', 'l', '?/permisos/guardar', 'Se creo permiso del rol con identificador 1', 1),
	(933, '2022-09-22 00:00:00', '15:43:47', 'c', 'l', '?/permisos/guardar', 'Se creo permiso del rol con identificador 1', 1),
	(934, '2022-09-22 00:00:00', '15:43:47', 'c', 'l', '?/permisos/guardar', 'Se creo permiso del rol con identificador 1', 1),
	(935, '2022-09-22 00:00:00', '15:43:47', 'c', 'l', '?/permisos/guardar', 'Se creo permiso del rol con identificador 1', 1),
	(936, '2022-09-22 00:00:00', '15:43:47', 'c', 'l', '?/permisos/guardar', 'Se creo permiso del rol con identificador 1', 1),
	(937, '2022-09-22 00:00:00', '15:43:47', 'c', 'l', '?/permisos/guardar', 'Se creo permiso del rol con identificador 1', 1),
	(938, '2022-09-22 00:00:00', '15:43:47', 'c', 'l', '?/permisos/guardar', 'Se creo permiso del rol con identificador 1', 1),
	(939, '2022-09-22 00:00:00', '15:43:47', 'c', 'l', '?/permisos/guardar', 'Se creo permiso del rol con identificador 1', 1),
	(940, '2022-09-22 00:00:00', '15:43:47', 'c', 'l', '?/permisos/guardar', 'Se creo permiso del rol con identificador 1', 1),
	(941, '2022-09-22 00:00:00', '15:43:47', 'c', 'l', '?/permisos/guardar', 'Se creo permiso del rol con identificador 1', 1),
	(942, '2022-09-22 00:00:00', '15:43:47', 'c', 'l', '?/permisos/guardar', 'Se creo permiso del rol con identificador 1', 1),
	(943, '2022-09-22 00:00:00', '15:43:47', 'c', 'l', '?/permisos/guardar', 'Se creo permiso del rol con identificador 1', 1),
	(944, '2022-09-22 00:00:00', '15:43:47', 'c', 'l', '?/permisos/guardar', 'Se creo permiso del rol con identificador 1', 1),
	(945, '2022-09-22 00:00:00', '15:43:47', 'c', 'l', '?/permisos/guardar', 'Se creo permiso del rol con identificador 1', 1),
	(946, '2022-09-22 00:00:00', '15:43:47', 'c', 'l', '?/permisos/guardar', 'Se creo permiso del rol con identificador 1', 1),
	(947, '2022-09-22 00:00:00', '15:43:47', 'c', 'l', '?/permisos/guardar', 'Se creo permiso del rol con identificador 1', 1),
	(948, '2022-09-22 00:00:00', '15:43:47', 'c', 'l', '?/permisos/guardar', 'Se creo permiso del rol con identificador 1', 1),
	(949, '2022-09-22 00:00:00', '15:43:47', 'c', 'l', '?/permisos/guardar', 'Se creo permiso del rol con identificador 1', 1),
	(950, '2022-09-22 00:00:00', '15:43:47', 'c', 'l', '?/permisos/guardar', 'Se creo permiso del rol con identificador 1', 1),
	(951, '2022-09-22 00:00:00', '15:43:47', 'c', 'l', '?/permisos/guardar', 'Se creo permiso del rol con identificador 1', 1),
	(952, '2022-09-22 00:00:00', '15:43:47', 'c', 'l', '?/permisos/guardar', 'Se creo permiso del rol con identificador 1', 1),
	(953, '2022-09-22 00:00:00', '15:43:47', 'c', 'l', '?/permisos/guardar', 'Se creo permiso del rol con identificador 1', 1),
	(954, '2022-09-22 00:00:00', '15:43:47', 'c', 'l', '?/permisos/guardar', 'Se creo permiso del rol con identificador 1', 1),
	(955, '2022-09-22 00:00:00', '15:43:47', 'c', 'l', '?/permisos/guardar', 'Se creo permiso del rol con identificador 1', 1),
	(956, '2022-09-22 00:00:00', '15:43:47', 'c', 'l', '?/permisos/guardar', 'Se creo permiso del rol con identificador 1', 1),
	(957, '2022-09-22 00:00:00', '15:43:47', 'c', 'l', '?/permisos/guardar', 'Se creo permiso del rol con identificador 1', 1),
	(958, '2022-09-27 00:00:00', '11:06:48', 'c', 'l', '?/notas/guardar', 'Se inserto el inventario egreso con identificador numero 47', 1),
	(959, '2022-09-27 00:00:00', '11:06:48', 'c', 'l', '?/notas/guardar', 'Se inserto el inventario egreso detalle con identificador numero 160', 1),
	(960, '2022-09-27 00:00:00', '11:06:48', 'c', 'l', '?/notas/guardar', 'Se inserto el inventario egreso detalle con identificador numero 161', 1),
	(961, '2022-09-27 00:00:00', '15:10:30', 'c', 'l', '?/notas/guardar', 'Se inserto el inventario egreso con identificador numero 48', 1),
	(962, '2022-09-27 00:00:00', '15:10:30', 'c', 'l', '?/notas/guardar', 'Se inserto el inventario egreso detalle con identificador numero 162', 1),
	(963, '2022-09-27 00:00:00', '21:12:57', 'c', 'l', '?/permisos/guardar', 'Se creo permiso del rol con identificador 1', 1),
	(964, '2022-09-27 00:00:00', '21:12:57', 'c', 'l', '?/permisos/guardar', 'Se creo permiso del rol con identificador 1', 1),
	(965, '2022-09-27 00:00:00', '21:12:57', 'c', 'l', '?/permisos/guardar', 'Se creo permiso del rol con identificador 1', 1),
	(966, '2022-09-27 00:00:00', '21:12:57', 'c', 'l', '?/permisos/guardar', 'Se creo permiso del rol con identificador 1', 1),
	(967, '2022-09-27 00:00:00', '21:12:57', 'c', 'l', '?/permisos/guardar', 'Se creo permiso del rol con identificador 1', 1),
	(968, '2022-09-27 00:00:00', '21:12:57', 'c', 'l', '?/permisos/guardar', 'Se creo permiso del rol con identificador 1', 1),
	(969, '2022-09-27 00:00:00', '21:12:57', 'c', 'l', '?/permisos/guardar', 'Se creo permiso del rol con identificador 1', 1),
	(970, '2022-09-27 00:00:00', '21:12:57', 'c', 'l', '?/permisos/guardar', 'Se creo permiso del rol con identificador 1', 1),
	(971, '2022-09-27 00:00:00', '21:12:57', 'c', 'l', '?/permisos/guardar', 'Se creo permiso del rol con identificador 1', 1),
	(972, '2022-09-27 00:00:00', '21:12:57', 'c', 'l', '?/permisos/guardar', 'Se creo permiso del rol con identificador 1', 1),
	(973, '2022-09-27 00:00:00', '21:12:57', 'c', 'l', '?/permisos/guardar', 'Se creo permiso del rol con identificador 1', 1),
	(974, '2022-09-27 00:00:00', '21:12:57', 'c', 'l', '?/permisos/guardar', 'Se creo permiso del rol con identificador 1', 1),
	(975, '2022-09-27 00:00:00', '21:12:57', 'c', 'l', '?/permisos/guardar', 'Se creo permiso del rol con identificador 1', 1),
	(976, '2022-09-27 00:00:00', '21:12:57', 'c', 'l', '?/permisos/guardar', 'Se creo permiso del rol con identificador 1', 1),
	(977, '2022-09-27 00:00:00', '21:12:57', 'c', 'l', '?/permisos/guardar', 'Se creo permiso del rol con identificador 1', 1),
	(978, '2022-09-27 00:00:00', '21:12:57', 'c', 'l', '?/permisos/guardar', 'Se creo permiso del rol con identificador 1', 1),
	(979, '2022-09-27 00:00:00', '21:12:57', 'c', 'l', '?/permisos/guardar', 'Se creo permiso del rol con identificador 1', 1),
	(980, '2022-09-27 00:00:00', '21:12:57', 'c', 'l', '?/permisos/guardar', 'Se creo permiso del rol con identificador 1', 1),
	(981, '2022-09-27 00:00:00', '21:12:57', 'c', 'l', '?/permisos/guardar', 'Se creo permiso del rol con identificador 1', 1),
	(982, '2022-09-27 00:00:00', '21:12:57', 'c', 'l', '?/permisos/guardar', 'Se creo permiso del rol con identificador 1', 1),
	(983, '2022-09-27 00:00:00', '21:12:57', 'c', 'l', '?/permisos/guardar', 'Se creo permiso del rol con identificador 1', 1),
	(984, '2022-09-27 00:00:00', '21:12:57', 'c', 'l', '?/permisos/guardar', 'Se creo permiso del rol con identificador 1', 1),
	(985, '2022-09-27 00:00:00', '21:12:57', 'c', 'l', '?/permisos/guardar', 'Se creo permiso del rol con identificador 1', 1),
	(986, '2022-09-27 00:00:00', '21:12:57', 'c', 'l', '?/permisos/guardar', 'Se creo permiso del rol con identificador 1', 1),
	(987, '2022-09-27 00:00:00', '21:12:57', 'c', 'l', '?/permisos/guardar', 'Se creo permiso del rol con identificador 1', 1),
	(988, '2022-09-27 00:00:00', '21:12:57', 'c', 'l', '?/permisos/guardar', 'Se creo permiso del rol con identificador 1', 1),
	(989, '2022-09-27 00:00:00', '21:12:57', 'c', 'l', '?/permisos/guardar', 'Se creo permiso del rol con identificador 1', 1),
	(990, '2022-09-27 00:00:00', '21:12:57', 'c', 'l', '?/permisos/guardar', 'Se creo permiso del rol con identificador 1', 1),
	(991, '2022-09-27 00:00:00', '21:12:57', 'c', 'l', '?/permisos/guardar', 'Se creo permiso del rol con identificador 1', 1),
	(992, '2022-09-27 00:00:00', '21:12:57', 'c', 'l', '?/permisos/guardar', 'Se creo permiso del rol con identificador 1', 1),
	(993, '2022-09-27 00:00:00', '21:12:57', 'c', 'l', '?/permisos/guardar', 'Se creo permiso del rol con identificador 1', 1),
	(994, '2022-09-27 00:00:00', '21:12:57', 'c', 'l', '?/permisos/guardar', 'Se creo permiso del rol con identificador 1', 1),
	(995, '2022-09-27 00:00:00', '21:12:57', 'c', 'l', '?/permisos/guardar', 'Se creo permiso del rol con identificador 1', 1),
	(996, '2022-09-27 00:00:00', '21:12:57', 'c', 'l', '?/permisos/guardar', 'Se creo permiso del rol con identificador 1', 1),
	(997, '2022-09-27 00:00:00', '21:12:57', 'c', 'l', '?/permisos/guardar', 'Se creo permiso del rol con identificador 1', 1),
	(998, '2022-09-27 00:00:00', '21:12:57', 'c', 'l', '?/permisos/guardar', 'Se creo permiso del rol con identificador 1', 1),
	(999, '2022-09-27 00:00:00', '21:12:57', 'c', 'l', '?/permisos/guardar', 'Se creo permiso del rol con identificador 1', 1),
	(1000, '2022-09-27 00:00:00', '21:12:57', 'c', 'l', '?/permisos/guardar', 'Se creo permiso del rol con identificador 1', 1),
	(1001, '2022-09-27 00:00:00', '21:12:57', 'c', 'l', '?/permisos/guardar', 'Se creo permiso del rol con identificador 1', 1),
	(1002, '2022-09-27 00:00:00', '21:12:57', 'c', 'l', '?/permisos/guardar', 'Se creo permiso del rol con identificador 1', 1),
	(1003, '2022-09-27 00:00:00', '21:12:57', 'c', 'l', '?/permisos/guardar', 'Se creo permiso del rol con identificador 1', 1),
	(1004, '2022-09-27 00:00:00', '21:12:57', 'c', 'l', '?/permisos/guardar', 'Se creo permiso del rol con identificador 1', 1),
	(1005, '2022-09-27 00:00:00', '21:12:57', 'c', 'l', '?/permisos/guardar', 'Se creo permiso del rol con identificador 1', 1),
	(1006, '2022-09-27 00:00:00', '21:12:57', 'c', 'l', '?/permisos/guardar', 'Se creo permiso del rol con identificador 1', 1),
	(1007, '2022-09-27 00:00:00', '21:12:57', 'c', 'l', '?/permisos/guardar', 'Se creo permiso del rol con identificador 1', 1),
	(1008, '2022-09-27 00:00:00', '21:12:57', 'c', 'l', '?/permisos/guardar', 'Se creo permiso del rol con identificador 1', 1),
	(1009, '2022-09-27 00:00:00', '21:12:57', 'c', 'l', '?/permisos/guardar', 'Se creo permiso del rol con identificador 1', 1),
	(1010, '2022-09-27 00:00:00', '21:12:57', 'c', 'l', '?/permisos/guardar', 'Se creo permiso del rol con identificador 1', 1),
	(1011, '2022-09-27 00:00:00', '21:12:57', 'c', 'l', '?/permisos/guardar', 'Se creo permiso del rol con identificador 1', 1),
	(1012, '2022-09-27 00:00:00', '21:12:57', 'c', 'l', '?/permisos/guardar', 'Se creo permiso del rol con identificador 1', 1),
	(1013, '2022-09-27 00:00:00', '21:12:57', 'c', 'l', '?/permisos/guardar', 'Se creo permiso del rol con identificador 1', 1),
	(1014, '2022-09-27 00:00:00', '21:12:57', 'c', 'l', '?/permisos/guardar', 'Se creo permiso del rol con identificador 1', 1),
	(1015, '2022-09-27 00:00:00', '21:12:57', 'c', 'l', '?/permisos/guardar', 'Se creo permiso del rol con identificador 1', 1),
	(1016, '2022-09-27 00:00:00', '21:12:57', 'c', 'l', '?/permisos/guardar', 'Se creo permiso del rol con identificador 1', 1),
	(1017, '2022-09-27 00:00:00', '21:12:57', 'c', 'l', '?/permisos/guardar', 'Se creo permiso del rol con identificador 1', 1),
	(1018, '2022-09-27 00:00:00', '21:12:57', 'c', 'l', '?/permisos/guardar', 'Se creo permiso del rol con identificador 1', 1),
	(1019, '2022-09-27 00:00:00', '21:12:57', 'c', 'l', '?/permisos/guardar', 'Se creo permiso del rol con identificador 1', 1),
	(1020, '2022-09-27 00:00:00', '21:12:57', 'c', 'l', '?/permisos/guardar', 'Se creo permiso del rol con identificador 1', 1),
	(1021, '2022-09-27 00:00:00', '21:12:57', 'c', 'l', '?/permisos/guardar', 'Se creo permiso del rol con identificador 1', 1),
	(1022, '2022-09-27 00:00:00', '21:12:57', 'c', 'l', '?/permisos/guardar', 'Se creo permiso del rol con identificador 1', 1),
	(1023, '2022-09-27 00:00:00', '21:12:57', 'c', 'l', '?/permisos/guardar', 'Se creo permiso del rol con identificador 1', 1),
	(1024, '2022-09-27 00:00:00', '21:12:57', 'c', 'l', '?/permisos/guardar', 'Se creo permiso del rol con identificador 1', 1),
	(1025, '2022-09-27 00:00:00', '21:12:57', 'c', 'l', '?/permisos/guardar', 'Se creo permiso del rol con identificador 1', 1),
	(1026, '2022-09-27 00:00:00', '21:12:57', 'c', 'l', '?/permisos/guardar', 'Se creo permiso del rol con identificador 1', 1),
	(1027, '2022-09-27 00:00:00', '21:12:57', 'c', 'l', '?/permisos/guardar', 'Se creo permiso del rol con identificador 1', 1),
	(1028, '2022-09-27 00:00:00', '21:12:57', 'c', 'l', '?/permisos/guardar', 'Se creo permiso del rol con identificador 1', 1),
	(1029, '2022-09-27 00:00:00', '21:12:57', 'c', 'l', '?/permisos/guardar', 'Se creo permiso del rol con identificador 1', 1),
	(1030, '2022-09-27 00:00:00', '21:12:57', 'c', 'l', '?/permisos/guardar', 'Se creo permiso del rol con identificador 1', 1),
	(1031, '2022-09-27 00:00:00', '21:12:57', 'c', 'l', '?/permisos/guardar', 'Se creo permiso del rol con identificador 1', 1),
	(1032, '2022-09-27 00:00:00', '21:12:57', 'c', 'l', '?/permisos/guardar', 'Se creo permiso del rol con identificador 1', 1),
	(1033, '2022-09-27 00:00:00', '21:12:57', 'c', 'l', '?/permisos/guardar', 'Se creo permiso del rol con identificador 1', 1),
	(1034, '2022-09-27 00:00:00', '21:12:57', 'c', 'l', '?/permisos/guardar', 'Se creo permiso del rol con identificador 1', 1),
	(1035, '2022-09-27 00:00:00', '21:12:57', 'c', 'l', '?/permisos/guardar', 'Se creo permiso del rol con identificador 1', 1),
	(1036, '2022-09-27 00:00:00', '21:12:57', 'c', 'l', '?/permisos/guardar', 'Se creo permiso del rol con identificador 1', 1),
	(1037, '2022-09-27 00:00:00', '21:12:57', 'c', 'l', '?/permisos/guardar', 'Se creo permiso del rol con identificador 1', 1),
	(1038, '2022-09-27 00:00:00', '21:12:57', 'c', 'l', '?/permisos/guardar', 'Se creo permiso del rol con identificador 1', 1),
	(1039, '2022-09-27 00:00:00', '21:12:57', 'c', 'l', '?/permisos/guardar', 'Se creo permiso del rol con identificador 1', 1),
	(1040, '2022-09-27 00:00:00', '21:12:57', 'c', 'l', '?/permisos/guardar', 'Se creo permiso del rol con identificador 1', 1),
	(1041, '2022-09-27 00:00:00', '21:12:57', 'c', 'l', '?/permisos/guardar', 'Se creo permiso del rol con identificador 1', 1),
	(1042, '2022-09-27 00:00:00', '21:12:57', 'c', 'l', '?/permisos/guardar', 'Se creo permiso del rol con identificador 1', 1),
	(1043, '2022-09-27 00:00:00', '21:12:57', 'c', 'l', '?/permisos/guardar', 'Se creo permiso del rol con identificador 1', 1),
	(1044, '2022-09-27 00:00:00', '21:12:57', 'c', 'l', '?/permisos/guardar', 'Se creo permiso del rol con identificador 1', 1),
	(1045, '2022-09-27 00:00:00', '21:12:57', 'c', 'l', '?/permisos/guardar', 'Se creo permiso del rol con identificador 1', 1),
	(1046, '2022-09-27 00:00:00', '21:12:57', 'c', 'l', '?/permisos/guardar', 'Se creo permiso del rol con identificador 1', 1),
	(1047, '2022-09-27 00:00:00', '21:12:57', 'c', 'l', '?/permisos/guardar', 'Se creo permiso del rol con identificador 1', 1),
	(1048, '2022-09-27 00:00:00', '21:12:57', 'c', 'l', '?/permisos/guardar', 'Se creo permiso del rol con identificador 1', 1),
	(1049, '2022-09-27 00:00:00', '21:12:57', 'c', 'l', '?/permisos/guardar', 'Se creo permiso del rol con identificador 1', 1),
	(1050, '2022-09-27 00:00:00', '21:12:57', 'c', 'l', '?/permisos/guardar', 'Se creo permiso del rol con identificador 1', 1),
	(1051, '2022-09-27 00:00:00', '21:12:57', 'c', 'l', '?/permisos/guardar', 'Se creo permiso del rol con identificador 1', 1),
	(1052, '2022-09-27 00:00:00', '21:12:57', 'c', 'l', '?/permisos/guardar', 'Se creo permiso del rol con identificador 1', 1),
	(1053, '2022-09-27 00:00:00', '21:12:57', 'c', 'l', '?/permisos/guardar', 'Se creo permiso del rol con identificador 1', 1),
	(1054, '2022-09-27 00:00:00', '21:12:57', 'c', 'l', '?/permisos/guardar', 'Se creo permiso del rol con identificador 1', 1),
	(1055, '2022-09-27 00:00:00', '21:12:57', 'c', 'l', '?/permisos/guardar', 'Se creo permiso del rol con identificador 1', 1),
	(1056, '2022-09-27 00:00:00', '21:12:57', 'c', 'l', '?/permisos/guardar', 'Se creo permiso del rol con identificador 1', 1),
	(1057, '2022-09-27 00:00:00', '21:12:57', 'c', 'l', '?/permisos/guardar', 'Se creo permiso del rol con identificador 1', 1),
	(1058, '2022-09-28 00:00:00', '21:16:14', 'c', 'l', '?/notas/guardar', 'Se inserto el inventario egreso con identificador numero 49', 1),
	(1059, '2022-09-28 00:00:00', '21:16:14', 'c', 'l', '?/notas/guardar', 'Se inserto el inventario egreso detalle con identificador numero 163', 1),
	(1060, '2022-09-28 00:00:00', '21:17:19', 'c', 'l', '?/notas/guardar', 'Se inserto el inventario egreso con identificador numero 50', 1),
	(1061, '2022-09-28 00:00:00', '21:17:19', 'c', 'l', '?/notas/guardar', 'Se inserto el inventario egreso detalle con identificador numero 164', 1),
	(1062, '2022-09-28 00:00:00', '21:18:07', 'c', 'l', '?/notas/guardar', 'Se inserto el inventario egreso con identificador numero 51', 1),
	(1063, '2022-09-28 00:00:00', '21:18:07', 'c', 'l', '?/notas/guardar', 'Se inserto el inventario egreso detalle con identificador numero 165', 1),
	(1064, '2022-09-28 00:00:00', '21:18:23', 'c', 'l', '?/notas/guardar', 'Se inserto el inventario egreso con identificador numero 52', 1),
	(1065, '2022-09-28 00:00:00', '21:18:23', 'c', 'l', '?/notas/guardar', 'Se inserto el inventario egreso detalle con identificador numero 166', 1),
	(1066, '2022-09-28 00:00:00', '21:26:14', 'c', 'l', '?/notas/guardar', 'Se inserto el inventario egreso con identificador numero 53', 1),
	(1067, '2022-09-28 00:00:00', '21:26:14', 'c', 'l', '?/notas/guardar', 'Se inserto el inventario egreso detalle con identificador numero 167', 1),
	(1068, '2022-09-28 00:00:00', '21:27:01', 'c', 'l', '?/notas/guardar', 'Se inserto el inventario egreso con identificador numero 54', 1),
	(1069, '2022-09-28 00:00:00', '21:27:01', 'c', 'l', '?/notas/guardar', 'Se inserto el inventario egreso detalle con identificador numero 168', 1),
	(1070, '2022-09-28 00:00:00', '21:27:44', 'c', 'l', '?/notas/guardar', 'Se inserto el inventario egreso con identificador numero 55', 1),
	(1071, '2022-09-28 00:00:00', '21:27:44', 'c', 'l', '?/notas/guardar', 'Se inserto el inventario egreso detalle con identificador numero 169', 1),
	(1072, '2022-09-28 00:00:00', '21:32:34', 'c', 'l', '?/notas/guardar', 'Se inserto el inventario egreso con identificador numero 56', 1),
	(1073, '2022-09-28 00:00:00', '21:32:34', 'c', 'l', '?/notas/guardar', 'Se inserto el inventario egreso detalle con identificador numero 170', 1),
	(1074, '2022-09-28 00:00:00', '21:33:20', 'c', 'l', '?/notas/guardar', 'Se inserto el inventario egreso con identificador numero 57', 1),
	(1075, '2022-09-28 00:00:00', '21:33:20', 'c', 'l', '?/notas/guardar', 'Se inserto el inventario egreso detalle con identificador numero 171', 1),
	(1076, '2022-09-28 00:00:00', '21:33:55', 'c', 'l', '?/notas/guardar', 'Se inserto el inventario egreso con identificador numero 58', 1),
	(1077, '2022-09-28 00:00:00', '21:33:55', 'c', 'l', '?/notas/guardar', 'Se inserto el inventario egreso detalle con identificador numero 172', 1),
	(1078, '2022-09-28 00:00:00', '21:34:34', 'c', 'l', '?/notas/guardar', 'Se inserto el inventario egreso con identificador numero 59', 1),
	(1079, '2022-09-28 00:00:00', '21:34:34', 'c', 'l', '?/notas/guardar', 'Se inserto el inventario egreso detalle con identificador numero 173', 1),
	(1080, '2022-09-28 00:00:00', '21:35:04', 'c', 'l', '?/notas/guardar', 'Se inserto el inventario egreso con identificador numero 60', 1),
	(1081, '2022-09-28 00:00:00', '21:35:04', 'c', 'l', '?/notas/guardar', 'Se inserto el inventario egreso detalle con identificador numero 174', 1),
	(1082, '2022-09-28 00:00:00', '21:37:08', 'c', 'l', '?/notas/guardar', 'Se inserto el inventario egreso con identificador numero 61', 1),
	(1083, '2022-09-28 00:00:00', '21:37:08', 'c', 'l', '?/notas/guardar', 'Se inserto el inventario egreso detalle con identificador numero 175', 1),
	(1084, '2022-09-28 00:00:00', '21:37:50', 'c', 'l', '?/notas/guardar', 'Se inserto el inventario egreso con identificador numero 62', 1),
	(1085, '2022-09-28 00:00:00', '21:37:50', 'c', 'l', '?/notas/guardar', 'Se inserto el inventario egreso detalle con identificador numero 176', 1),
	(1086, '2022-09-28 00:00:00', '21:39:47', 'c', 'l', '?/notas/guardar', 'Se inserto el inventario egreso con identificador numero 63', 1),
	(1087, '2022-09-28 00:00:00', '21:39:47', 'c', 'l', '?/notas/guardar', 'Se inserto el inventario egreso detalle con identificador numero 177', 1),
	(1088, '2022-09-28 00:00:00', '21:44:47', 'c', 'l', '?/notas/guardar', 'Se inserto el inventario egreso con identificador numero 64', 1),
	(1089, '2022-09-28 00:00:00', '21:44:47', 'c', 'l', '?/notas/guardar', 'Se inserto el inventario egreso detalle con identificador numero 178', 1),
	(1090, '2022-09-28 00:00:00', '21:47:53', 'c', 'l', '?/notas/guardar', 'Se inserto el inventario egreso con identificador numero 65', 1),
	(1091, '2022-09-28 00:00:00', '21:47:53', 'c', 'l', '?/notas/guardar', 'Se inserto el inventario egreso detalle con identificador numero 179', 1),
	(1092, '2022-09-28 00:00:00', '21:49:31', 'c', 'l', '?/notas/guardar', 'Se inserto el inventario egreso con identificador numero 66', 1),
	(1093, '2022-09-28 00:00:00', '21:49:31', 'c', 'l', '?/notas/guardar', 'Se inserto el inventario egreso detalle con identificador numero 180', 1),
	(1094, '2022-09-28 00:00:00', '22:16:00', 'c', 'l', '?/notas/guardar', 'Se inserto el inventario egreso con identificador numero 67', 1),
	(1095, '2022-09-28 00:00:00', '22:16:00', 'c', 'l', '?/notas/guardar', 'Se inserto el inventario egreso detalle con identificador numero 181', 1),
	(1096, '2022-09-28 00:00:00', '22:18:13', 'c', 'l', '?/notas/guardar', 'Se inserto el inventario egreso con identificador numero 68', 1),
	(1097, '2022-09-28 00:00:00', '22:18:13', 'c', 'l', '?/notas/guardar', 'Se inserto el inventario egreso detalle con identificador numero 182', 1),
	(1098, '2022-09-28 00:00:00', '22:19:10', 'c', 'l', '?/notas/guardar', 'Se inserto el inventario egreso con identificador numero 69', 1),
	(1099, '2022-09-28 00:00:00', '22:19:10', 'c', 'l', '?/notas/guardar', 'Se inserto el inventario egreso detalle con identificador numero 183', 1),
	(1100, '2022-09-28 00:00:00', '22:22:21', 'c', 'l', '?/notas/guardar', 'Se inserto el inventario egreso con identificador numero 70', 1),
	(1101, '2022-09-28 00:00:00', '22:22:21', 'c', 'l', '?/notas/guardar', 'Se inserto el inventario egreso detalle con identificador numero 184', 1),
	(1102, '2022-09-28 00:00:00', '22:41:34', 'c', 'l', '?/notas/guardar', 'Se inserto el inventario egreso con identificador numero 71', 1),
	(1103, '2022-09-28 00:00:00', '22:41:34', 'c', 'l', '?/notas/guardar', 'Se inserto el inventario egreso detalle con identificador numero 185', 1),
	(1104, '2022-09-29 00:00:00', '01:15:02', 'c', 'l', '?/prioridades/guardar_prioridad', 'Se inserto la prioridad con identificador numero 31', 1),
	(1105, '2022-09-29 00:00:00', '01:15:09', 'c', 'l', '?/prioridades/guardar_prioridad', 'Se inserto la prioridad con identificador numero 32', 1),
	(1106, '2022-09-29 00:00:00', '01:15:42', 'c', 'l', '?/almacenes/guardar', 'Se creo inventario egreso con identificador numero 72', 1),
	(1107, '2022-09-29 00:00:00', '01:15:42', 'c', 'l', '?/preventas/guardar', 'Se creó inventario egreso detalle con identificador número 186', 1),
	(1108, '2022-09-30 00:00:00', '08:34:47', 'c', 'l', '?/notas/guardar', 'Se inserto el inventario egreso con identificador numero 73', 1),
	(1109, '2022-09-30 00:00:00', '08:34:47', 'c', 'l', '?/notas/guardar', 'Se inserto el inventario egreso detalle con identificador numero 187', 1),
	(1110, '2022-09-30 00:00:00', '08:34:47', 'c', 'l', '?/notas/guardar', 'Se inserto el inventario egreso detalle con identificador numero 188', 1),
	(1111, '2022-09-30 00:00:00', '08:43:19', 'c', 'l', '?/permisos/guardar', 'Se creo permiso del rol con identificador 1', 1),
	(1112, '2022-09-30 00:00:00', '08:43:19', 'c', 'l', '?/permisos/guardar', 'Se creo permiso del rol con identificador 1', 1),
	(1113, '2022-09-30 00:00:00', '08:43:19', 'c', 'l', '?/permisos/guardar', 'Se creo permiso del rol con identificador 1', 1),
	(1114, '2022-09-30 00:00:00', '08:43:19', 'c', 'l', '?/permisos/guardar', 'Se creo permiso del rol con identificador 1', 1),
	(1115, '2022-09-30 00:00:00', '08:43:19', 'c', 'l', '?/permisos/guardar', 'Se creo permiso del rol con identificador 1', 1),
	(1116, '2022-09-30 00:00:00', '08:43:19', 'c', 'l', '?/permisos/guardar', 'Se creo permiso del rol con identificador 1', 1),
	(1117, '2022-09-30 00:00:00', '08:43:19', 'c', 'l', '?/permisos/guardar', 'Se creo permiso del rol con identificador 1', 1),
	(1118, '2022-09-30 00:00:00', '08:43:19', 'c', 'l', '?/permisos/guardar', 'Se creo permiso del rol con identificador 1', 1),
	(1119, '2022-09-30 00:00:00', '08:43:19', 'c', 'l', '?/permisos/guardar', 'Se creo permiso del rol con identificador 1', 1),
	(1120, '2022-09-30 00:00:00', '08:43:19', 'c', 'l', '?/permisos/guardar', 'Se creo permiso del rol con identificador 1', 1),
	(1121, '2022-09-30 00:00:00', '08:43:19', 'c', 'l', '?/permisos/guardar', 'Se creo permiso del rol con identificador 1', 1),
	(1122, '2022-09-30 00:00:00', '08:43:19', 'c', 'l', '?/permisos/guardar', 'Se creo permiso del rol con identificador 1', 1),
	(1123, '2022-09-30 00:00:00', '08:43:19', 'c', 'l', '?/permisos/guardar', 'Se creo permiso del rol con identificador 1', 1),
	(1124, '2022-09-30 00:00:00', '08:43:19', 'c', 'l', '?/permisos/guardar', 'Se creo permiso del rol con identificador 1', 1),
	(1125, '2022-09-30 00:00:00', '08:43:19', 'c', 'l', '?/permisos/guardar', 'Se creo permiso del rol con identificador 1', 1),
	(1126, '2022-09-30 00:00:00', '08:43:19', 'c', 'l', '?/permisos/guardar', 'Se creo permiso del rol con identificador 1', 1),
	(1127, '2022-09-30 00:00:00', '08:43:19', 'c', 'l', '?/permisos/guardar', 'Se creo permiso del rol con identificador 1', 1),
	(1128, '2022-09-30 00:00:00', '08:43:19', 'c', 'l', '?/permisos/guardar', 'Se creo permiso del rol con identificador 1', 1),
	(1129, '2022-09-30 00:00:00', '08:43:19', 'c', 'l', '?/permisos/guardar', 'Se creo permiso del rol con identificador 1', 1),
	(1130, '2022-09-30 00:00:00', '08:43:19', 'c', 'l', '?/permisos/guardar', 'Se creo permiso del rol con identificador 1', 1),
	(1131, '2022-09-30 00:00:00', '08:43:19', 'c', 'l', '?/permisos/guardar', 'Se creo permiso del rol con identificador 1', 1),
	(1132, '2022-09-30 00:00:00', '08:43:19', 'c', 'l', '?/permisos/guardar', 'Se creo permiso del rol con identificador 1', 1),
	(1133, '2022-09-30 00:00:00', '08:43:19', 'c', 'l', '?/permisos/guardar', 'Se creo permiso del rol con identificador 1', 1),
	(1134, '2022-09-30 00:00:00', '08:43:19', 'c', 'l', '?/permisos/guardar', 'Se creo permiso del rol con identificador 1', 1),
	(1135, '2022-09-30 00:00:00', '08:43:19', 'c', 'l', '?/permisos/guardar', 'Se creo permiso del rol con identificador 1', 1),
	(1136, '2022-09-30 00:00:00', '08:43:19', 'c', 'l', '?/permisos/guardar', 'Se creo permiso del rol con identificador 1', 1),
	(1137, '2022-09-30 00:00:00', '08:43:19', 'c', 'l', '?/permisos/guardar', 'Se creo permiso del rol con identificador 1', 1),
	(1138, '2022-09-30 00:00:00', '08:43:19', 'c', 'l', '?/permisos/guardar', 'Se creo permiso del rol con identificador 1', 1),
	(1139, '2022-09-30 00:00:00', '08:43:19', 'c', 'l', '?/permisos/guardar', 'Se creo permiso del rol con identificador 1', 1),
	(1140, '2022-09-30 00:00:00', '08:43:19', 'c', 'l', '?/permisos/guardar', 'Se creo permiso del rol con identificador 1', 1),
	(1141, '2022-09-30 00:00:00', '08:43:19', 'c', 'l', '?/permisos/guardar', 'Se creo permiso del rol con identificador 1', 1),
	(1142, '2022-09-30 00:00:00', '08:43:19', 'c', 'l', '?/permisos/guardar', 'Se creo permiso del rol con identificador 1', 1),
	(1143, '2022-09-30 00:00:00', '08:43:19', 'c', 'l', '?/permisos/guardar', 'Se creo permiso del rol con identificador 1', 1),
	(1144, '2022-09-30 00:00:00', '08:43:19', 'c', 'l', '?/permisos/guardar', 'Se creo permiso del rol con identificador 1', 1),
	(1145, '2022-09-30 00:00:00', '08:43:19', 'c', 'l', '?/permisos/guardar', 'Se creo permiso del rol con identificador 1', 1),
	(1146, '2022-09-30 00:00:00', '08:43:19', 'c', 'l', '?/permisos/guardar', 'Se creo permiso del rol con identificador 1', 1),
	(1147, '2022-09-30 00:00:00', '08:43:19', 'c', 'l', '?/permisos/guardar', 'Se creo permiso del rol con identificador 1', 1),
	(1148, '2022-09-30 00:00:00', '08:43:19', 'c', 'l', '?/permisos/guardar', 'Se creo permiso del rol con identificador 1', 1),
	(1149, '2022-09-30 00:00:00', '08:43:19', 'c', 'l', '?/permisos/guardar', 'Se creo permiso del rol con identificador 1', 1),
	(1150, '2022-09-30 00:00:00', '08:43:19', 'c', 'l', '?/permisos/guardar', 'Se creo permiso del rol con identificador 1', 1),
	(1151, '2022-09-30 00:00:00', '08:43:19', 'c', 'l', '?/permisos/guardar', 'Se creo permiso del rol con identificador 1', 1),
	(1152, '2022-09-30 00:00:00', '08:43:19', 'c', 'l', '?/permisos/guardar', 'Se creo permiso del rol con identificador 1', 1),
	(1153, '2022-09-30 00:00:00', '08:43:19', 'c', 'l', '?/permisos/guardar', 'Se creo permiso del rol con identificador 1', 1),
	(1154, '2022-09-30 00:00:00', '08:43:19', 'c', 'l', '?/permisos/guardar', 'Se creo permiso del rol con identificador 1', 1),
	(1155, '2022-09-30 00:00:00', '08:43:19', 'c', 'l', '?/permisos/guardar', 'Se creo permiso del rol con identificador 1', 1),
	(1156, '2022-09-30 00:00:00', '08:43:19', 'c', 'l', '?/permisos/guardar', 'Se creo permiso del rol con identificador 1', 1),
	(1157, '2022-09-30 00:00:00', '08:43:19', 'c', 'l', '?/permisos/guardar', 'Se creo permiso del rol con identificador 1', 1),
	(1158, '2022-09-30 00:00:00', '08:43:19', 'c', 'l', '?/permisos/guardar', 'Se creo permiso del rol con identificador 1', 1),
	(1159, '2022-09-30 00:00:00', '08:43:19', 'c', 'l', '?/permisos/guardar', 'Se creo permiso del rol con identificador 1', 1),
	(1160, '2022-09-30 00:00:00', '08:43:19', 'c', 'l', '?/permisos/guardar', 'Se creo permiso del rol con identificador 1', 1),
	(1161, '2022-09-30 00:00:00', '08:43:19', 'c', 'l', '?/permisos/guardar', 'Se creo permiso del rol con identificador 1', 1),
	(1162, '2022-09-30 00:00:00', '08:43:19', 'c', 'l', '?/permisos/guardar', 'Se creo permiso del rol con identificador 1', 1),
	(1163, '2022-09-30 00:00:00', '08:43:19', 'c', 'l', '?/permisos/guardar', 'Se creo permiso del rol con identificador 1', 1),
	(1164, '2022-09-30 00:00:00', '08:43:19', 'c', 'l', '?/permisos/guardar', 'Se creo permiso del rol con identificador 1', 1),
	(1165, '2022-09-30 00:00:00', '08:43:19', 'c', 'l', '?/permisos/guardar', 'Se creo permiso del rol con identificador 1', 1),
	(1166, '2022-09-30 00:00:00', '08:43:19', 'c', 'l', '?/permisos/guardar', 'Se creo permiso del rol con identificador 1', 1),
	(1167, '2022-09-30 00:00:00', '08:43:19', 'c', 'l', '?/permisos/guardar', 'Se creo permiso del rol con identificador 1', 1),
	(1168, '2022-09-30 00:00:00', '08:43:19', 'c', 'l', '?/permisos/guardar', 'Se creo permiso del rol con identificador 1', 1),
	(1169, '2022-09-30 00:00:00', '08:43:19', 'c', 'l', '?/permisos/guardar', 'Se creo permiso del rol con identificador 1', 1),
	(1170, '2022-09-30 00:00:00', '08:43:19', 'c', 'l', '?/permisos/guardar', 'Se creo permiso del rol con identificador 1', 1),
	(1171, '2022-09-30 00:00:00', '08:43:19', 'c', 'l', '?/permisos/guardar', 'Se creo permiso del rol con identificador 1', 1),
	(1172, '2022-09-30 00:00:00', '08:43:19', 'c', 'l', '?/permisos/guardar', 'Se creo permiso del rol con identificador 1', 1),
	(1173, '2022-09-30 00:00:00', '08:43:19', 'c', 'l', '?/permisos/guardar', 'Se creo permiso del rol con identificador 1', 1),
	(1174, '2022-09-30 00:00:00', '08:43:19', 'c', 'l', '?/permisos/guardar', 'Se creo permiso del rol con identificador 1', 1),
	(1175, '2022-09-30 00:00:00', '08:43:19', 'c', 'l', '?/permisos/guardar', 'Se creo permiso del rol con identificador 1', 1),
	(1176, '2022-09-30 00:00:00', '08:43:19', 'c', 'l', '?/permisos/guardar', 'Se creo permiso del rol con identificador 1', 1),
	(1177, '2022-09-30 00:00:00', '08:43:19', 'c', 'l', '?/permisos/guardar', 'Se creo permiso del rol con identificador 1', 1),
	(1178, '2022-09-30 00:00:00', '08:43:19', 'c', 'l', '?/permisos/guardar', 'Se creo permiso del rol con identificador 1', 1),
	(1179, '2022-09-30 00:00:00', '08:43:19', 'c', 'l', '?/permisos/guardar', 'Se creo permiso del rol con identificador 1', 1),
	(1180, '2022-09-30 00:00:00', '08:43:19', 'c', 'l', '?/permisos/guardar', 'Se creo permiso del rol con identificador 1', 1),
	(1181, '2022-09-30 00:00:00', '08:43:19', 'c', 'l', '?/permisos/guardar', 'Se creo permiso del rol con identificador 1', 1),
	(1182, '2022-09-30 00:00:00', '08:43:19', 'c', 'l', '?/permisos/guardar', 'Se creo permiso del rol con identificador 1', 1),
	(1183, '2022-09-30 00:00:00', '08:43:19', 'c', 'l', '?/permisos/guardar', 'Se creo permiso del rol con identificador 1', 1),
	(1184, '2022-09-30 00:00:00', '08:43:19', 'c', 'l', '?/permisos/guardar', 'Se creo permiso del rol con identificador 1', 1),
	(1185, '2022-09-30 00:00:00', '08:43:19', 'c', 'l', '?/permisos/guardar', 'Se creo permiso del rol con identificador 1', 1),
	(1186, '2022-09-30 00:00:00', '08:43:19', 'c', 'l', '?/permisos/guardar', 'Se creo permiso del rol con identificador 1', 1),
	(1187, '2022-09-30 00:00:00', '08:43:19', 'c', 'l', '?/permisos/guardar', 'Se creo permiso del rol con identificador 1', 1),
	(1188, '2022-09-30 00:00:00', '08:43:19', 'c', 'l', '?/permisos/guardar', 'Se creo permiso del rol con identificador 1', 1),
	(1189, '2022-09-30 00:00:00', '08:43:19', 'c', 'l', '?/permisos/guardar', 'Se creo permiso del rol con identificador 1', 1),
	(1190, '2022-09-30 00:00:00', '08:43:19', 'c', 'l', '?/permisos/guardar', 'Se creo permiso del rol con identificador 1', 1),
	(1191, '2022-09-30 00:00:00', '08:43:19', 'c', 'l', '?/permisos/guardar', 'Se creo permiso del rol con identificador 1', 1),
	(1192, '2022-09-30 00:00:00', '08:43:19', 'c', 'l', '?/permisos/guardar', 'Se creo permiso del rol con identificador 1', 1),
	(1193, '2022-09-30 00:00:00', '08:43:19', 'c', 'l', '?/permisos/guardar', 'Se creo permiso del rol con identificador 1', 1),
	(1194, '2022-09-30 00:00:00', '08:43:19', 'c', 'l', '?/permisos/guardar', 'Se creo permiso del rol con identificador 1', 1),
	(1195, '2022-09-30 00:00:00', '08:43:19', 'c', 'l', '?/permisos/guardar', 'Se creo permiso del rol con identificador 1', 1),
	(1196, '2022-09-30 00:00:00', '08:43:19', 'c', 'l', '?/permisos/guardar', 'Se creo permiso del rol con identificador 1', 1),
	(1197, '2022-09-30 00:00:00', '08:43:19', 'c', 'l', '?/permisos/guardar', 'Se creo permiso del rol con identificador 1', 1),
	(1198, '2022-09-30 00:00:00', '08:43:19', 'c', 'l', '?/permisos/guardar', 'Se creo permiso del rol con identificador 1', 1),
	(1199, '2022-09-30 00:00:00', '08:43:19', 'c', 'l', '?/permisos/guardar', 'Se creo permiso del rol con identificador 1', 1),
	(1200, '2022-09-30 00:00:00', '08:43:19', 'c', 'l', '?/permisos/guardar', 'Se creo permiso del rol con identificador 1', 1),
	(1201, '2022-09-30 00:00:00', '08:43:19', 'c', 'l', '?/permisos/guardar', 'Se creo permiso del rol con identificador 1', 1),
	(1202, '2022-09-30 00:00:00', '08:43:19', 'c', 'l', '?/permisos/guardar', 'Se creo permiso del rol con identificador 1', 1),
	(1203, '2022-09-30 00:00:00', '08:43:19', 'c', 'l', '?/permisos/guardar', 'Se creo permiso del rol con identificador 1', 1),
	(1204, '2022-09-30 00:00:00', '08:43:19', 'c', 'l', '?/permisos/guardar', 'Se creo permiso del rol con identificador 1', 1),
	(1205, '2022-09-30 00:00:00', '08:43:19', 'c', 'l', '?/permisos/guardar', 'Se creo permiso del rol con identificador 1', 1),
	(1206, '2022-10-03 00:00:00', '11:53:49', 'c', 'l', '?/permisos/guardar', 'Se creo permiso del rol con identificador 1', 1),
	(1207, '2022-10-03 00:00:00', '11:53:49', 'c', 'l', '?/permisos/guardar', 'Se creo permiso del rol con identificador 1', 1),
	(1208, '2022-10-03 00:00:00', '11:53:49', 'c', 'l', '?/permisos/guardar', 'Se creo permiso del rol con identificador 1', 1),
	(1209, '2022-10-03 00:00:00', '11:53:49', 'c', 'l', '?/permisos/guardar', 'Se creo permiso del rol con identificador 1', 1),
	(1210, '2022-10-03 00:00:00', '11:53:49', 'c', 'l', '?/permisos/guardar', 'Se creo permiso del rol con identificador 1', 1),
	(1211, '2022-10-03 00:00:00', '11:53:49', 'c', 'l', '?/permisos/guardar', 'Se creo permiso del rol con identificador 1', 1),
	(1212, '2022-10-03 00:00:00', '11:53:49', 'c', 'l', '?/permisos/guardar', 'Se creo permiso del rol con identificador 1', 1),
	(1213, '2022-10-03 00:00:00', '11:53:49', 'c', 'l', '?/permisos/guardar', 'Se creo permiso del rol con identificador 1', 1),
	(1214, '2022-10-03 00:00:00', '11:53:49', 'c', 'l', '?/permisos/guardar', 'Se creo permiso del rol con identificador 1', 1),
	(1215, '2022-10-03 00:00:00', '11:53:49', 'c', 'l', '?/permisos/guardar', 'Se creo permiso del rol con identificador 1', 1),
	(1216, '2022-10-03 00:00:00', '11:53:49', 'c', 'l', '?/permisos/guardar', 'Se creo permiso del rol con identificador 1', 1),
	(1217, '2022-10-03 00:00:00', '11:53:49', 'c', 'l', '?/permisos/guardar', 'Se creo permiso del rol con identificador 1', 1),
	(1218, '2022-10-03 00:00:00', '11:53:49', 'c', 'l', '?/permisos/guardar', 'Se creo permiso del rol con identificador 1', 1),
	(1219, '2022-10-03 00:00:00', '11:53:49', 'c', 'l', '?/permisos/guardar', 'Se creo permiso del rol con identificador 1', 1),
	(1220, '2022-10-03 00:00:00', '11:53:49', 'c', 'l', '?/permisos/guardar', 'Se creo permiso del rol con identificador 1', 1),
	(1221, '2022-10-03 00:00:00', '11:53:49', 'c', 'l', '?/permisos/guardar', 'Se creo permiso del rol con identificador 1', 1),
	(1222, '2022-10-03 00:00:00', '11:53:49', 'c', 'l', '?/permisos/guardar', 'Se creo permiso del rol con identificador 1', 1),
	(1223, '2022-10-03 00:00:00', '11:53:49', 'c', 'l', '?/permisos/guardar', 'Se creo permiso del rol con identificador 1', 1),
	(1224, '2022-10-03 00:00:00', '11:53:49', 'c', 'l', '?/permisos/guardar', 'Se creo permiso del rol con identificador 1', 1),
	(1225, '2022-10-03 00:00:00', '11:53:49', 'c', 'l', '?/permisos/guardar', 'Se creo permiso del rol con identificador 1', 1),
	(1226, '2022-10-03 00:00:00', '11:53:49', 'c', 'l', '?/permisos/guardar', 'Se creo permiso del rol con identificador 1', 1),
	(1227, '2022-10-03 00:00:00', '11:53:49', 'c', 'l', '?/permisos/guardar', 'Se creo permiso del rol con identificador 1', 1),
	(1228, '2022-10-03 00:00:00', '11:53:49', 'c', 'l', '?/permisos/guardar', 'Se creo permiso del rol con identificador 1', 1),
	(1229, '2022-10-03 00:00:00', '11:53:49', 'c', 'l', '?/permisos/guardar', 'Se creo permiso del rol con identificador 1', 1),
	(1230, '2022-10-03 00:00:00', '11:53:49', 'c', 'l', '?/permisos/guardar', 'Se creo permiso del rol con identificador 1', 1),
	(1231, '2022-10-03 00:00:00', '11:53:49', 'c', 'l', '?/permisos/guardar', 'Se creo permiso del rol con identificador 1', 1),
	(1232, '2022-10-03 00:00:00', '11:53:49', 'c', 'l', '?/permisos/guardar', 'Se creo permiso del rol con identificador 1', 1),
	(1233, '2022-10-03 00:00:00', '11:53:49', 'c', 'l', '?/permisos/guardar', 'Se creo permiso del rol con identificador 1', 1),
	(1234, '2022-10-03 00:00:00', '11:53:49', 'c', 'l', '?/permisos/guardar', 'Se creo permiso del rol con identificador 1', 1),
	(1235, '2022-10-03 00:00:00', '11:53:49', 'c', 'l', '?/permisos/guardar', 'Se creo permiso del rol con identificador 1', 1),
	(1236, '2022-10-03 00:00:00', '11:53:49', 'c', 'l', '?/permisos/guardar', 'Se creo permiso del rol con identificador 1', 1),
	(1237, '2022-10-03 00:00:00', '11:53:49', 'c', 'l', '?/permisos/guardar', 'Se creo permiso del rol con identificador 1', 1),
	(1238, '2022-10-03 00:00:00', '11:53:49', 'c', 'l', '?/permisos/guardar', 'Se creo permiso del rol con identificador 1', 1),
	(1239, '2022-10-03 00:00:00', '11:53:49', 'c', 'l', '?/permisos/guardar', 'Se creo permiso del rol con identificador 1', 1),
	(1240, '2022-10-03 00:00:00', '11:53:49', 'c', 'l', '?/permisos/guardar', 'Se creo permiso del rol con identificador 1', 1),
	(1241, '2022-10-03 00:00:00', '11:53:49', 'c', 'l', '?/permisos/guardar', 'Se creo permiso del rol con identificador 1', 1),
	(1242, '2022-10-03 00:00:00', '11:53:49', 'c', 'l', '?/permisos/guardar', 'Se creo permiso del rol con identificador 1', 1),
	(1243, '2022-10-03 00:00:00', '11:53:49', 'c', 'l', '?/permisos/guardar', 'Se creo permiso del rol con identificador 1', 1),
	(1244, '2022-10-03 00:00:00', '11:53:49', 'c', 'l', '?/permisos/guardar', 'Se creo permiso del rol con identificador 1', 1),
	(1245, '2022-10-03 00:00:00', '11:53:49', 'c', 'l', '?/permisos/guardar', 'Se creo permiso del rol con identificador 1', 1),
	(1246, '2022-10-03 00:00:00', '11:53:49', 'c', 'l', '?/permisos/guardar', 'Se creo permiso del rol con identificador 1', 1),
	(1247, '2022-10-03 00:00:00', '11:53:49', 'c', 'l', '?/permisos/guardar', 'Se creo permiso del rol con identificador 1', 1),
	(1248, '2022-10-03 00:00:00', '11:53:49', 'c', 'l', '?/permisos/guardar', 'Se creo permiso del rol con identificador 1', 1),
	(1249, '2022-10-03 00:00:00', '11:53:49', 'c', 'l', '?/permisos/guardar', 'Se creo permiso del rol con identificador 1', 1),
	(1250, '2022-10-03 00:00:00', '11:53:49', 'c', 'l', '?/permisos/guardar', 'Se creo permiso del rol con identificador 1', 1),
	(1251, '2022-10-03 00:00:00', '11:53:49', 'c', 'l', '?/permisos/guardar', 'Se creo permiso del rol con identificador 1', 1),
	(1252, '2022-10-03 00:00:00', '11:53:49', 'c', 'l', '?/permisos/guardar', 'Se creo permiso del rol con identificador 1', 1),
	(1253, '2022-10-03 00:00:00', '11:53:49', 'c', 'l', '?/permisos/guardar', 'Se creo permiso del rol con identificador 1', 1),
	(1254, '2022-10-03 00:00:00', '11:53:49', 'c', 'l', '?/permisos/guardar', 'Se creo permiso del rol con identificador 1', 1),
	(1255, '2022-10-03 00:00:00', '11:53:49', 'c', 'l', '?/permisos/guardar', 'Se creo permiso del rol con identificador 1', 1),
	(1256, '2022-10-03 00:00:00', '11:53:49', 'c', 'l', '?/permisos/guardar', 'Se creo permiso del rol con identificador 1', 1),
	(1257, '2022-10-03 00:00:00', '11:53:49', 'c', 'l', '?/permisos/guardar', 'Se creo permiso del rol con identificador 1', 1),
	(1258, '2022-10-03 00:00:00', '11:53:49', 'c', 'l', '?/permisos/guardar', 'Se creo permiso del rol con identificador 1', 1),
	(1259, '2022-10-03 00:00:00', '11:53:49', 'c', 'l', '?/permisos/guardar', 'Se creo permiso del rol con identificador 1', 1),
	(1260, '2022-10-03 00:00:00', '11:53:49', 'c', 'l', '?/permisos/guardar', 'Se creo permiso del rol con identificador 1', 1),
	(1261, '2022-10-03 00:00:00', '11:53:49', 'c', 'l', '?/permisos/guardar', 'Se creo permiso del rol con identificador 1', 1),
	(1262, '2022-10-03 00:00:00', '11:53:49', 'c', 'l', '?/permisos/guardar', 'Se creo permiso del rol con identificador 1', 1),
	(1263, '2022-10-03 00:00:00', '11:53:49', 'c', 'l', '?/permisos/guardar', 'Se creo permiso del rol con identificador 1', 1),
	(1264, '2022-10-03 00:00:00', '11:53:49', 'c', 'l', '?/permisos/guardar', 'Se creo permiso del rol con identificador 1', 1),
	(1265, '2022-10-03 00:00:00', '11:53:49', 'c', 'l', '?/permisos/guardar', 'Se creo permiso del rol con identificador 1', 1),
	(1266, '2022-10-03 00:00:00', '11:53:49', 'c', 'l', '?/permisos/guardar', 'Se creo permiso del rol con identificador 1', 1),
	(1267, '2022-10-03 00:00:00', '11:53:49', 'c', 'l', '?/permisos/guardar', 'Se creo permiso del rol con identificador 1', 1),
	(1268, '2022-10-03 00:00:00', '11:53:49', 'c', 'l', '?/permisos/guardar', 'Se creo permiso del rol con identificador 1', 1),
	(1269, '2022-10-03 00:00:00', '11:53:49', 'c', 'l', '?/permisos/guardar', 'Se creo permiso del rol con identificador 1', 1),
	(1270, '2022-10-03 00:00:00', '11:53:49', 'c', 'l', '?/permisos/guardar', 'Se creo permiso del rol con identificador 1', 1),
	(1271, '2022-10-03 00:00:00', '11:53:49', 'c', 'l', '?/permisos/guardar', 'Se creo permiso del rol con identificador 1', 1),
	(1272, '2022-10-03 00:00:00', '11:53:49', 'c', 'l', '?/permisos/guardar', 'Se creo permiso del rol con identificador 1', 1),
	(1273, '2022-10-03 00:00:00', '11:53:49', 'c', 'l', '?/permisos/guardar', 'Se creo permiso del rol con identificador 1', 1),
	(1274, '2022-10-03 00:00:00', '11:53:49', 'c', 'l', '?/permisos/guardar', 'Se creo permiso del rol con identificador 1', 1),
	(1275, '2022-10-03 00:00:00', '11:53:49', 'c', 'l', '?/permisos/guardar', 'Se creo permiso del rol con identificador 1', 1),
	(1276, '2022-10-03 00:00:00', '11:53:49', 'c', 'l', '?/permisos/guardar', 'Se creo permiso del rol con identificador 1', 1),
	(1277, '2022-10-03 00:00:00', '11:53:49', 'c', 'l', '?/permisos/guardar', 'Se creo permiso del rol con identificador 1', 1),
	(1278, '2022-10-03 00:00:00', '11:53:49', 'c', 'l', '?/permisos/guardar', 'Se creo permiso del rol con identificador 1', 1),
	(1279, '2022-10-03 00:00:00', '11:53:49', 'c', 'l', '?/permisos/guardar', 'Se creo permiso del rol con identificador 1', 1),
	(1280, '2022-10-03 00:00:00', '11:53:49', 'c', 'l', '?/permisos/guardar', 'Se creo permiso del rol con identificador 1', 1),
	(1281, '2022-10-03 00:00:00', '11:53:49', 'c', 'l', '?/permisos/guardar', 'Se creo permiso del rol con identificador 1', 1),
	(1282, '2022-10-03 00:00:00', '11:53:49', 'c', 'l', '?/permisos/guardar', 'Se creo permiso del rol con identificador 1', 1),
	(1283, '2022-10-03 00:00:00', '11:53:49', 'c', 'l', '?/permisos/guardar', 'Se creo permiso del rol con identificador 1', 1),
	(1284, '2022-10-03 00:00:00', '11:53:49', 'c', 'l', '?/permisos/guardar', 'Se creo permiso del rol con identificador 1', 1),
	(1285, '2022-10-03 00:00:00', '11:53:49', 'c', 'l', '?/permisos/guardar', 'Se creo permiso del rol con identificador 1', 1),
	(1286, '2022-10-03 00:00:00', '11:53:49', 'c', 'l', '?/permisos/guardar', 'Se creo permiso del rol con identificador 1', 1),
	(1287, '2022-10-03 00:00:00', '11:53:49', 'c', 'l', '?/permisos/guardar', 'Se creo permiso del rol con identificador 1', 1),
	(1288, '2022-10-03 00:00:00', '11:53:49', 'c', 'l', '?/permisos/guardar', 'Se creo permiso del rol con identificador 1', 1),
	(1289, '2022-10-03 00:00:00', '11:53:49', 'c', 'l', '?/permisos/guardar', 'Se creo permiso del rol con identificador 1', 1),
	(1290, '2022-10-03 00:00:00', '11:53:49', 'c', 'l', '?/permisos/guardar', 'Se creo permiso del rol con identificador 1', 1),
	(1291, '2022-10-03 00:00:00', '11:53:49', 'c', 'l', '?/permisos/guardar', 'Se creo permiso del rol con identificador 1', 1),
	(1292, '2022-10-03 00:00:00', '11:53:49', 'c', 'l', '?/permisos/guardar', 'Se creo permiso del rol con identificador 1', 1),
	(1293, '2022-10-03 00:00:00', '11:53:49', 'c', 'l', '?/permisos/guardar', 'Se creo permiso del rol con identificador 1', 1),
	(1294, '2022-10-03 00:00:00', '11:53:49', 'c', 'l', '?/permisos/guardar', 'Se creo permiso del rol con identificador 1', 1),
	(1295, '2022-10-03 00:00:00', '11:53:49', 'c', 'l', '?/permisos/guardar', 'Se creo permiso del rol con identificador 1', 1),
	(1296, '2022-10-03 00:00:00', '11:53:49', 'c', 'l', '?/permisos/guardar', 'Se creo permiso del rol con identificador 1', 1),
	(1297, '2022-10-03 00:00:00', '11:53:49', 'c', 'l', '?/permisos/guardar', 'Se creo permiso del rol con identificador 1', 1),
	(1298, '2022-10-03 00:00:00', '11:53:49', 'c', 'l', '?/permisos/guardar', 'Se creo permiso del rol con identificador 1', 1),
	(1299, '2022-10-03 00:00:00', '11:53:49', 'c', 'l', '?/permisos/guardar', 'Se creo permiso del rol con identificador 1', 1),
	(1300, '2022-10-03 00:00:00', '11:53:49', 'c', 'l', '?/permisos/guardar', 'Se creo permiso del rol con identificador 1', 1),
	(1301, '2022-10-03 00:00:00', '18:05:08', 'c', 'l', '?/permisos/guardar', 'Se creo permiso del rol con identificador 1', 1),
	(1302, '2022-10-03 00:00:00', '18:05:08', 'c', 'l', '?/permisos/guardar', 'Se creo permiso del rol con identificador 1', 1),
	(1303, '2022-10-03 00:00:00', '18:05:08', 'c', 'l', '?/permisos/guardar', 'Se creo permiso del rol con identificador 1', 1),
	(1304, '2022-10-03 00:00:00', '18:05:08', 'c', 'l', '?/permisos/guardar', 'Se creo permiso del rol con identificador 1', 1),
	(1305, '2022-10-03 00:00:00', '18:05:08', 'c', 'l', '?/permisos/guardar', 'Se creo permiso del rol con identificador 1', 1),
	(1306, '2022-10-03 00:00:00', '18:05:08', 'c', 'l', '?/permisos/guardar', 'Se creo permiso del rol con identificador 1', 1),
	(1307, '2022-10-03 00:00:00', '18:05:08', 'c', 'l', '?/permisos/guardar', 'Se creo permiso del rol con identificador 1', 1),
	(1308, '2022-10-03 00:00:00', '18:05:08', 'c', 'l', '?/permisos/guardar', 'Se creo permiso del rol con identificador 1', 1),
	(1309, '2022-10-03 00:00:00', '18:05:08', 'c', 'l', '?/permisos/guardar', 'Se creo permiso del rol con identificador 1', 1),
	(1310, '2022-10-03 00:00:00', '18:05:08', 'c', 'l', '?/permisos/guardar', 'Se creo permiso del rol con identificador 1', 1),
	(1311, '2022-10-03 00:00:00', '18:05:08', 'c', 'l', '?/permisos/guardar', 'Se creo permiso del rol con identificador 1', 1),
	(1312, '2022-10-03 00:00:00', '18:05:08', 'c', 'l', '?/permisos/guardar', 'Se creo permiso del rol con identificador 1', 1),
	(1313, '2022-10-03 00:00:00', '18:05:08', 'c', 'l', '?/permisos/guardar', 'Se creo permiso del rol con identificador 1', 1),
	(1314, '2022-10-03 00:00:00', '18:05:08', 'c', 'l', '?/permisos/guardar', 'Se creo permiso del rol con identificador 1', 1),
	(1315, '2022-10-03 00:00:00', '18:05:08', 'c', 'l', '?/permisos/guardar', 'Se creo permiso del rol con identificador 1', 1),
	(1316, '2022-10-03 00:00:00', '18:05:08', 'c', 'l', '?/permisos/guardar', 'Se creo permiso del rol con identificador 1', 1),
	(1317, '2022-10-03 00:00:00', '18:05:08', 'c', 'l', '?/permisos/guardar', 'Se creo permiso del rol con identificador 1', 1),
	(1318, '2022-10-03 00:00:00', '18:05:08', 'c', 'l', '?/permisos/guardar', 'Se creo permiso del rol con identificador 1', 1),
	(1319, '2022-10-03 00:00:00', '18:05:08', 'c', 'l', '?/permisos/guardar', 'Se creo permiso del rol con identificador 1', 1),
	(1320, '2022-10-03 00:00:00', '18:05:08', 'c', 'l', '?/permisos/guardar', 'Se creo permiso del rol con identificador 1', 1),
	(1321, '2022-10-03 00:00:00', '18:05:08', 'c', 'l', '?/permisos/guardar', 'Se creo permiso del rol con identificador 1', 1),
	(1322, '2022-10-03 00:00:00', '18:05:08', 'c', 'l', '?/permisos/guardar', 'Se creo permiso del rol con identificador 1', 1),
	(1323, '2022-10-03 00:00:00', '18:05:08', 'c', 'l', '?/permisos/guardar', 'Se creo permiso del rol con identificador 1', 1),
	(1324, '2022-10-03 00:00:00', '18:05:08', 'c', 'l', '?/permisos/guardar', 'Se creo permiso del rol con identificador 1', 1),
	(1325, '2022-10-03 00:00:00', '18:05:08', 'c', 'l', '?/permisos/guardar', 'Se creo permiso del rol con identificador 1', 1),
	(1326, '2022-10-03 00:00:00', '18:05:08', 'c', 'l', '?/permisos/guardar', 'Se creo permiso del rol con identificador 1', 1),
	(1327, '2022-10-03 00:00:00', '18:05:08', 'c', 'l', '?/permisos/guardar', 'Se creo permiso del rol con identificador 1', 1),
	(1328, '2022-10-03 00:00:00', '18:05:08', 'c', 'l', '?/permisos/guardar', 'Se creo permiso del rol con identificador 1', 1),
	(1329, '2022-10-03 00:00:00', '18:05:08', 'c', 'l', '?/permisos/guardar', 'Se creo permiso del rol con identificador 1', 1),
	(1330, '2022-10-03 00:00:00', '18:05:08', 'c', 'l', '?/permisos/guardar', 'Se creo permiso del rol con identificador 1', 1),
	(1331, '2022-10-03 00:00:00', '18:05:08', 'c', 'l', '?/permisos/guardar', 'Se creo permiso del rol con identificador 1', 1),
	(1332, '2022-10-03 00:00:00', '18:05:08', 'c', 'l', '?/permisos/guardar', 'Se creo permiso del rol con identificador 1', 1),
	(1333, '2022-10-03 00:00:00', '18:05:08', 'c', 'l', '?/permisos/guardar', 'Se creo permiso del rol con identificador 1', 1),
	(1334, '2022-10-03 00:00:00', '18:05:08', 'c', 'l', '?/permisos/guardar', 'Se creo permiso del rol con identificador 1', 1),
	(1335, '2022-10-03 00:00:00', '18:05:08', 'c', 'l', '?/permisos/guardar', 'Se creo permiso del rol con identificador 1', 1),
	(1336, '2022-10-03 00:00:00', '18:05:08', 'c', 'l', '?/permisos/guardar', 'Se creo permiso del rol con identificador 1', 1),
	(1337, '2022-10-03 00:00:00', '18:05:08', 'c', 'l', '?/permisos/guardar', 'Se creo permiso del rol con identificador 1', 1),
	(1338, '2022-10-03 00:00:00', '18:05:08', 'c', 'l', '?/permisos/guardar', 'Se creo permiso del rol con identificador 1', 1),
	(1339, '2022-10-03 00:00:00', '18:05:08', 'c', 'l', '?/permisos/guardar', 'Se creo permiso del rol con identificador 1', 1),
	(1340, '2022-10-03 00:00:00', '18:05:08', 'c', 'l', '?/permisos/guardar', 'Se creo permiso del rol con identificador 1', 1),
	(1341, '2022-10-03 00:00:00', '18:05:08', 'c', 'l', '?/permisos/guardar', 'Se creo permiso del rol con identificador 1', 1),
	(1342, '2022-10-03 00:00:00', '18:05:08', 'c', 'l', '?/permisos/guardar', 'Se creo permiso del rol con identificador 1', 1),
	(1343, '2022-10-03 00:00:00', '18:05:08', 'c', 'l', '?/permisos/guardar', 'Se creo permiso del rol con identificador 1', 1),
	(1344, '2022-10-03 00:00:00', '18:05:08', 'c', 'l', '?/permisos/guardar', 'Se creo permiso del rol con identificador 1', 1),
	(1345, '2022-10-03 00:00:00', '18:05:08', 'c', 'l', '?/permisos/guardar', 'Se creo permiso del rol con identificador 1', 1),
	(1346, '2022-10-03 00:00:00', '18:05:08', 'c', 'l', '?/permisos/guardar', 'Se creo permiso del rol con identificador 1', 1),
	(1347, '2022-10-03 00:00:00', '18:05:08', 'c', 'l', '?/permisos/guardar', 'Se creo permiso del rol con identificador 1', 1),
	(1348, '2022-10-03 00:00:00', '18:05:08', 'c', 'l', '?/permisos/guardar', 'Se creo permiso del rol con identificador 1', 1),
	(1349, '2022-10-03 00:00:00', '18:05:08', 'c', 'l', '?/permisos/guardar', 'Se creo permiso del rol con identificador 1', 1),
	(1350, '2022-10-03 00:00:00', '18:05:08', 'c', 'l', '?/permisos/guardar', 'Se creo permiso del rol con identificador 1', 1),
	(1351, '2022-10-03 00:00:00', '18:05:08', 'c', 'l', '?/permisos/guardar', 'Se creo permiso del rol con identificador 1', 1),
	(1352, '2022-10-03 00:00:00', '18:05:08', 'c', 'l', '?/permisos/guardar', 'Se creo permiso del rol con identificador 1', 1),
	(1353, '2022-10-03 00:00:00', '18:05:08', 'c', 'l', '?/permisos/guardar', 'Se creo permiso del rol con identificador 1', 1),
	(1354, '2022-10-03 00:00:00', '18:05:08', 'c', 'l', '?/permisos/guardar', 'Se creo permiso del rol con identificador 1', 1),
	(1355, '2022-10-03 00:00:00', '18:05:08', 'c', 'l', '?/permisos/guardar', 'Se creo permiso del rol con identificador 1', 1),
	(1356, '2022-10-03 00:00:00', '18:05:08', 'c', 'l', '?/permisos/guardar', 'Se creo permiso del rol con identificador 1', 1),
	(1357, '2022-10-03 00:00:00', '18:05:08', 'c', 'l', '?/permisos/guardar', 'Se creo permiso del rol con identificador 1', 1),
	(1358, '2022-10-03 00:00:00', '18:05:08', 'c', 'l', '?/permisos/guardar', 'Se creo permiso del rol con identificador 1', 1),
	(1359, '2022-10-03 00:00:00', '18:05:08', 'c', 'l', '?/permisos/guardar', 'Se creo permiso del rol con identificador 1', 1),
	(1360, '2022-10-03 00:00:00', '18:05:08', 'c', 'l', '?/permisos/guardar', 'Se creo permiso del rol con identificador 1', 1),
	(1361, '2022-10-03 00:00:00', '18:05:08', 'c', 'l', '?/permisos/guardar', 'Se creo permiso del rol con identificador 1', 1),
	(1362, '2022-10-03 00:00:00', '18:05:08', 'c', 'l', '?/permisos/guardar', 'Se creo permiso del rol con identificador 1', 1),
	(1363, '2022-10-03 00:00:00', '18:05:08', 'c', 'l', '?/permisos/guardar', 'Se creo permiso del rol con identificador 1', 1),
	(1364, '2022-10-03 00:00:00', '18:05:08', 'c', 'l', '?/permisos/guardar', 'Se creo permiso del rol con identificador 1', 1),
	(1365, '2022-10-03 00:00:00', '18:05:08', 'c', 'l', '?/permisos/guardar', 'Se creo permiso del rol con identificador 1', 1),
	(1366, '2022-10-03 00:00:00', '18:05:08', 'c', 'l', '?/permisos/guardar', 'Se creo permiso del rol con identificador 1', 1),
	(1367, '2022-10-03 00:00:00', '18:05:08', 'c', 'l', '?/permisos/guardar', 'Se creo permiso del rol con identificador 1', 1),
	(1368, '2022-10-03 00:00:00', '18:05:08', 'c', 'l', '?/permisos/guardar', 'Se creo permiso del rol con identificador 1', 1),
	(1369, '2022-10-03 00:00:00', '18:05:08', 'c', 'l', '?/permisos/guardar', 'Se creo permiso del rol con identificador 1', 1),
	(1370, '2022-10-03 00:00:00', '18:05:08', 'c', 'l', '?/permisos/guardar', 'Se creo permiso del rol con identificador 1', 1),
	(1371, '2022-10-03 00:00:00', '18:05:08', 'c', 'l', '?/permisos/guardar', 'Se creo permiso del rol con identificador 1', 1),
	(1372, '2022-10-03 00:00:00', '18:05:08', 'c', 'l', '?/permisos/guardar', 'Se creo permiso del rol con identificador 1', 1),
	(1373, '2022-10-03 00:00:00', '18:05:08', 'c', 'l', '?/permisos/guardar', 'Se creo permiso del rol con identificador 1', 1),
	(1374, '2022-10-03 00:00:00', '18:05:08', 'c', 'l', '?/permisos/guardar', 'Se creo permiso del rol con identificador 1', 1),
	(1375, '2022-10-03 00:00:00', '18:05:08', 'c', 'l', '?/permisos/guardar', 'Se creo permiso del rol con identificador 1', 1),
	(1376, '2022-10-03 00:00:00', '18:05:08', 'c', 'l', '?/permisos/guardar', 'Se creo permiso del rol con identificador 1', 1),
	(1377, '2022-10-03 00:00:00', '18:05:08', 'c', 'l', '?/permisos/guardar', 'Se creo permiso del rol con identificador 1', 1),
	(1378, '2022-10-03 00:00:00', '18:05:08', 'c', 'l', '?/permisos/guardar', 'Se creo permiso del rol con identificador 1', 1),
	(1379, '2022-10-03 00:00:00', '18:05:08', 'c', 'l', '?/permisos/guardar', 'Se creo permiso del rol con identificador 1', 1),
	(1380, '2022-10-03 00:00:00', '18:05:08', 'c', 'l', '?/permisos/guardar', 'Se creo permiso del rol con identificador 1', 1),
	(1381, '2022-10-03 00:00:00', '18:05:08', 'c', 'l', '?/permisos/guardar', 'Se creo permiso del rol con identificador 1', 1),
	(1382, '2022-10-03 00:00:00', '18:05:08', 'c', 'l', '?/permisos/guardar', 'Se creo permiso del rol con identificador 1', 1),
	(1383, '2022-10-03 00:00:00', '18:05:08', 'c', 'l', '?/permisos/guardar', 'Se creo permiso del rol con identificador 1', 1),
	(1384, '2022-10-03 00:00:00', '18:05:08', 'c', 'l', '?/permisos/guardar', 'Se creo permiso del rol con identificador 1', 1),
	(1385, '2022-10-03 00:00:00', '18:05:08', 'c', 'l', '?/permisos/guardar', 'Se creo permiso del rol con identificador 1', 1),
	(1386, '2022-10-03 00:00:00', '18:05:08', 'c', 'l', '?/permisos/guardar', 'Se creo permiso del rol con identificador 1', 1),
	(1387, '2022-10-03 00:00:00', '18:05:08', 'c', 'l', '?/permisos/guardar', 'Se creo permiso del rol con identificador 1', 1),
	(1388, '2022-10-03 00:00:00', '18:05:08', 'c', 'l', '?/permisos/guardar', 'Se creo permiso del rol con identificador 1', 1),
	(1389, '2022-10-03 00:00:00', '18:05:08', 'c', 'l', '?/permisos/guardar', 'Se creo permiso del rol con identificador 1', 1),
	(1390, '2022-10-03 00:00:00', '18:05:08', 'c', 'l', '?/permisos/guardar', 'Se creo permiso del rol con identificador 1', 1),
	(1391, '2022-10-03 00:00:00', '18:05:08', 'c', 'l', '?/permisos/guardar', 'Se creo permiso del rol con identificador 1', 1),
	(1392, '2022-10-03 00:00:00', '18:05:08', 'c', 'l', '?/permisos/guardar', 'Se creo permiso del rol con identificador 1', 1),
	(1393, '2022-10-03 00:00:00', '18:05:08', 'c', 'l', '?/permisos/guardar', 'Se creo permiso del rol con identificador 1', 1),
	(1394, '2022-10-03 00:00:00', '18:05:08', 'c', 'l', '?/permisos/guardar', 'Se creo permiso del rol con identificador 1', 1),
	(1395, '2022-10-03 00:00:00', '18:05:08', 'c', 'l', '?/permisos/guardar', 'Se creo permiso del rol con identificador 1', 1),
	(1396, '2022-10-11 00:00:00', '17:06:46', 'c', 'l', '?/notas/guardar', 'Se inserto el inventario egreso con identificador numero 74', 1),
	(1397, '2022-10-11 00:00:00', '17:06:46', 'c', 'l', '?/notas/guardar', 'Se inserto el inventario egreso detalle con identificador numero 189', 1),
	(1398, '2022-10-11 00:00:00', '17:18:18', 'c', 'l', '?/permisos/guardar', 'Se creo permiso del rol con identificador 1', 1),
	(1399, '2022-10-11 00:00:00', '17:18:18', 'c', 'l', '?/permisos/guardar', 'Se creo permiso del rol con identificador 1', 1),
	(1400, '2022-10-11 00:00:00', '17:18:18', 'c', 'l', '?/permisos/guardar', 'Se creo permiso del rol con identificador 1', 1),
	(1401, '2022-10-11 00:00:00', '17:18:18', 'c', 'l', '?/permisos/guardar', 'Se creo permiso del rol con identificador 1', 1),
	(1402, '2022-10-11 00:00:00', '17:18:18', 'c', 'l', '?/permisos/guardar', 'Se creo permiso del rol con identificador 1', 1),
	(1403, '2022-10-11 00:00:00', '17:18:18', 'c', 'l', '?/permisos/guardar', 'Se creo permiso del rol con identificador 1', 1),
	(1404, '2022-10-11 00:00:00', '17:18:18', 'c', 'l', '?/permisos/guardar', 'Se creo permiso del rol con identificador 1', 1),
	(1405, '2022-10-11 00:00:00', '17:18:18', 'c', 'l', '?/permisos/guardar', 'Se creo permiso del rol con identificador 1', 1),
	(1406, '2022-10-11 00:00:00', '17:18:18', 'c', 'l', '?/permisos/guardar', 'Se creo permiso del rol con identificador 1', 1),
	(1407, '2022-10-11 00:00:00', '17:18:18', 'c', 'l', '?/permisos/guardar', 'Se creo permiso del rol con identificador 1', 1),
	(1408, '2022-10-11 00:00:00', '17:18:18', 'c', 'l', '?/permisos/guardar', 'Se creo permiso del rol con identificador 1', 1),
	(1409, '2022-10-11 00:00:00', '17:18:18', 'c', 'l', '?/permisos/guardar', 'Se creo permiso del rol con identificador 1', 1),
	(1410, '2022-10-11 00:00:00', '17:18:18', 'c', 'l', '?/permisos/guardar', 'Se creo permiso del rol con identificador 1', 1),
	(1411, '2022-10-11 00:00:00', '17:18:18', 'c', 'l', '?/permisos/guardar', 'Se creo permiso del rol con identificador 1', 1),
	(1412, '2022-10-11 00:00:00', '17:18:18', 'c', 'l', '?/permisos/guardar', 'Se creo permiso del rol con identificador 1', 1),
	(1413, '2022-10-11 00:00:00', '17:18:18', 'c', 'l', '?/permisos/guardar', 'Se creo permiso del rol con identificador 1', 1),
	(1414, '2022-10-11 00:00:00', '17:18:18', 'c', 'l', '?/permisos/guardar', 'Se creo permiso del rol con identificador 1', 1),
	(1415, '2022-10-11 00:00:00', '17:18:18', 'c', 'l', '?/permisos/guardar', 'Se creo permiso del rol con identificador 1', 1),
	(1416, '2022-10-11 00:00:00', '17:18:18', 'c', 'l', '?/permisos/guardar', 'Se creo permiso del rol con identificador 1', 1),
	(1417, '2022-10-11 00:00:00', '17:18:18', 'c', 'l', '?/permisos/guardar', 'Se creo permiso del rol con identificador 1', 1),
	(1418, '2022-10-11 00:00:00', '17:18:18', 'c', 'l', '?/permisos/guardar', 'Se creo permiso del rol con identificador 1', 1),
	(1419, '2022-10-11 00:00:00', '17:18:18', 'c', 'l', '?/permisos/guardar', 'Se creo permiso del rol con identificador 1', 1),
	(1420, '2022-10-11 00:00:00', '17:18:18', 'c', 'l', '?/permisos/guardar', 'Se creo permiso del rol con identificador 1', 1),
	(1421, '2022-10-11 00:00:00', '17:18:18', 'c', 'l', '?/permisos/guardar', 'Se creo permiso del rol con identificador 1', 1),
	(1422, '2022-10-11 00:00:00', '17:18:18', 'c', 'l', '?/permisos/guardar', 'Se creo permiso del rol con identificador 1', 1),
	(1423, '2022-10-11 00:00:00', '17:18:18', 'c', 'l', '?/permisos/guardar', 'Se creo permiso del rol con identificador 1', 1),
	(1424, '2022-10-11 00:00:00', '17:18:18', 'c', 'l', '?/permisos/guardar', 'Se creo permiso del rol con identificador 1', 1),
	(1425, '2022-10-11 00:00:00', '17:18:18', 'c', 'l', '?/permisos/guardar', 'Se creo permiso del rol con identificador 1', 1),
	(1426, '2022-10-11 00:00:00', '17:18:18', 'c', 'l', '?/permisos/guardar', 'Se creo permiso del rol con identificador 1', 1),
	(1427, '2022-10-11 00:00:00', '17:18:18', 'c', 'l', '?/permisos/guardar', 'Se creo permiso del rol con identificador 1', 1),
	(1428, '2022-10-11 00:00:00', '17:18:18', 'c', 'l', '?/permisos/guardar', 'Se creo permiso del rol con identificador 1', 1),
	(1429, '2022-10-11 00:00:00', '17:18:18', 'c', 'l', '?/permisos/guardar', 'Se creo permiso del rol con identificador 1', 1),
	(1430, '2022-10-11 00:00:00', '17:18:18', 'c', 'l', '?/permisos/guardar', 'Se creo permiso del rol con identificador 1', 1),
	(1431, '2022-10-11 00:00:00', '17:18:18', 'c', 'l', '?/permisos/guardar', 'Se creo permiso del rol con identificador 1', 1),
	(1432, '2022-10-11 00:00:00', '17:18:18', 'c', 'l', '?/permisos/guardar', 'Se creo permiso del rol con identificador 1', 1),
	(1433, '2022-10-11 00:00:00', '17:18:18', 'c', 'l', '?/permisos/guardar', 'Se creo permiso del rol con identificador 1', 1),
	(1434, '2022-10-11 00:00:00', '17:18:18', 'c', 'l', '?/permisos/guardar', 'Se creo permiso del rol con identificador 1', 1),
	(1435, '2022-10-11 00:00:00', '17:18:18', 'c', 'l', '?/permisos/guardar', 'Se creo permiso del rol con identificador 1', 1),
	(1436, '2022-10-11 00:00:00', '17:18:18', 'c', 'l', '?/permisos/guardar', 'Se creo permiso del rol con identificador 1', 1),
	(1437, '2022-10-11 00:00:00', '17:18:18', 'c', 'l', '?/permisos/guardar', 'Se creo permiso del rol con identificador 1', 1),
	(1438, '2022-10-11 00:00:00', '17:18:18', 'c', 'l', '?/permisos/guardar', 'Se creo permiso del rol con identificador 1', 1),
	(1439, '2022-10-11 00:00:00', '17:18:18', 'c', 'l', '?/permisos/guardar', 'Se creo permiso del rol con identificador 1', 1),
	(1440, '2022-10-11 00:00:00', '17:18:18', 'c', 'l', '?/permisos/guardar', 'Se creo permiso del rol con identificador 1', 1),
	(1441, '2022-10-11 00:00:00', '17:18:18', 'c', 'l', '?/permisos/guardar', 'Se creo permiso del rol con identificador 1', 1),
	(1442, '2022-10-11 00:00:00', '17:18:18', 'c', 'l', '?/permisos/guardar', 'Se creo permiso del rol con identificador 1', 1),
	(1443, '2022-10-11 00:00:00', '17:18:18', 'c', 'l', '?/permisos/guardar', 'Se creo permiso del rol con identificador 1', 1),
	(1444, '2022-10-11 00:00:00', '17:18:18', 'c', 'l', '?/permisos/guardar', 'Se creo permiso del rol con identificador 1', 1),
	(1445, '2022-10-11 00:00:00', '17:18:18', 'c', 'l', '?/permisos/guardar', 'Se creo permiso del rol con identificador 1', 1),
	(1446, '2022-10-11 00:00:00', '17:18:18', 'c', 'l', '?/permisos/guardar', 'Se creo permiso del rol con identificador 1', 1),
	(1447, '2022-10-11 00:00:00', '17:18:18', 'c', 'l', '?/permisos/guardar', 'Se creo permiso del rol con identificador 1', 1),
	(1448, '2022-10-11 00:00:00', '17:18:18', 'c', 'l', '?/permisos/guardar', 'Se creo permiso del rol con identificador 1', 1),
	(1449, '2022-10-11 00:00:00', '17:18:18', 'c', 'l', '?/permisos/guardar', 'Se creo permiso del rol con identificador 1', 1),
	(1450, '2022-10-11 00:00:00', '17:18:18', 'c', 'l', '?/permisos/guardar', 'Se creo permiso del rol con identificador 1', 1),
	(1451, '2022-10-11 00:00:00', '17:18:18', 'c', 'l', '?/permisos/guardar', 'Se creo permiso del rol con identificador 1', 1),
	(1452, '2022-10-11 00:00:00', '17:18:18', 'c', 'l', '?/permisos/guardar', 'Se creo permiso del rol con identificador 1', 1),
	(1453, '2022-10-11 00:00:00', '17:18:18', 'c', 'l', '?/permisos/guardar', 'Se creo permiso del rol con identificador 1', 1),
	(1454, '2022-10-11 00:00:00', '17:18:18', 'c', 'l', '?/permisos/guardar', 'Se creo permiso del rol con identificador 1', 1),
	(1455, '2022-10-11 00:00:00', '17:18:18', 'c', 'l', '?/permisos/guardar', 'Se creo permiso del rol con identificador 1', 1),
	(1456, '2022-10-11 00:00:00', '17:18:18', 'c', 'l', '?/permisos/guardar', 'Se creo permiso del rol con identificador 1', 1),
	(1457, '2022-10-11 00:00:00', '17:18:18', 'c', 'l', '?/permisos/guardar', 'Se creo permiso del rol con identificador 1', 1),
	(1458, '2022-10-11 00:00:00', '17:18:18', 'c', 'l', '?/permisos/guardar', 'Se creo permiso del rol con identificador 1', 1),
	(1459, '2022-10-11 00:00:00', '17:18:18', 'c', 'l', '?/permisos/guardar', 'Se creo permiso del rol con identificador 1', 1),
	(1460, '2022-10-11 00:00:00', '17:18:18', 'c', 'l', '?/permisos/guardar', 'Se creo permiso del rol con identificador 1', 1),
	(1461, '2022-10-11 00:00:00', '17:18:18', 'c', 'l', '?/permisos/guardar', 'Se creo permiso del rol con identificador 1', 1),
	(1462, '2022-10-11 00:00:00', '17:18:18', 'c', 'l', '?/permisos/guardar', 'Se creo permiso del rol con identificador 1', 1),
	(1463, '2022-10-11 00:00:00', '17:18:18', 'c', 'l', '?/permisos/guardar', 'Se creo permiso del rol con identificador 1', 1),
	(1464, '2022-10-11 00:00:00', '17:18:18', 'c', 'l', '?/permisos/guardar', 'Se creo permiso del rol con identificador 1', 1),
	(1465, '2022-10-11 00:00:00', '17:18:18', 'c', 'l', '?/permisos/guardar', 'Se creo permiso del rol con identificador 1', 1),
	(1466, '2022-10-11 00:00:00', '17:18:18', 'c', 'l', '?/permisos/guardar', 'Se creo permiso del rol con identificador 1', 1),
	(1467, '2022-10-11 00:00:00', '17:18:18', 'c', 'l', '?/permisos/guardar', 'Se creo permiso del rol con identificador 1', 1),
	(1468, '2022-10-11 00:00:00', '17:18:18', 'c', 'l', '?/permisos/guardar', 'Se creo permiso del rol con identificador 1', 1),
	(1469, '2022-10-11 00:00:00', '17:18:18', 'c', 'l', '?/permisos/guardar', 'Se creo permiso del rol con identificador 1', 1),
	(1470, '2022-10-11 00:00:00', '17:18:18', 'c', 'l', '?/permisos/guardar', 'Se creo permiso del rol con identificador 1', 1),
	(1471, '2022-10-11 00:00:00', '17:18:18', 'c', 'l', '?/permisos/guardar', 'Se creo permiso del rol con identificador 1', 1),
	(1472, '2022-10-11 00:00:00', '17:18:18', 'c', 'l', '?/permisos/guardar', 'Se creo permiso del rol con identificador 1', 1),
	(1473, '2022-10-11 00:00:00', '17:18:18', 'c', 'l', '?/permisos/guardar', 'Se creo permiso del rol con identificador 1', 1),
	(1474, '2022-10-11 00:00:00', '17:18:18', 'c', 'l', '?/permisos/guardar', 'Se creo permiso del rol con identificador 1', 1),
	(1475, '2022-10-11 00:00:00', '17:18:18', 'c', 'l', '?/permisos/guardar', 'Se creo permiso del rol con identificador 1', 1),
	(1476, '2022-10-11 00:00:00', '17:18:18', 'c', 'l', '?/permisos/guardar', 'Se creo permiso del rol con identificador 1', 1),
	(1477, '2022-10-11 00:00:00', '17:18:18', 'c', 'l', '?/permisos/guardar', 'Se creo permiso del rol con identificador 1', 1),
	(1478, '2022-10-11 00:00:00', '17:18:18', 'c', 'l', '?/permisos/guardar', 'Se creo permiso del rol con identificador 1', 1),
	(1479, '2022-10-11 00:00:00', '17:18:18', 'c', 'l', '?/permisos/guardar', 'Se creo permiso del rol con identificador 1', 1),
	(1480, '2022-10-11 00:00:00', '17:18:18', 'c', 'l', '?/permisos/guardar', 'Se creo permiso del rol con identificador 1', 1),
	(1481, '2022-10-11 00:00:00', '17:18:18', 'c', 'l', '?/permisos/guardar', 'Se creo permiso del rol con identificador 1', 1),
	(1482, '2022-10-11 00:00:00', '17:18:18', 'c', 'l', '?/permisos/guardar', 'Se creo permiso del rol con identificador 1', 1),
	(1483, '2022-10-11 00:00:00', '17:18:18', 'c', 'l', '?/permisos/guardar', 'Se creo permiso del rol con identificador 1', 1),
	(1484, '2022-10-11 00:00:00', '17:18:18', 'c', 'l', '?/permisos/guardar', 'Se creo permiso del rol con identificador 1', 1),
	(1485, '2022-10-11 00:00:00', '17:18:18', 'c', 'l', '?/permisos/guardar', 'Se creo permiso del rol con identificador 1', 1),
	(1486, '2022-10-11 00:00:00', '17:18:18', 'c', 'l', '?/permisos/guardar', 'Se creo permiso del rol con identificador 1', 1),
	(1487, '2022-10-11 00:00:00', '17:18:18', 'c', 'l', '?/permisos/guardar', 'Se creo permiso del rol con identificador 1', 1),
	(1488, '2022-10-11 00:00:00', '17:18:18', 'c', 'l', '?/permisos/guardar', 'Se creo permiso del rol con identificador 1', 1),
	(1489, '2022-10-11 00:00:00', '17:18:18', 'c', 'l', '?/permisos/guardar', 'Se creo permiso del rol con identificador 1', 1),
	(1490, '2022-10-11 00:00:00', '17:18:18', 'c', 'l', '?/permisos/guardar', 'Se creo permiso del rol con identificador 1', 1),
	(1491, '2022-10-11 00:00:00', '17:18:18', 'c', 'l', '?/permisos/guardar', 'Se creo permiso del rol con identificador 1', 1),
	(1492, '2022-10-11 00:00:00', '17:18:18', 'c', 'l', '?/permisos/guardar', 'Se creo permiso del rol con identificador 1', 1),
	(1493, '2022-10-11 00:00:00', '17:18:18', 'c', 'l', '?/permisos/guardar', 'Se creo permiso del rol con identificador 1', 1),
	(1494, '2022-10-12 00:00:00', '09:30:02', 'c', 'l', '?/notas/guardar', 'Se inserto el inventario egreso con identificador numero 75', 1),
	(1495, '2022-10-12 00:00:00', '09:30:02', 'c', 'l', '?/notas/guardar', 'Se inserto el inventario egreso detalle con identificador numero 190', 1),
	(1496, '2022-10-12 00:00:00', '09:30:02', 'c', 'l', '?/notas/guardar', 'Se inserto el inventario egreso detalle con identificador numero 191', 1),
	(1497, '2022-10-12 00:00:00', '10:27:49', 'c', 'l', '?/notas/guardar', 'Se inserto el inventario egreso con identificador numero 76', 1),
	(1498, '2022-10-12 00:00:00', '10:27:49', 'c', 'l', '?/notas/guardar', 'Se inserto el inventario egreso detalle con identificador numero 192', 1),
	(1499, '2022-10-12 00:00:00', '13:17:56', 'c', 'l', '?/permisos/guardar', 'Se creo permiso del rol con identificador 1', 1),
	(1500, '2022-10-12 00:00:00', '13:17:56', 'c', 'l', '?/permisos/guardar', 'Se creo permiso del rol con identificador 1', 1),
	(1501, '2022-10-12 00:00:00', '13:17:56', 'c', 'l', '?/permisos/guardar', 'Se creo permiso del rol con identificador 1', 1),
	(1502, '2022-10-12 00:00:00', '13:17:56', 'c', 'l', '?/permisos/guardar', 'Se creo permiso del rol con identificador 1', 1),
	(1503, '2022-10-12 00:00:00', '13:17:56', 'c', 'l', '?/permisos/guardar', 'Se creo permiso del rol con identificador 1', 1),
	(1504, '2022-10-12 00:00:00', '13:17:56', 'c', 'l', '?/permisos/guardar', 'Se creo permiso del rol con identificador 1', 1),
	(1505, '2022-10-12 00:00:00', '13:17:56', 'c', 'l', '?/permisos/guardar', 'Se creo permiso del rol con identificador 1', 1),
	(1506, '2022-10-12 00:00:00', '13:17:56', 'c', 'l', '?/permisos/guardar', 'Se creo permiso del rol con identificador 1', 1),
	(1507, '2022-10-12 00:00:00', '13:17:56', 'c', 'l', '?/permisos/guardar', 'Se creo permiso del rol con identificador 1', 1),
	(1508, '2022-10-12 00:00:00', '13:17:56', 'c', 'l', '?/permisos/guardar', 'Se creo permiso del rol con identificador 1', 1),
	(1509, '2022-10-12 00:00:00', '13:17:56', 'c', 'l', '?/permisos/guardar', 'Se creo permiso del rol con identificador 1', 1),
	(1510, '2022-10-12 00:00:00', '13:17:56', 'c', 'l', '?/permisos/guardar', 'Se creo permiso del rol con identificador 1', 1),
	(1511, '2022-10-12 00:00:00', '13:17:56', 'c', 'l', '?/permisos/guardar', 'Se creo permiso del rol con identificador 1', 1),
	(1512, '2022-10-12 00:00:00', '13:17:56', 'c', 'l', '?/permisos/guardar', 'Se creo permiso del rol con identificador 1', 1),
	(1513, '2022-10-12 00:00:00', '13:17:56', 'c', 'l', '?/permisos/guardar', 'Se creo permiso del rol con identificador 1', 1),
	(1514, '2022-10-12 00:00:00', '13:17:56', 'c', 'l', '?/permisos/guardar', 'Se creo permiso del rol con identificador 1', 1),
	(1515, '2022-10-12 00:00:00', '13:17:56', 'c', 'l', '?/permisos/guardar', 'Se creo permiso del rol con identificador 1', 1),
	(1516, '2022-10-12 00:00:00', '13:17:56', 'c', 'l', '?/permisos/guardar', 'Se creo permiso del rol con identificador 1', 1),
	(1517, '2022-10-12 00:00:00', '13:17:56', 'c', 'l', '?/permisos/guardar', 'Se creo permiso del rol con identificador 1', 1),
	(1518, '2022-10-12 00:00:00', '13:17:56', 'c', 'l', '?/permisos/guardar', 'Se creo permiso del rol con identificador 1', 1),
	(1519, '2022-10-12 00:00:00', '13:17:56', 'c', 'l', '?/permisos/guardar', 'Se creo permiso del rol con identificador 1', 1),
	(1520, '2022-10-12 00:00:00', '13:17:56', 'c', 'l', '?/permisos/guardar', 'Se creo permiso del rol con identificador 1', 1),
	(1521, '2022-10-12 00:00:00', '13:17:56', 'c', 'l', '?/permisos/guardar', 'Se creo permiso del rol con identificador 1', 1),
	(1522, '2022-10-12 00:00:00', '13:17:56', 'c', 'l', '?/permisos/guardar', 'Se creo permiso del rol con identificador 1', 1),
	(1523, '2022-10-12 00:00:00', '13:17:56', 'c', 'l', '?/permisos/guardar', 'Se creo permiso del rol con identificador 1', 1),
	(1524, '2022-10-12 00:00:00', '13:17:56', 'c', 'l', '?/permisos/guardar', 'Se creo permiso del rol con identificador 1', 1),
	(1525, '2022-10-12 00:00:00', '13:17:56', 'c', 'l', '?/permisos/guardar', 'Se creo permiso del rol con identificador 1', 1),
	(1526, '2022-10-12 00:00:00', '13:17:56', 'c', 'l', '?/permisos/guardar', 'Se creo permiso del rol con identificador 1', 1),
	(1527, '2022-10-12 00:00:00', '13:17:56', 'c', 'l', '?/permisos/guardar', 'Se creo permiso del rol con identificador 1', 1),
	(1528, '2022-10-12 00:00:00', '13:17:56', 'c', 'l', '?/permisos/guardar', 'Se creo permiso del rol con identificador 1', 1),
	(1529, '2022-10-12 00:00:00', '13:17:56', 'c', 'l', '?/permisos/guardar', 'Se creo permiso del rol con identificador 1', 1),
	(1530, '2022-10-12 00:00:00', '13:17:56', 'c', 'l', '?/permisos/guardar', 'Se creo permiso del rol con identificador 1', 1),
	(1531, '2022-10-12 00:00:00', '13:17:56', 'c', 'l', '?/permisos/guardar', 'Se creo permiso del rol con identificador 1', 1),
	(1532, '2022-10-12 00:00:00', '13:17:56', 'c', 'l', '?/permisos/guardar', 'Se creo permiso del rol con identificador 1', 1),
	(1533, '2022-10-12 00:00:00', '13:17:56', 'c', 'l', '?/permisos/guardar', 'Se creo permiso del rol con identificador 1', 1),
	(1534, '2022-10-12 00:00:00', '13:17:56', 'c', 'l', '?/permisos/guardar', 'Se creo permiso del rol con identificador 1', 1),
	(1535, '2022-10-12 00:00:00', '13:17:56', 'c', 'l', '?/permisos/guardar', 'Se creo permiso del rol con identificador 1', 1),
	(1536, '2022-10-12 00:00:00', '13:17:56', 'c', 'l', '?/permisos/guardar', 'Se creo permiso del rol con identificador 1', 1),
	(1537, '2022-10-12 00:00:00', '13:17:56', 'c', 'l', '?/permisos/guardar', 'Se creo permiso del rol con identificador 1', 1),
	(1538, '2022-10-12 00:00:00', '13:17:56', 'c', 'l', '?/permisos/guardar', 'Se creo permiso del rol con identificador 1', 1),
	(1539, '2022-10-12 00:00:00', '13:17:56', 'c', 'l', '?/permisos/guardar', 'Se creo permiso del rol con identificador 1', 1),
	(1540, '2022-10-12 00:00:00', '13:17:56', 'c', 'l', '?/permisos/guardar', 'Se creo permiso del rol con identificador 1', 1),
	(1541, '2022-10-12 00:00:00', '13:17:56', 'c', 'l', '?/permisos/guardar', 'Se creo permiso del rol con identificador 1', 1),
	(1542, '2022-10-12 00:00:00', '13:17:56', 'c', 'l', '?/permisos/guardar', 'Se creo permiso del rol con identificador 1', 1),
	(1543, '2022-10-12 00:00:00', '13:17:56', 'c', 'l', '?/permisos/guardar', 'Se creo permiso del rol con identificador 1', 1),
	(1544, '2022-10-12 00:00:00', '13:17:56', 'c', 'l', '?/permisos/guardar', 'Se creo permiso del rol con identificador 1', 1),
	(1545, '2022-10-12 00:00:00', '13:17:56', 'c', 'l', '?/permisos/guardar', 'Se creo permiso del rol con identificador 1', 1),
	(1546, '2022-10-12 00:00:00', '13:17:56', 'c', 'l', '?/permisos/guardar', 'Se creo permiso del rol con identificador 1', 1),
	(1547, '2022-10-12 00:00:00', '13:17:56', 'c', 'l', '?/permisos/guardar', 'Se creo permiso del rol con identificador 1', 1),
	(1548, '2022-10-12 00:00:00', '13:17:56', 'c', 'l', '?/permisos/guardar', 'Se creo permiso del rol con identificador 1', 1),
	(1549, '2022-10-12 00:00:00', '13:17:56', 'c', 'l', '?/permisos/guardar', 'Se creo permiso del rol con identificador 1', 1),
	(1550, '2022-10-12 00:00:00', '13:17:56', 'c', 'l', '?/permisos/guardar', 'Se creo permiso del rol con identificador 1', 1),
	(1551, '2022-10-12 00:00:00', '13:17:56', 'c', 'l', '?/permisos/guardar', 'Se creo permiso del rol con identificador 1', 1),
	(1552, '2022-10-12 00:00:00', '13:17:56', 'c', 'l', '?/permisos/guardar', 'Se creo permiso del rol con identificador 1', 1),
	(1553, '2022-10-12 00:00:00', '13:17:56', 'c', 'l', '?/permisos/guardar', 'Se creo permiso del rol con identificador 1', 1),
	(1554, '2022-10-12 00:00:00', '13:17:56', 'c', 'l', '?/permisos/guardar', 'Se creo permiso del rol con identificador 1', 1),
	(1555, '2022-10-12 00:00:00', '13:17:56', 'c', 'l', '?/permisos/guardar', 'Se creo permiso del rol con identificador 1', 1),
	(1556, '2022-10-12 00:00:00', '13:17:56', 'c', 'l', '?/permisos/guardar', 'Se creo permiso del rol con identificador 1', 1),
	(1557, '2022-10-12 00:00:00', '13:17:56', 'c', 'l', '?/permisos/guardar', 'Se creo permiso del rol con identificador 1', 1),
	(1558, '2022-10-12 00:00:00', '13:17:56', 'c', 'l', '?/permisos/guardar', 'Se creo permiso del rol con identificador 1', 1),
	(1559, '2022-10-12 00:00:00', '13:17:56', 'c', 'l', '?/permisos/guardar', 'Se creo permiso del rol con identificador 1', 1),
	(1560, '2022-10-12 00:00:00', '13:17:56', 'c', 'l', '?/permisos/guardar', 'Se creo permiso del rol con identificador 1', 1),
	(1561, '2022-10-12 00:00:00', '13:17:56', 'c', 'l', '?/permisos/guardar', 'Se creo permiso del rol con identificador 1', 1),
	(1562, '2022-10-12 00:00:00', '13:17:56', 'c', 'l', '?/permisos/guardar', 'Se creo permiso del rol con identificador 1', 1),
	(1563, '2022-10-12 00:00:00', '13:17:56', 'c', 'l', '?/permisos/guardar', 'Se creo permiso del rol con identificador 1', 1),
	(1564, '2022-10-12 00:00:00', '13:17:56', 'c', 'l', '?/permisos/guardar', 'Se creo permiso del rol con identificador 1', 1),
	(1565, '2022-10-12 00:00:00', '13:17:56', 'c', 'l', '?/permisos/guardar', 'Se creo permiso del rol con identificador 1', 1),
	(1566, '2022-10-12 00:00:00', '13:17:56', 'c', 'l', '?/permisos/guardar', 'Se creo permiso del rol con identificador 1', 1),
	(1567, '2022-10-12 00:00:00', '13:17:56', 'c', 'l', '?/permisos/guardar', 'Se creo permiso del rol con identificador 1', 1),
	(1568, '2022-10-12 00:00:00', '13:17:56', 'c', 'l', '?/permisos/guardar', 'Se creo permiso del rol con identificador 1', 1),
	(1569, '2022-10-12 00:00:00', '13:17:56', 'c', 'l', '?/permisos/guardar', 'Se creo permiso del rol con identificador 1', 1),
	(1570, '2022-10-12 00:00:00', '13:17:56', 'c', 'l', '?/permisos/guardar', 'Se creo permiso del rol con identificador 1', 1),
	(1571, '2022-10-12 00:00:00', '13:17:56', 'c', 'l', '?/permisos/guardar', 'Se creo permiso del rol con identificador 1', 1),
	(1572, '2022-10-12 00:00:00', '13:17:56', 'c', 'l', '?/permisos/guardar', 'Se creo permiso del rol con identificador 1', 1),
	(1573, '2022-10-12 00:00:00', '13:17:56', 'c', 'l', '?/permisos/guardar', 'Se creo permiso del rol con identificador 1', 1),
	(1574, '2022-10-12 00:00:00', '13:17:56', 'c', 'l', '?/permisos/guardar', 'Se creo permiso del rol con identificador 1', 1),
	(1575, '2022-10-12 00:00:00', '13:17:56', 'c', 'l', '?/permisos/guardar', 'Se creo permiso del rol con identificador 1', 1),
	(1576, '2022-10-12 00:00:00', '13:17:56', 'c', 'l', '?/permisos/guardar', 'Se creo permiso del rol con identificador 1', 1),
	(1577, '2022-10-12 00:00:00', '13:17:56', 'c', 'l', '?/permisos/guardar', 'Se creo permiso del rol con identificador 1', 1),
	(1578, '2022-10-12 00:00:00', '13:17:56', 'c', 'l', '?/permisos/guardar', 'Se creo permiso del rol con identificador 1', 1),
	(1579, '2022-10-12 00:00:00', '13:17:56', 'c', 'l', '?/permisos/guardar', 'Se creo permiso del rol con identificador 1', 1),
	(1580, '2022-10-12 00:00:00', '13:17:56', 'c', 'l', '?/permisos/guardar', 'Se creo permiso del rol con identificador 1', 1),
	(1581, '2022-10-12 00:00:00', '13:17:56', 'c', 'l', '?/permisos/guardar', 'Se creo permiso del rol con identificador 1', 1),
	(1582, '2022-10-12 00:00:00', '13:17:56', 'c', 'l', '?/permisos/guardar', 'Se creo permiso del rol con identificador 1', 1),
	(1583, '2022-10-12 00:00:00', '13:17:56', 'c', 'l', '?/permisos/guardar', 'Se creo permiso del rol con identificador 1', 1),
	(1584, '2022-10-12 00:00:00', '13:17:56', 'c', 'l', '?/permisos/guardar', 'Se creo permiso del rol con identificador 1', 1),
	(1585, '2022-10-12 00:00:00', '13:17:56', 'c', 'l', '?/permisos/guardar', 'Se creo permiso del rol con identificador 1', 1),
	(1586, '2022-10-12 00:00:00', '13:17:56', 'c', 'l', '?/permisos/guardar', 'Se creo permiso del rol con identificador 1', 1),
	(1587, '2022-10-12 00:00:00', '13:17:56', 'c', 'l', '?/permisos/guardar', 'Se creo permiso del rol con identificador 1', 1),
	(1588, '2022-10-12 00:00:00', '13:17:56', 'c', 'l', '?/permisos/guardar', 'Se creo permiso del rol con identificador 1', 1),
	(1589, '2022-10-12 00:00:00', '13:17:56', 'c', 'l', '?/permisos/guardar', 'Se creo permiso del rol con identificador 1', 1),
	(1590, '2022-10-12 00:00:00', '13:17:56', 'c', 'l', '?/permisos/guardar', 'Se creo permiso del rol con identificador 1', 1),
	(1591, '2022-10-12 00:00:00', '13:17:56', 'c', 'l', '?/permisos/guardar', 'Se creo permiso del rol con identificador 1', 1),
	(1592, '2022-10-12 00:00:00', '13:17:56', 'c', 'l', '?/permisos/guardar', 'Se creo permiso del rol con identificador 1', 1),
	(1593, '2022-10-12 00:00:00', '13:17:56', 'c', 'l', '?/permisos/guardar', 'Se creo permiso del rol con identificador 1', 1),
	(1594, '2022-10-12 00:00:00', '13:17:56', 'c', 'l', '?/permisos/guardar', 'Se creo permiso del rol con identificador 1', 1),
	(1595, '2022-10-12 00:00:00', '17:39:45', 'c', 'l', '?/notas/guardar', 'Se inserto el inventario egreso con identificador numero 77', 1),
	(1596, '2022-10-12 00:00:00', '17:39:45', 'c', 'l', '?/notas/guardar', 'Se inserto el inventario egreso detalle con identificador numero 193', 1),
	(1597, '2022-10-12 00:00:00', '17:39:45', 'c', 'l', '?/notas/guardar', 'Se inserto el inventario egreso detalle con identificador numero 194', 1),
	(1598, '2022-10-12 00:00:00', '21:46:14', 'c', 'l', '?/notas/guardar', 'Se inserto el inventario egreso con identificador numero 78', 1),
	(1599, '2022-10-12 00:00:00', '21:46:14', 'c', 'l', '?/notas/guardar', 'Se inserto el inventario egreso detalle con identificador numero 195', 1),
	(1600, '2022-10-12 00:00:00', '21:46:14', 'c', 'l', '?/notas/guardar', 'Se inserto el inventario egreso detalle con identificador numero 196', 1),
	(1601, '2022-10-12 00:00:00', '21:50:13', 'c', 'l', '?/notas/guardar', 'Se inserto el inventario egreso con identificador numero 79', 1),
	(1602, '2022-10-12 00:00:00', '21:50:13', 'c', 'l', '?/notas/guardar', 'Se inserto el inventario egreso detalle con identificador numero 197', 1),
	(1603, '2022-10-12 00:00:00', '21:50:13', 'c', 'l', '?/notas/guardar', 'Se inserto el inventario egreso detalle con identificador numero 198', 1),
	(1604, '2022-10-12 00:00:00', '21:50:13', 'c', 'l', '?/notas/guardar', 'Se inserto el inventario egreso detalle con identificador numero 199', 1),
	(1605, '2022-10-12 00:00:00', '21:50:13', 'c', 'l', '?/notas/guardar', 'Se inserto el inventario egreso detalle con identificador numero 200', 1),
	(1606, '2022-10-27 00:00:00', '21:30:25', 'c', 'l', '?/permisos/guardar', 'Se creo permiso del rol con identificador 1', 1),
	(1607, '2022-10-27 00:00:00', '21:30:25', 'c', 'l', '?/permisos/guardar', 'Se creo permiso del rol con identificador 1', 1),
	(1608, '2022-10-27 00:00:00', '21:30:25', 'c', 'l', '?/permisos/guardar', 'Se creo permiso del rol con identificador 1', 1),
	(1609, '2022-10-27 00:00:00', '21:30:25', 'c', 'l', '?/permisos/guardar', 'Se creo permiso del rol con identificador 1', 1),
	(1610, '2022-10-27 00:00:00', '21:30:25', 'c', 'l', '?/permisos/guardar', 'Se creo permiso del rol con identificador 1', 1),
	(1611, '2022-10-27 00:00:00', '21:30:25', 'c', 'l', '?/permisos/guardar', 'Se creo permiso del rol con identificador 1', 1),
	(1612, '2022-10-27 00:00:00', '21:30:25', 'c', 'l', '?/permisos/guardar', 'Se creo permiso del rol con identificador 1', 1),
	(1613, '2022-10-27 00:00:00', '21:30:25', 'c', 'l', '?/permisos/guardar', 'Se creo permiso del rol con identificador 1', 1),
	(1614, '2022-10-27 00:00:00', '21:30:25', 'c', 'l', '?/permisos/guardar', 'Se creo permiso del rol con identificador 1', 1),
	(1615, '2022-10-27 00:00:00', '21:30:25', 'c', 'l', '?/permisos/guardar', 'Se creo permiso del rol con identificador 1', 1),
	(1616, '2022-10-27 00:00:00', '21:30:25', 'c', 'l', '?/permisos/guardar', 'Se creo permiso del rol con identificador 1', 1),
	(1617, '2022-10-27 00:00:00', '21:30:25', 'c', 'l', '?/permisos/guardar', 'Se creo permiso del rol con identificador 1', 1),
	(1618, '2022-10-27 00:00:00', '21:30:25', 'c', 'l', '?/permisos/guardar', 'Se creo permiso del rol con identificador 1', 1),
	(1619, '2022-10-27 00:00:00', '21:30:25', 'c', 'l', '?/permisos/guardar', 'Se creo permiso del rol con identificador 1', 1),
	(1620, '2022-10-27 00:00:00', '21:30:25', 'c', 'l', '?/permisos/guardar', 'Se creo permiso del rol con identificador 1', 1),
	(1621, '2022-10-27 00:00:00', '21:30:25', 'c', 'l', '?/permisos/guardar', 'Se creo permiso del rol con identificador 1', 1),
	(1622, '2022-10-27 00:00:00', '21:30:25', 'c', 'l', '?/permisos/guardar', 'Se creo permiso del rol con identificador 1', 1),
	(1623, '2022-10-27 00:00:00', '21:30:25', 'c', 'l', '?/permisos/guardar', 'Se creo permiso del rol con identificador 1', 1),
	(1624, '2022-10-27 00:00:00', '21:30:25', 'c', 'l', '?/permisos/guardar', 'Se creo permiso del rol con identificador 1', 1),
	(1625, '2022-10-27 00:00:00', '21:30:25', 'c', 'l', '?/permisos/guardar', 'Se creo permiso del rol con identificador 1', 1),
	(1626, '2022-10-27 00:00:00', '21:30:25', 'c', 'l', '?/permisos/guardar', 'Se creo permiso del rol con identificador 1', 1),
	(1627, '2022-10-27 00:00:00', '21:30:25', 'c', 'l', '?/permisos/guardar', 'Se creo permiso del rol con identificador 1', 1),
	(1628, '2022-10-27 00:00:00', '21:30:25', 'c', 'l', '?/permisos/guardar', 'Se creo permiso del rol con identificador 1', 1),
	(1629, '2022-10-27 00:00:00', '21:30:25', 'c', 'l', '?/permisos/guardar', 'Se creo permiso del rol con identificador 1', 1),
	(1630, '2022-10-27 00:00:00', '21:30:25', 'c', 'l', '?/permisos/guardar', 'Se creo permiso del rol con identificador 1', 1),
	(1631, '2022-10-27 00:00:00', '21:30:25', 'c', 'l', '?/permisos/guardar', 'Se creo permiso del rol con identificador 1', 1),
	(1632, '2022-10-27 00:00:00', '21:30:25', 'c', 'l', '?/permisos/guardar', 'Se creo permiso del rol con identificador 1', 1),
	(1633, '2022-10-27 00:00:00', '21:30:25', 'c', 'l', '?/permisos/guardar', 'Se creo permiso del rol con identificador 1', 1),
	(1634, '2022-10-27 00:00:00', '21:30:25', 'c', 'l', '?/permisos/guardar', 'Se creo permiso del rol con identificador 1', 1),
	(1635, '2022-10-27 00:00:00', '21:30:25', 'c', 'l', '?/permisos/guardar', 'Se creo permiso del rol con identificador 1', 1),
	(1636, '2022-10-27 00:00:00', '21:30:25', 'c', 'l', '?/permisos/guardar', 'Se creo permiso del rol con identificador 1', 1),
	(1637, '2022-10-27 00:00:00', '21:30:25', 'c', 'l', '?/permisos/guardar', 'Se creo permiso del rol con identificador 1', 1),
	(1638, '2022-10-27 00:00:00', '21:30:25', 'c', 'l', '?/permisos/guardar', 'Se creo permiso del rol con identificador 1', 1),
	(1639, '2022-10-27 00:00:00', '21:30:25', 'c', 'l', '?/permisos/guardar', 'Se creo permiso del rol con identificador 1', 1),
	(1640, '2022-10-27 00:00:00', '21:30:25', 'c', 'l', '?/permisos/guardar', 'Se creo permiso del rol con identificador 1', 1),
	(1641, '2022-10-27 00:00:00', '21:30:25', 'c', 'l', '?/permisos/guardar', 'Se creo permiso del rol con identificador 1', 1),
	(1642, '2022-10-27 00:00:00', '21:30:25', 'c', 'l', '?/permisos/guardar', 'Se creo permiso del rol con identificador 1', 1),
	(1643, '2022-10-27 00:00:00', '21:30:25', 'c', 'l', '?/permisos/guardar', 'Se creo permiso del rol con identificador 1', 1),
	(1644, '2022-10-27 00:00:00', '21:30:25', 'c', 'l', '?/permisos/guardar', 'Se creo permiso del rol con identificador 1', 1),
	(1645, '2022-10-27 00:00:00', '21:30:25', 'c', 'l', '?/permisos/guardar', 'Se creo permiso del rol con identificador 1', 1),
	(1646, '2022-10-27 00:00:00', '21:30:25', 'c', 'l', '?/permisos/guardar', 'Se creo permiso del rol con identificador 1', 1),
	(1647, '2022-10-27 00:00:00', '21:30:25', 'c', 'l', '?/permisos/guardar', 'Se creo permiso del rol con identificador 1', 1),
	(1648, '2022-10-27 00:00:00', '21:30:25', 'c', 'l', '?/permisos/guardar', 'Se creo permiso del rol con identificador 1', 1),
	(1649, '2022-10-27 00:00:00', '21:30:25', 'c', 'l', '?/permisos/guardar', 'Se creo permiso del rol con identificador 1', 1),
	(1650, '2022-10-27 00:00:00', '21:30:25', 'c', 'l', '?/permisos/guardar', 'Se creo permiso del rol con identificador 1', 1),
	(1651, '2022-10-27 00:00:00', '21:30:25', 'c', 'l', '?/permisos/guardar', 'Se creo permiso del rol con identificador 1', 1),
	(1652, '2022-10-27 00:00:00', '21:30:25', 'c', 'l', '?/permisos/guardar', 'Se creo permiso del rol con identificador 1', 1),
	(1653, '2022-10-27 00:00:00', '21:30:25', 'c', 'l', '?/permisos/guardar', 'Se creo permiso del rol con identificador 1', 1),
	(1654, '2022-10-27 00:00:00', '21:30:25', 'c', 'l', '?/permisos/guardar', 'Se creo permiso del rol con identificador 1', 1),
	(1655, '2022-10-27 00:00:00', '21:30:25', 'c', 'l', '?/permisos/guardar', 'Se creo permiso del rol con identificador 1', 1),
	(1656, '2022-10-27 00:00:00', '21:30:25', 'c', 'l', '?/permisos/guardar', 'Se creo permiso del rol con identificador 1', 1),
	(1657, '2022-10-27 00:00:00', '21:30:25', 'c', 'l', '?/permisos/guardar', 'Se creo permiso del rol con identificador 1', 1),
	(1658, '2022-10-27 00:00:00', '21:30:25', 'c', 'l', '?/permisos/guardar', 'Se creo permiso del rol con identificador 1', 1),
	(1659, '2022-10-27 00:00:00', '21:30:25', 'c', 'l', '?/permisos/guardar', 'Se creo permiso del rol con identificador 1', 1),
	(1660, '2022-10-27 00:00:00', '21:30:25', 'c', 'l', '?/permisos/guardar', 'Se creo permiso del rol con identificador 1', 1),
	(1661, '2022-10-27 00:00:00', '21:30:25', 'c', 'l', '?/permisos/guardar', 'Se creo permiso del rol con identificador 1', 1),
	(1662, '2022-10-27 00:00:00', '21:30:25', 'c', 'l', '?/permisos/guardar', 'Se creo permiso del rol con identificador 1', 1),
	(1663, '2022-10-27 00:00:00', '21:30:25', 'c', 'l', '?/permisos/guardar', 'Se creo permiso del rol con identificador 1', 1),
	(1664, '2022-10-27 00:00:00', '21:30:25', 'c', 'l', '?/permisos/guardar', 'Se creo permiso del rol con identificador 1', 1),
	(1665, '2022-10-27 00:00:00', '21:30:25', 'c', 'l', '?/permisos/guardar', 'Se creo permiso del rol con identificador 1', 1),
	(1666, '2022-10-27 00:00:00', '21:30:25', 'c', 'l', '?/permisos/guardar', 'Se creo permiso del rol con identificador 1', 1),
	(1667, '2022-10-27 00:00:00', '21:30:25', 'c', 'l', '?/permisos/guardar', 'Se creo permiso del rol con identificador 1', 1),
	(1668, '2022-10-27 00:00:00', '21:30:25', 'c', 'l', '?/permisos/guardar', 'Se creo permiso del rol con identificador 1', 1),
	(1669, '2022-10-27 00:00:00', '21:30:25', 'c', 'l', '?/permisos/guardar', 'Se creo permiso del rol con identificador 1', 1),
	(1670, '2022-10-27 00:00:00', '21:30:25', 'c', 'l', '?/permisos/guardar', 'Se creo permiso del rol con identificador 1', 1),
	(1671, '2022-10-27 00:00:00', '21:30:25', 'c', 'l', '?/permisos/guardar', 'Se creo permiso del rol con identificador 1', 1),
	(1672, '2022-10-27 00:00:00', '21:30:25', 'c', 'l', '?/permisos/guardar', 'Se creo permiso del rol con identificador 1', 1),
	(1673, '2022-10-27 00:00:00', '21:30:25', 'c', 'l', '?/permisos/guardar', 'Se creo permiso del rol con identificador 1', 1),
	(1674, '2022-10-27 00:00:00', '21:30:25', 'c', 'l', '?/permisos/guardar', 'Se creo permiso del rol con identificador 1', 1),
	(1675, '2022-10-27 00:00:00', '21:30:25', 'c', 'l', '?/permisos/guardar', 'Se creo permiso del rol con identificador 1', 1),
	(1676, '2022-10-27 00:00:00', '21:30:25', 'c', 'l', '?/permisos/guardar', 'Se creo permiso del rol con identificador 1', 1),
	(1677, '2022-10-27 00:00:00', '21:30:25', 'c', 'l', '?/permisos/guardar', 'Se creo permiso del rol con identificador 1', 1),
	(1678, '2022-10-27 00:00:00', '21:30:25', 'c', 'l', '?/permisos/guardar', 'Se creo permiso del rol con identificador 1', 1),
	(1679, '2022-10-27 00:00:00', '21:30:25', 'c', 'l', '?/permisos/guardar', 'Se creo permiso del rol con identificador 1', 1),
	(1680, '2022-10-27 00:00:00', '21:30:25', 'c', 'l', '?/permisos/guardar', 'Se creo permiso del rol con identificador 1', 1),
	(1681, '2022-10-27 00:00:00', '21:30:25', 'c', 'l', '?/permisos/guardar', 'Se creo permiso del rol con identificador 1', 1),
	(1682, '2022-10-27 00:00:00', '21:30:25', 'c', 'l', '?/permisos/guardar', 'Se creo permiso del rol con identificador 1', 1),
	(1683, '2022-10-27 00:00:00', '21:30:25', 'c', 'l', '?/permisos/guardar', 'Se creo permiso del rol con identificador 1', 1),
	(1684, '2022-10-27 00:00:00', '21:30:25', 'c', 'l', '?/permisos/guardar', 'Se creo permiso del rol con identificador 1', 1),
	(1685, '2022-10-27 00:00:00', '21:30:25', 'c', 'l', '?/permisos/guardar', 'Se creo permiso del rol con identificador 1', 1),
	(1686, '2022-10-27 00:00:00', '21:30:25', 'c', 'l', '?/permisos/guardar', 'Se creo permiso del rol con identificador 1', 1),
	(1687, '2022-10-27 00:00:00', '21:30:25', 'c', 'l', '?/permisos/guardar', 'Se creo permiso del rol con identificador 1', 1),
	(1688, '2022-10-27 00:00:00', '21:30:25', 'c', 'l', '?/permisos/guardar', 'Se creo permiso del rol con identificador 1', 1),
	(1689, '2022-10-27 00:00:00', '21:30:25', 'c', 'l', '?/permisos/guardar', 'Se creo permiso del rol con identificador 1', 1),
	(1690, '2022-10-27 00:00:00', '21:30:25', 'c', 'l', '?/permisos/guardar', 'Se creo permiso del rol con identificador 1', 1),
	(1691, '2022-10-27 00:00:00', '21:30:25', 'c', 'l', '?/permisos/guardar', 'Se creo permiso del rol con identificador 1', 1),
	(1692, '2022-10-27 00:00:00', '21:30:25', 'c', 'l', '?/permisos/guardar', 'Se creo permiso del rol con identificador 1', 1),
	(1693, '2022-10-27 00:00:00', '21:30:25', 'c', 'l', '?/permisos/guardar', 'Se creo permiso del rol con identificador 1', 1),
	(1694, '2022-10-27 00:00:00', '21:30:25', 'c', 'l', '?/permisos/guardar', 'Se creo permiso del rol con identificador 1', 1),
	(1695, '2022-10-27 00:00:00', '21:30:25', 'c', 'l', '?/permisos/guardar', 'Se creo permiso del rol con identificador 1', 1),
	(1696, '2022-10-27 00:00:00', '21:30:25', 'c', 'l', '?/permisos/guardar', 'Se creo permiso del rol con identificador 1', 1),
	(1697, '2022-10-27 00:00:00', '21:30:25', 'c', 'l', '?/permisos/guardar', 'Se creo permiso del rol con identificador 1', 1),
	(1698, '2022-10-27 00:00:00', '21:30:25', 'c', 'l', '?/permisos/guardar', 'Se creo permiso del rol con identificador 1', 1),
	(1699, '2022-10-27 00:00:00', '21:35:05', 'c', 'l', '?/empleados/guardar', 'Se creo almacen con identificador numero 129', 1),
	(1700, '2022-10-27 00:00:00', '21:37:24', 'c', 'l', '?/usuarios/guardar', 'Se creó usuario con identificador numero 104', 1),
	(1701, '2022-10-27 00:00:00', '21:46:16', 'c', 'l', '?/permisos/guardar', 'Se creo permiso del rol con identificador 1', 1),
	(1702, '2022-10-27 00:00:00', '21:46:16', 'c', 'l', '?/permisos/guardar', 'Se creo permiso del rol con identificador 1', 1),
	(1703, '2022-10-27 00:00:00', '21:46:16', 'c', 'l', '?/permisos/guardar', 'Se creo permiso del rol con identificador 1', 1),
	(1704, '2022-10-27 00:00:00', '21:46:16', 'c', 'l', '?/permisos/guardar', 'Se creo permiso del rol con identificador 1', 1),
	(1705, '2022-10-27 00:00:00', '21:46:16', 'c', 'l', '?/permisos/guardar', 'Se creo permiso del rol con identificador 1', 1),
	(1706, '2022-10-27 00:00:00', '21:46:16', 'c', 'l', '?/permisos/guardar', 'Se creo permiso del rol con identificador 1', 1),
	(1707, '2022-10-27 00:00:00', '21:46:16', 'c', 'l', '?/permisos/guardar', 'Se creo permiso del rol con identificador 1', 1),
	(1708, '2022-10-27 00:00:00', '21:46:16', 'c', 'l', '?/permisos/guardar', 'Se creo permiso del rol con identificador 1', 1),
	(1709, '2022-10-27 00:00:00', '21:46:16', 'c', 'l', '?/permisos/guardar', 'Se creo permiso del rol con identificador 1', 1),
	(1710, '2022-10-27 00:00:00', '21:46:16', 'c', 'l', '?/permisos/guardar', 'Se creo permiso del rol con identificador 1', 1),
	(1711, '2022-10-27 00:00:00', '21:46:16', 'c', 'l', '?/permisos/guardar', 'Se creo permiso del rol con identificador 1', 1),
	(1712, '2022-10-27 00:00:00', '21:46:16', 'c', 'l', '?/permisos/guardar', 'Se creo permiso del rol con identificador 1', 1),
	(1713, '2022-10-27 00:00:00', '21:46:16', 'c', 'l', '?/permisos/guardar', 'Se creo permiso del rol con identificador 1', 1),
	(1714, '2022-10-27 00:00:00', '21:46:16', 'c', 'l', '?/permisos/guardar', 'Se creo permiso del rol con identificador 1', 1),
	(1715, '2022-10-27 00:00:00', '21:46:16', 'c', 'l', '?/permisos/guardar', 'Se creo permiso del rol con identificador 1', 1),
	(1716, '2022-10-27 00:00:00', '21:46:16', 'c', 'l', '?/permisos/guardar', 'Se creo permiso del rol con identificador 1', 1),
	(1717, '2022-10-27 00:00:00', '21:46:16', 'c', 'l', '?/permisos/guardar', 'Se creo permiso del rol con identificador 1', 1),
	(1718, '2022-10-27 00:00:00', '21:46:16', 'c', 'l', '?/permisos/guardar', 'Se creo permiso del rol con identificador 1', 1),
	(1719, '2022-10-27 00:00:00', '21:46:16', 'c', 'l', '?/permisos/guardar', 'Se creo permiso del rol con identificador 1', 1),
	(1720, '2022-10-27 00:00:00', '21:46:16', 'c', 'l', '?/permisos/guardar', 'Se creo permiso del rol con identificador 1', 1),
	(1721, '2022-10-27 00:00:00', '21:46:16', 'c', 'l', '?/permisos/guardar', 'Se creo permiso del rol con identificador 1', 1),
	(1722, '2022-10-27 00:00:00', '21:46:16', 'c', 'l', '?/permisos/guardar', 'Se creo permiso del rol con identificador 1', 1),
	(1723, '2022-10-27 00:00:00', '21:46:16', 'c', 'l', '?/permisos/guardar', 'Se creo permiso del rol con identificador 1', 1),
	(1724, '2022-10-27 00:00:00', '21:46:16', 'c', 'l', '?/permisos/guardar', 'Se creo permiso del rol con identificador 1', 1),
	(1725, '2022-10-27 00:00:00', '21:46:16', 'c', 'l', '?/permisos/guardar', 'Se creo permiso del rol con identificador 1', 1),
	(1726, '2022-10-27 00:00:00', '21:46:16', 'c', 'l', '?/permisos/guardar', 'Se creo permiso del rol con identificador 1', 1),
	(1727, '2022-10-27 00:00:00', '21:46:16', 'c', 'l', '?/permisos/guardar', 'Se creo permiso del rol con identificador 1', 1),
	(1728, '2022-10-27 00:00:00', '21:46:16', 'c', 'l', '?/permisos/guardar', 'Se creo permiso del rol con identificador 1', 1),
	(1729, '2022-10-27 00:00:00', '21:46:16', 'c', 'l', '?/permisos/guardar', 'Se creo permiso del rol con identificador 1', 1),
	(1730, '2022-10-27 00:00:00', '21:46:16', 'c', 'l', '?/permisos/guardar', 'Se creo permiso del rol con identificador 1', 1),
	(1731, '2022-10-27 00:00:00', '21:46:16', 'c', 'l', '?/permisos/guardar', 'Se creo permiso del rol con identificador 1', 1),
	(1732, '2022-10-27 00:00:00', '21:46:16', 'c', 'l', '?/permisos/guardar', 'Se creo permiso del rol con identificador 1', 1),
	(1733, '2022-10-27 00:00:00', '21:46:16', 'c', 'l', '?/permisos/guardar', 'Se creo permiso del rol con identificador 1', 1),
	(1734, '2022-10-27 00:00:00', '21:46:16', 'c', 'l', '?/permisos/guardar', 'Se creo permiso del rol con identificador 1', 1),
	(1735, '2022-10-27 00:00:00', '21:46:16', 'c', 'l', '?/permisos/guardar', 'Se creo permiso del rol con identificador 1', 1),
	(1736, '2022-10-27 00:00:00', '21:46:16', 'c', 'l', '?/permisos/guardar', 'Se creo permiso del rol con identificador 1', 1),
	(1737, '2022-10-27 00:00:00', '21:46:16', 'c', 'l', '?/permisos/guardar', 'Se creo permiso del rol con identificador 1', 1),
	(1738, '2022-10-27 00:00:00', '21:46:16', 'c', 'l', '?/permisos/guardar', 'Se creo permiso del rol con identificador 1', 1),
	(1739, '2022-10-27 00:00:00', '21:46:16', 'c', 'l', '?/permisos/guardar', 'Se creo permiso del rol con identificador 1', 1),
	(1740, '2022-10-27 00:00:00', '21:46:16', 'c', 'l', '?/permisos/guardar', 'Se creo permiso del rol con identificador 1', 1),
	(1741, '2022-10-27 00:00:00', '21:46:16', 'c', 'l', '?/permisos/guardar', 'Se creo permiso del rol con identificador 1', 1),
	(1742, '2022-10-27 00:00:00', '21:46:16', 'c', 'l', '?/permisos/guardar', 'Se creo permiso del rol con identificador 1', 1),
	(1743, '2022-10-27 00:00:00', '21:46:16', 'c', 'l', '?/permisos/guardar', 'Se creo permiso del rol con identificador 1', 1),
	(1744, '2022-10-27 00:00:00', '21:46:16', 'c', 'l', '?/permisos/guardar', 'Se creo permiso del rol con identificador 1', 1),
	(1745, '2022-10-27 00:00:00', '21:46:16', 'c', 'l', '?/permisos/guardar', 'Se creo permiso del rol con identificador 1', 1),
	(1746, '2022-10-27 00:00:00', '21:46:16', 'c', 'l', '?/permisos/guardar', 'Se creo permiso del rol con identificador 1', 1),
	(1747, '2022-10-27 00:00:00', '21:46:16', 'c', 'l', '?/permisos/guardar', 'Se creo permiso del rol con identificador 1', 1),
	(1748, '2022-10-27 00:00:00', '21:46:16', 'c', 'l', '?/permisos/guardar', 'Se creo permiso del rol con identificador 1', 1),
	(1749, '2022-10-27 00:00:00', '21:46:16', 'c', 'l', '?/permisos/guardar', 'Se creo permiso del rol con identificador 1', 1),
	(1750, '2022-10-27 00:00:00', '21:46:16', 'c', 'l', '?/permisos/guardar', 'Se creo permiso del rol con identificador 1', 1),
	(1751, '2022-10-27 00:00:00', '21:46:16', 'c', 'l', '?/permisos/guardar', 'Se creo permiso del rol con identificador 1', 1),
	(1752, '2022-10-27 00:00:00', '21:46:16', 'c', 'l', '?/permisos/guardar', 'Se creo permiso del rol con identificador 1', 1),
	(1753, '2022-10-27 00:00:00', '21:46:16', 'c', 'l', '?/permisos/guardar', 'Se creo permiso del rol con identificador 1', 1),
	(1754, '2022-10-27 00:00:00', '21:46:16', 'c', 'l', '?/permisos/guardar', 'Se creo permiso del rol con identificador 1', 1),
	(1755, '2022-10-27 00:00:00', '21:46:16', 'c', 'l', '?/permisos/guardar', 'Se creo permiso del rol con identificador 1', 1),
	(1756, '2022-10-27 00:00:00', '21:46:16', 'c', 'l', '?/permisos/guardar', 'Se creo permiso del rol con identificador 1', 1),
	(1757, '2022-10-27 00:00:00', '21:46:16', 'c', 'l', '?/permisos/guardar', 'Se creo permiso del rol con identificador 1', 1),
	(1758, '2022-10-27 00:00:00', '21:46:16', 'c', 'l', '?/permisos/guardar', 'Se creo permiso del rol con identificador 1', 1),
	(1759, '2022-10-27 00:00:00', '21:46:16', 'c', 'l', '?/permisos/guardar', 'Se creo permiso del rol con identificador 1', 1),
	(1760, '2022-10-27 00:00:00', '21:46:16', 'c', 'l', '?/permisos/guardar', 'Se creo permiso del rol con identificador 1', 1),
	(1761, '2022-10-27 00:00:00', '21:46:16', 'c', 'l', '?/permisos/guardar', 'Se creo permiso del rol con identificador 1', 1),
	(1762, '2022-10-27 00:00:00', '21:46:16', 'c', 'l', '?/permisos/guardar', 'Se creo permiso del rol con identificador 1', 1),
	(1763, '2022-10-27 00:00:00', '21:46:16', 'c', 'l', '?/permisos/guardar', 'Se creo permiso del rol con identificador 1', 1),
	(1764, '2022-10-27 00:00:00', '21:46:16', 'c', 'l', '?/permisos/guardar', 'Se creo permiso del rol con identificador 1', 1),
	(1765, '2022-10-27 00:00:00', '21:46:16', 'c', 'l', '?/permisos/guardar', 'Se creo permiso del rol con identificador 1', 1),
	(1766, '2022-10-27 00:00:00', '21:46:16', 'c', 'l', '?/permisos/guardar', 'Se creo permiso del rol con identificador 1', 1),
	(1767, '2022-10-27 00:00:00', '21:46:16', 'c', 'l', '?/permisos/guardar', 'Se creo permiso del rol con identificador 1', 1),
	(1768, '2022-10-27 00:00:00', '21:46:16', 'c', 'l', '?/permisos/guardar', 'Se creo permiso del rol con identificador 1', 1),
	(1769, '2022-10-27 00:00:00', '21:46:16', 'c', 'l', '?/permisos/guardar', 'Se creo permiso del rol con identificador 1', 1),
	(1770, '2022-10-27 00:00:00', '21:46:16', 'c', 'l', '?/permisos/guardar', 'Se creo permiso del rol con identificador 1', 1),
	(1771, '2022-10-27 00:00:00', '21:46:16', 'c', 'l', '?/permisos/guardar', 'Se creo permiso del rol con identificador 1', 1),
	(1772, '2022-10-27 00:00:00', '21:46:16', 'c', 'l', '?/permisos/guardar', 'Se creo permiso del rol con identificador 1', 1),
	(1773, '2022-10-27 00:00:00', '21:46:16', 'c', 'l', '?/permisos/guardar', 'Se creo permiso del rol con identificador 1', 1),
	(1774, '2022-10-27 00:00:00', '21:46:16', 'c', 'l', '?/permisos/guardar', 'Se creo permiso del rol con identificador 1', 1),
	(1775, '2022-10-27 00:00:00', '21:46:16', 'c', 'l', '?/permisos/guardar', 'Se creo permiso del rol con identificador 1', 1),
	(1776, '2022-10-27 00:00:00', '21:46:16', 'c', 'l', '?/permisos/guardar', 'Se creo permiso del rol con identificador 1', 1),
	(1777, '2022-10-27 00:00:00', '21:46:16', 'c', 'l', '?/permisos/guardar', 'Se creo permiso del rol con identificador 1', 1),
	(1778, '2022-10-27 00:00:00', '21:46:16', 'c', 'l', '?/permisos/guardar', 'Se creo permiso del rol con identificador 1', 1),
	(1779, '2022-10-27 00:00:00', '21:46:16', 'c', 'l', '?/permisos/guardar', 'Se creo permiso del rol con identificador 1', 1),
	(1780, '2022-10-27 00:00:00', '21:46:16', 'c', 'l', '?/permisos/guardar', 'Se creo permiso del rol con identificador 1', 1),
	(1781, '2022-10-27 00:00:00', '21:46:16', 'c', 'l', '?/permisos/guardar', 'Se creo permiso del rol con identificador 1', 1),
	(1782, '2022-10-27 00:00:00', '21:46:16', 'c', 'l', '?/permisos/guardar', 'Se creo permiso del rol con identificador 1', 1),
	(1783, '2022-10-27 00:00:00', '21:46:16', 'c', 'l', '?/permisos/guardar', 'Se creo permiso del rol con identificador 1', 1),
	(1784, '2022-10-27 00:00:00', '21:46:16', 'c', 'l', '?/permisos/guardar', 'Se creo permiso del rol con identificador 1', 1),
	(1785, '2022-10-27 00:00:00', '21:46:16', 'c', 'l', '?/permisos/guardar', 'Se creo permiso del rol con identificador 1', 1),
	(1786, '2022-10-27 00:00:00', '21:46:16', 'c', 'l', '?/permisos/guardar', 'Se creo permiso del rol con identificador 1', 1),
	(1787, '2022-10-27 00:00:00', '21:46:16', 'c', 'l', '?/permisos/guardar', 'Se creo permiso del rol con identificador 1', 1),
	(1788, '2022-10-27 00:00:00', '21:46:16', 'c', 'l', '?/permisos/guardar', 'Se creo permiso del rol con identificador 1', 1),
	(1789, '2022-10-27 00:00:00', '21:46:16', 'c', 'l', '?/permisos/guardar', 'Se creo permiso del rol con identificador 1', 1),
	(1790, '2022-10-27 00:00:00', '21:46:16', 'c', 'l', '?/permisos/guardar', 'Se creo permiso del rol con identificador 1', 1),
	(1791, '2022-10-27 00:00:00', '21:46:16', 'c', 'l', '?/permisos/guardar', 'Se creo permiso del rol con identificador 1', 1),
	(1792, '2022-10-27 00:00:00', '21:46:16', 'c', 'l', '?/permisos/guardar', 'Se creo permiso del rol con identificador 1', 1),
	(1793, '2022-10-27 00:00:00', '22:00:29', 'c', 'l', '?/clientes/guardar_tipo', 'Se inserto tipo cliente con identificador numero 22', 1),
	(1794, '2022-10-27 00:00:00', '22:02:25', 'c', 'l', '?/clientes/guardar_credito', 'Se actualizó cliente con identificador numero 4998', 1),
	(1795, '2022-10-27 00:00:00', '22:06:23', 'c', 'l', '?/prioridades/guardar_motivo', 'Se guardo motivo con identificador numero 28', 1),
	(1796, '2022-10-27 00:00:00', '22:06:46', 'c', 'l', '?/prioridades/guardar_motivo', 'Se guardo motivo con identificador numero 29', 1),
	(1797, '2022-10-27 00:00:00', '22:09:21', 'c', 'l', '?/control/guardar', 'Se creó ruta con identificador numero ', 1),
	(1798, '2022-10-27 00:00:00', '22:09:45', 'u', 'l', '?/control/asignar', 'Se actualizo rutas de empleado con identificador número 1', 1),
	(1799, '2022-10-27 00:00:00', '22:09:45', 'u', 'l', '?/control/asignar', 'Se actualizo historial de asignacion con identificador número ', 1),
	(1800, '2022-10-27 00:00:00', '22:09:45', 'c', 'l', '?/control/asignar', 'Se creó historial asignacion con identificador número 13', 1),
	(1801, '2022-10-27 00:00:00', '22:10:06', 'u', 'l', '?/control/asignar_dia', 'Se actualizo ruta con identificador número 180', 1),
	(1802, '2022-10-27 00:00:00', '22:19:43', 'c', 'l', '?/productos/guardar', 'Se inserto el producto con identificador numero 1', 1),
	(1803, '2022-10-27 00:00:00', '22:26:53', 'c', 'l', '?/productos/guardar', 'Se inserto el producto con identificador numero 2', 1),
	(1804, '2022-10-27 00:00:00', '22:28:09', 'c', 'l', '?/productos/asignar', 'Se creó asignacion con identificador número 1', 1),
	(1805, '2022-10-27 00:00:00', '22:28:09', 'c', 'l', '?/productos/asignar', 'Se creó precio con identificador número 499', 1),
	(1806, '2022-10-27 00:00:00', '22:29:22', 'c', 'l', '?/ingresos/guardar', 'Se creo ingreso con identificador numero 1', 1),
	(1807, '2022-10-27 00:00:00', '22:29:22', 'c', 'l', '?/ingresos/guardar', 'Se creo ingreso detalle con identificador numero 1', 1),
	(1808, '2022-10-27 00:00:00', '22:32:15', 'c', 'l', '?/ingresos/guardar', 'Se creo ingreso con identificador numero 1', 1),
	(1809, '2022-10-27 00:00:00', '22:32:15', 'c', 'l', '?/ingresos/guardar', 'Se creo ingreso detalle con identificador numero 1', 1),
	(1810, '2022-10-27 00:00:00', '22:32:15', 'c', 'l', '?/ingresos/guardar', 'Se creo ingreso detalle con identificador numero 2', 1),
	(1811, '2022-10-29 00:00:00', '17:29:57', 'c', 'l', '?/permisos/guardar', 'Se creo permiso del rol con identificador 1', 1),
	(1812, '2022-10-29 00:00:00', '17:29:57', 'c', 'l', '?/permisos/guardar', 'Se creo permiso del rol con identificador 1', 1),
	(1813, '2022-10-29 00:00:00', '17:29:57', 'c', 'l', '?/permisos/guardar', 'Se creo permiso del rol con identificador 1', 1),
	(1814, '2022-10-29 00:00:00', '17:29:57', 'c', 'l', '?/permisos/guardar', 'Se creo permiso del rol con identificador 1', 1),
	(1815, '2022-10-29 00:00:00', '17:29:57', 'c', 'l', '?/permisos/guardar', 'Se creo permiso del rol con identificador 1', 1),
	(1816, '2022-10-29 00:00:00', '17:29:57', 'c', 'l', '?/permisos/guardar', 'Se creo permiso del rol con identificador 1', 1),
	(1817, '2022-10-29 00:00:00', '17:29:57', 'c', 'l', '?/permisos/guardar', 'Se creo permiso del rol con identificador 1', 1),
	(1818, '2022-10-29 00:00:00', '17:29:57', 'c', 'l', '?/permisos/guardar', 'Se creo permiso del rol con identificador 1', 1),
	(1819, '2022-10-29 00:00:00', '17:29:57', 'c', 'l', '?/permisos/guardar', 'Se creo permiso del rol con identificador 1', 1),
	(1820, '2022-10-29 00:00:00', '17:29:57', 'c', 'l', '?/permisos/guardar', 'Se creo permiso del rol con identificador 1', 1),
	(1821, '2022-10-29 00:00:00', '17:29:57', 'c', 'l', '?/permisos/guardar', 'Se creo permiso del rol con identificador 1', 1),
	(1822, '2022-10-29 00:00:00', '17:29:57', 'c', 'l', '?/permisos/guardar', 'Se creo permiso del rol con identificador 1', 1),
	(1823, '2022-10-29 00:00:00', '17:29:57', 'c', 'l', '?/permisos/guardar', 'Se creo permiso del rol con identificador 1', 1),
	(1824, '2022-10-29 00:00:00', '17:29:57', 'c', 'l', '?/permisos/guardar', 'Se creo permiso del rol con identificador 1', 1),
	(1825, '2022-10-29 00:00:00', '17:29:57', 'c', 'l', '?/permisos/guardar', 'Se creo permiso del rol con identificador 1', 1),
	(1826, '2022-10-29 00:00:00', '17:29:57', 'c', 'l', '?/permisos/guardar', 'Se creo permiso del rol con identificador 1', 1),
	(1827, '2022-10-29 00:00:00', '17:29:57', 'c', 'l', '?/permisos/guardar', 'Se creo permiso del rol con identificador 1', 1),
	(1828, '2022-10-29 00:00:00', '17:29:57', 'c', 'l', '?/permisos/guardar', 'Se creo permiso del rol con identificador 1', 1),
	(1829, '2022-10-29 00:00:00', '17:29:57', 'c', 'l', '?/permisos/guardar', 'Se creo permiso del rol con identificador 1', 1),
	(1830, '2022-10-29 00:00:00', '17:29:57', 'c', 'l', '?/permisos/guardar', 'Se creo permiso del rol con identificador 1', 1),
	(1831, '2022-10-29 00:00:00', '17:29:57', 'c', 'l', '?/permisos/guardar', 'Se creo permiso del rol con identificador 1', 1),
	(1832, '2022-10-29 00:00:00', '17:29:57', 'c', 'l', '?/permisos/guardar', 'Se creo permiso del rol con identificador 1', 1),
	(1833, '2022-10-29 00:00:00', '17:29:57', 'c', 'l', '?/permisos/guardar', 'Se creo permiso del rol con identificador 1', 1),
	(1834, '2022-10-29 00:00:00', '17:29:57', 'c', 'l', '?/permisos/guardar', 'Se creo permiso del rol con identificador 1', 1),
	(1835, '2022-10-29 00:00:00', '17:29:57', 'c', 'l', '?/permisos/guardar', 'Se creo permiso del rol con identificador 1', 1),
	(1836, '2022-10-29 00:00:00', '17:29:57', 'c', 'l', '?/permisos/guardar', 'Se creo permiso del rol con identificador 1', 1),
	(1837, '2022-10-29 00:00:00', '17:29:57', 'c', 'l', '?/permisos/guardar', 'Se creo permiso del rol con identificador 1', 1),
	(1838, '2022-10-29 00:00:00', '17:29:57', 'c', 'l', '?/permisos/guardar', 'Se creo permiso del rol con identificador 1', 1),
	(1839, '2022-10-29 00:00:00', '17:29:57', 'c', 'l', '?/permisos/guardar', 'Se creo permiso del rol con identificador 1', 1),
	(1840, '2022-10-29 00:00:00', '17:29:57', 'c', 'l', '?/permisos/guardar', 'Se creo permiso del rol con identificador 1', 1),
	(1841, '2022-10-29 00:00:00', '17:29:57', 'c', 'l', '?/permisos/guardar', 'Se creo permiso del rol con identificador 1', 1),
	(1842, '2022-10-29 00:00:00', '17:29:57', 'c', 'l', '?/permisos/guardar', 'Se creo permiso del rol con identificador 1', 1),
	(1843, '2022-10-29 00:00:00', '17:29:57', 'c', 'l', '?/permisos/guardar', 'Se creo permiso del rol con identificador 1', 1),
	(1844, '2022-10-29 00:00:00', '17:29:57', 'c', 'l', '?/permisos/guardar', 'Se creo permiso del rol con identificador 1', 1),
	(1845, '2022-10-29 00:00:00', '17:29:57', 'c', 'l', '?/permisos/guardar', 'Se creo permiso del rol con identificador 1', 1),
	(1846, '2022-10-29 00:00:00', '17:29:57', 'c', 'l', '?/permisos/guardar', 'Se creo permiso del rol con identificador 1', 1),
	(1847, '2022-10-29 00:00:00', '17:29:57', 'c', 'l', '?/permisos/guardar', 'Se creo permiso del rol con identificador 1', 1),
	(1848, '2022-10-29 00:00:00', '17:29:57', 'c', 'l', '?/permisos/guardar', 'Se creo permiso del rol con identificador 1', 1),
	(1849, '2022-10-29 00:00:00', '17:29:57', 'c', 'l', '?/permisos/guardar', 'Se creo permiso del rol con identificador 1', 1),
	(1850, '2022-10-29 00:00:00', '17:29:57', 'c', 'l', '?/permisos/guardar', 'Se creo permiso del rol con identificador 1', 1),
	(1851, '2022-10-29 00:00:00', '17:29:57', 'c', 'l', '?/permisos/guardar', 'Se creo permiso del rol con identificador 1', 1),
	(1852, '2022-10-29 00:00:00', '17:29:57', 'c', 'l', '?/permisos/guardar', 'Se creo permiso del rol con identificador 1', 1),
	(1853, '2022-10-29 00:00:00', '17:29:57', 'c', 'l', '?/permisos/guardar', 'Se creo permiso del rol con identificador 1', 1),
	(1854, '2022-10-29 00:00:00', '17:29:57', 'c', 'l', '?/permisos/guardar', 'Se creo permiso del rol con identificador 1', 1),
	(1855, '2022-10-29 00:00:00', '17:29:57', 'c', 'l', '?/permisos/guardar', 'Se creo permiso del rol con identificador 1', 1),
	(1856, '2022-10-29 00:00:00', '17:29:57', 'c', 'l', '?/permisos/guardar', 'Se creo permiso del rol con identificador 1', 1),
	(1857, '2022-10-29 00:00:00', '17:29:57', 'c', 'l', '?/permisos/guardar', 'Se creo permiso del rol con identificador 1', 1),
	(1858, '2022-10-29 00:00:00', '17:29:57', 'c', 'l', '?/permisos/guardar', 'Se creo permiso del rol con identificador 1', 1),
	(1859, '2022-10-29 00:00:00', '17:29:57', 'c', 'l', '?/permisos/guardar', 'Se creo permiso del rol con identificador 1', 1),
	(1860, '2022-10-29 00:00:00', '17:29:57', 'c', 'l', '?/permisos/guardar', 'Se creo permiso del rol con identificador 1', 1),
	(1861, '2022-10-29 00:00:00', '17:29:57', 'c', 'l', '?/permisos/guardar', 'Se creo permiso del rol con identificador 1', 1),
	(1862, '2022-10-29 00:00:00', '17:29:57', 'c', 'l', '?/permisos/guardar', 'Se creo permiso del rol con identificador 1', 1),
	(1863, '2022-10-29 00:00:00', '17:29:57', 'c', 'l', '?/permisos/guardar', 'Se creo permiso del rol con identificador 1', 1),
	(1864, '2022-10-29 00:00:00', '17:29:57', 'c', 'l', '?/permisos/guardar', 'Se creo permiso del rol con identificador 1', 1),
	(1865, '2022-10-29 00:00:00', '17:29:57', 'c', 'l', '?/permisos/guardar', 'Se creo permiso del rol con identificador 1', 1),
	(1866, '2022-10-29 00:00:00', '17:29:57', 'c', 'l', '?/permisos/guardar', 'Se creo permiso del rol con identificador 1', 1),
	(1867, '2022-10-29 00:00:00', '17:29:57', 'c', 'l', '?/permisos/guardar', 'Se creo permiso del rol con identificador 1', 1),
	(1868, '2022-10-29 00:00:00', '17:29:57', 'c', 'l', '?/permisos/guardar', 'Se creo permiso del rol con identificador 1', 1),
	(1869, '2022-10-29 00:00:00', '17:29:57', 'c', 'l', '?/permisos/guardar', 'Se creo permiso del rol con identificador 1', 1),
	(1870, '2022-10-29 00:00:00', '17:29:57', 'c', 'l', '?/permisos/guardar', 'Se creo permiso del rol con identificador 1', 1),
	(1871, '2022-10-29 00:00:00', '17:29:57', 'c', 'l', '?/permisos/guardar', 'Se creo permiso del rol con identificador 1', 1),
	(1872, '2022-10-29 00:00:00', '17:29:57', 'c', 'l', '?/permisos/guardar', 'Se creo permiso del rol con identificador 1', 1),
	(1873, '2022-10-29 00:00:00', '17:29:57', 'c', 'l', '?/permisos/guardar', 'Se creo permiso del rol con identificador 1', 1),
	(1874, '2022-10-29 00:00:00', '17:29:57', 'c', 'l', '?/permisos/guardar', 'Se creo permiso del rol con identificador 1', 1),
	(1875, '2022-10-29 00:00:00', '17:29:57', 'c', 'l', '?/permisos/guardar', 'Se creo permiso del rol con identificador 1', 1),
	(1876, '2022-10-29 00:00:00', '17:29:57', 'c', 'l', '?/permisos/guardar', 'Se creo permiso del rol con identificador 1', 1),
	(1877, '2022-10-29 00:00:00', '17:29:57', 'c', 'l', '?/permisos/guardar', 'Se creo permiso del rol con identificador 1', 1),
	(1878, '2022-10-29 00:00:00', '17:29:57', 'c', 'l', '?/permisos/guardar', 'Se creo permiso del rol con identificador 1', 1),
	(1879, '2022-10-29 00:00:00', '17:29:57', 'c', 'l', '?/permisos/guardar', 'Se creo permiso del rol con identificador 1', 1),
	(1880, '2022-10-29 00:00:00', '17:29:57', 'c', 'l', '?/permisos/guardar', 'Se creo permiso del rol con identificador 1', 1),
	(1881, '2022-10-29 00:00:00', '17:29:57', 'c', 'l', '?/permisos/guardar', 'Se creo permiso del rol con identificador 1', 1),
	(1882, '2022-10-29 00:00:00', '17:29:57', 'c', 'l', '?/permisos/guardar', 'Se creo permiso del rol con identificador 1', 1),
	(1883, '2022-10-29 00:00:00', '17:29:57', 'c', 'l', '?/permisos/guardar', 'Se creo permiso del rol con identificador 1', 1),
	(1884, '2022-10-29 00:00:00', '17:29:57', 'c', 'l', '?/permisos/guardar', 'Se creo permiso del rol con identificador 1', 1),
	(1885, '2022-10-29 00:00:00', '17:29:57', 'c', 'l', '?/permisos/guardar', 'Se creo permiso del rol con identificador 1', 1),
	(1886, '2022-10-29 00:00:00', '17:29:57', 'c', 'l', '?/permisos/guardar', 'Se creo permiso del rol con identificador 1', 1),
	(1887, '2022-10-29 00:00:00', '17:29:57', 'c', 'l', '?/permisos/guardar', 'Se creo permiso del rol con identificador 1', 1),
	(1888, '2022-10-29 00:00:00', '17:29:57', 'c', 'l', '?/permisos/guardar', 'Se creo permiso del rol con identificador 1', 1),
	(1889, '2022-10-29 00:00:00', '17:29:57', 'c', 'l', '?/permisos/guardar', 'Se creo permiso del rol con identificador 1', 1),
	(1890, '2022-10-29 00:00:00', '17:29:57', 'c', 'l', '?/permisos/guardar', 'Se creo permiso del rol con identificador 1', 1),
	(1891, '2022-10-29 00:00:00', '17:29:57', 'c', 'l', '?/permisos/guardar', 'Se creo permiso del rol con identificador 1', 1),
	(1892, '2022-10-29 00:00:00', '17:29:57', 'c', 'l', '?/permisos/guardar', 'Se creo permiso del rol con identificador 1', 1),
	(1893, '2022-10-29 00:00:00', '17:29:57', 'c', 'l', '?/permisos/guardar', 'Se creo permiso del rol con identificador 1', 1),
	(1894, '2022-10-29 00:00:00', '17:29:57', 'c', 'l', '?/permisos/guardar', 'Se creo permiso del rol con identificador 1', 1),
	(1895, '2022-10-29 00:00:00', '17:29:57', 'c', 'l', '?/permisos/guardar', 'Se creo permiso del rol con identificador 1', 1),
	(1896, '2022-10-29 00:00:00', '17:29:57', 'c', 'l', '?/permisos/guardar', 'Se creo permiso del rol con identificador 1', 1),
	(1897, '2022-10-29 00:00:00', '17:29:57', 'c', 'l', '?/permisos/guardar', 'Se creo permiso del rol con identificador 1', 1),
	(1898, '2022-10-29 00:00:00', '17:29:57', 'c', 'l', '?/permisos/guardar', 'Se creo permiso del rol con identificador 1', 1),
	(1899, '2022-10-29 00:00:00', '17:29:57', 'c', 'l', '?/permisos/guardar', 'Se creo permiso del rol con identificador 1', 1),
	(1900, '2022-10-29 00:00:00', '17:29:57', 'c', 'l', '?/permisos/guardar', 'Se creo permiso del rol con identificador 1', 1),
	(1901, '2022-10-29 00:00:00', '17:29:57', 'c', 'l', '?/permisos/guardar', 'Se creo permiso del rol con identificador 1', 1),
	(1902, '2022-10-29 00:00:00', '17:29:57', 'c', 'l', '?/permisos/guardar', 'Se creo permiso del rol con identificador 1', 1),
	(1903, '2022-10-29 00:00:00', '17:29:57', 'c', 'l', '?/permisos/guardar', 'Se creo permiso del rol con identificador 1', 1),
	(1904, '2022-11-01 00:00:00', '09:56:07', 'c', 'l', '?/permisos/guardar', 'Se creo permiso del rol con identificador 1', 1),
	(1905, '2022-11-01 00:00:00', '09:56:07', 'c', 'l', '?/permisos/guardar', 'Se creo permiso del rol con identificador 1', 1),
	(1906, '2022-11-01 00:00:00', '09:56:07', 'c', 'l', '?/permisos/guardar', 'Se creo permiso del rol con identificador 1', 1),
	(1907, '2022-11-01 00:00:00', '09:56:07', 'c', 'l', '?/permisos/guardar', 'Se creo permiso del rol con identificador 1', 1),
	(1908, '2022-11-01 00:00:00', '09:56:07', 'c', 'l', '?/permisos/guardar', 'Se creo permiso del rol con identificador 1', 1),
	(1909, '2022-11-01 00:00:00', '09:56:07', 'c', 'l', '?/permisos/guardar', 'Se creo permiso del rol con identificador 1', 1),
	(1910, '2022-11-01 00:00:00', '09:56:07', 'c', 'l', '?/permisos/guardar', 'Se creo permiso del rol con identificador 1', 1),
	(1911, '2022-11-01 00:00:00', '09:56:07', 'c', 'l', '?/permisos/guardar', 'Se creo permiso del rol con identificador 1', 1),
	(1912, '2022-11-01 00:00:00', '09:56:07', 'c', 'l', '?/permisos/guardar', 'Se creo permiso del rol con identificador 1', 1),
	(1913, '2022-11-01 00:00:00', '09:56:07', 'c', 'l', '?/permisos/guardar', 'Se creo permiso del rol con identificador 1', 1),
	(1914, '2022-11-01 00:00:00', '09:56:07', 'c', 'l', '?/permisos/guardar', 'Se creo permiso del rol con identificador 1', 1),
	(1915, '2022-11-01 00:00:00', '09:56:07', 'c', 'l', '?/permisos/guardar', 'Se creo permiso del rol con identificador 1', 1),
	(1916, '2022-11-01 00:00:00', '09:56:07', 'c', 'l', '?/permisos/guardar', 'Se creo permiso del rol con identificador 1', 1),
	(1917, '2022-11-01 00:00:00', '09:56:07', 'c', 'l', '?/permisos/guardar', 'Se creo permiso del rol con identificador 1', 1),
	(1918, '2022-11-01 00:00:00', '09:56:07', 'c', 'l', '?/permisos/guardar', 'Se creo permiso del rol con identificador 1', 1),
	(1919, '2022-11-01 00:00:00', '09:56:07', 'c', 'l', '?/permisos/guardar', 'Se creo permiso del rol con identificador 1', 1),
	(1920, '2022-11-01 00:00:00', '09:56:07', 'c', 'l', '?/permisos/guardar', 'Se creo permiso del rol con identificador 1', 1),
	(1921, '2022-11-01 00:00:00', '09:56:07', 'c', 'l', '?/permisos/guardar', 'Se creo permiso del rol con identificador 1', 1),
	(1922, '2022-11-01 00:00:00', '09:56:07', 'c', 'l', '?/permisos/guardar', 'Se creo permiso del rol con identificador 1', 1),
	(1923, '2022-11-01 00:00:00', '09:56:07', 'c', 'l', '?/permisos/guardar', 'Se creo permiso del rol con identificador 1', 1),
	(1924, '2022-11-01 00:00:00', '09:56:07', 'c', 'l', '?/permisos/guardar', 'Se creo permiso del rol con identificador 1', 1),
	(1925, '2022-11-01 00:00:00', '09:56:07', 'c', 'l', '?/permisos/guardar', 'Se creo permiso del rol con identificador 1', 1),
	(1926, '2022-11-01 00:00:00', '09:56:07', 'c', 'l', '?/permisos/guardar', 'Se creo permiso del rol con identificador 1', 1),
	(1927, '2022-11-01 00:00:00', '09:56:07', 'c', 'l', '?/permisos/guardar', 'Se creo permiso del rol con identificador 1', 1),
	(1928, '2022-11-01 00:00:00', '09:56:07', 'c', 'l', '?/permisos/guardar', 'Se creo permiso del rol con identificador 1', 1),
	(1929, '2022-11-01 00:00:00', '09:56:07', 'c', 'l', '?/permisos/guardar', 'Se creo permiso del rol con identificador 1', 1),
	(1930, '2022-11-01 00:00:00', '09:56:07', 'c', 'l', '?/permisos/guardar', 'Se creo permiso del rol con identificador 1', 1),
	(1931, '2022-11-01 00:00:00', '09:56:07', 'c', 'l', '?/permisos/guardar', 'Se creo permiso del rol con identificador 1', 1),
	(1932, '2022-11-01 00:00:00', '09:56:07', 'c', 'l', '?/permisos/guardar', 'Se creo permiso del rol con identificador 1', 1),
	(1933, '2022-11-01 00:00:00', '09:56:07', 'c', 'l', '?/permisos/guardar', 'Se creo permiso del rol con identificador 1', 1),
	(1934, '2022-11-01 00:00:00', '09:56:07', 'c', 'l', '?/permisos/guardar', 'Se creo permiso del rol con identificador 1', 1),
	(1935, '2022-11-01 00:00:00', '09:56:07', 'c', 'l', '?/permisos/guardar', 'Se creo permiso del rol con identificador 1', 1),
	(1936, '2022-11-01 00:00:00', '09:56:07', 'c', 'l', '?/permisos/guardar', 'Se creo permiso del rol con identificador 1', 1),
	(1937, '2022-11-01 00:00:00', '09:56:07', 'c', 'l', '?/permisos/guardar', 'Se creo permiso del rol con identificador 1', 1),
	(1938, '2022-11-01 00:00:00', '09:56:07', 'c', 'l', '?/permisos/guardar', 'Se creo permiso del rol con identificador 1', 1),
	(1939, '2022-11-01 00:00:00', '09:56:07', 'c', 'l', '?/permisos/guardar', 'Se creo permiso del rol con identificador 1', 1),
	(1940, '2022-11-01 00:00:00', '09:56:07', 'c', 'l', '?/permisos/guardar', 'Se creo permiso del rol con identificador 1', 1),
	(1941, '2022-11-01 00:00:00', '09:56:07', 'c', 'l', '?/permisos/guardar', 'Se creo permiso del rol con identificador 1', 1),
	(1942, '2022-11-01 00:00:00', '09:56:07', 'c', 'l', '?/permisos/guardar', 'Se creo permiso del rol con identificador 1', 1),
	(1943, '2022-11-01 00:00:00', '09:56:07', 'c', 'l', '?/permisos/guardar', 'Se creo permiso del rol con identificador 1', 1),
	(1944, '2022-11-01 00:00:00', '09:56:07', 'c', 'l', '?/permisos/guardar', 'Se creo permiso del rol con identificador 1', 1),
	(1945, '2022-11-01 00:00:00', '09:56:07', 'c', 'l', '?/permisos/guardar', 'Se creo permiso del rol con identificador 1', 1),
	(1946, '2022-11-01 00:00:00', '09:56:07', 'c', 'l', '?/permisos/guardar', 'Se creo permiso del rol con identificador 1', 1),
	(1947, '2022-11-01 00:00:00', '09:56:07', 'c', 'l', '?/permisos/guardar', 'Se creo permiso del rol con identificador 1', 1),
	(1948, '2022-11-01 00:00:00', '09:56:07', 'c', 'l', '?/permisos/guardar', 'Se creo permiso del rol con identificador 1', 1),
	(1949, '2022-11-01 00:00:00', '09:56:07', 'c', 'l', '?/permisos/guardar', 'Se creo permiso del rol con identificador 1', 1),
	(1950, '2022-11-01 00:00:00', '09:56:07', 'c', 'l', '?/permisos/guardar', 'Se creo permiso del rol con identificador 1', 1),
	(1951, '2022-11-01 00:00:00', '09:56:07', 'c', 'l', '?/permisos/guardar', 'Se creo permiso del rol con identificador 1', 1),
	(1952, '2022-11-01 00:00:00', '09:56:07', 'c', 'l', '?/permisos/guardar', 'Se creo permiso del rol con identificador 1', 1),
	(1953, '2022-11-01 00:00:00', '09:56:07', 'c', 'l', '?/permisos/guardar', 'Se creo permiso del rol con identificador 1', 1),
	(1954, '2022-11-01 00:00:00', '09:56:07', 'c', 'l', '?/permisos/guardar', 'Se creo permiso del rol con identificador 1', 1),
	(1955, '2022-11-01 00:00:00', '09:56:07', 'c', 'l', '?/permisos/guardar', 'Se creo permiso del rol con identificador 1', 1),
	(1956, '2022-11-01 00:00:00', '09:56:07', 'c', 'l', '?/permisos/guardar', 'Se creo permiso del rol con identificador 1', 1),
	(1957, '2022-11-01 00:00:00', '09:56:07', 'c', 'l', '?/permisos/guardar', 'Se creo permiso del rol con identificador 1', 1),
	(1958, '2022-11-01 00:00:00', '09:56:07', 'c', 'l', '?/permisos/guardar', 'Se creo permiso del rol con identificador 1', 1),
	(1959, '2022-11-01 00:00:00', '09:56:07', 'c', 'l', '?/permisos/guardar', 'Se creo permiso del rol con identificador 1', 1),
	(1960, '2022-11-01 00:00:00', '09:56:07', 'c', 'l', '?/permisos/guardar', 'Se creo permiso del rol con identificador 1', 1),
	(1961, '2022-11-01 00:00:00', '09:56:07', 'c', 'l', '?/permisos/guardar', 'Se creo permiso del rol con identificador 1', 1),
	(1962, '2022-11-01 00:00:00', '09:56:07', 'c', 'l', '?/permisos/guardar', 'Se creo permiso del rol con identificador 1', 1),
	(1963, '2022-11-01 00:00:00', '09:56:07', 'c', 'l', '?/permisos/guardar', 'Se creo permiso del rol con identificador 1', 1),
	(1964, '2022-11-01 00:00:00', '09:56:07', 'c', 'l', '?/permisos/guardar', 'Se creo permiso del rol con identificador 1', 1),
	(1965, '2022-11-01 00:00:00', '09:56:07', 'c', 'l', '?/permisos/guardar', 'Se creo permiso del rol con identificador 1', 1),
	(1966, '2022-11-01 00:00:00', '09:56:07', 'c', 'l', '?/permisos/guardar', 'Se creo permiso del rol con identificador 1', 1),
	(1967, '2022-11-01 00:00:00', '09:56:07', 'c', 'l', '?/permisos/guardar', 'Se creo permiso del rol con identificador 1', 1),
	(1968, '2022-11-01 00:00:00', '09:56:07', 'c', 'l', '?/permisos/guardar', 'Se creo permiso del rol con identificador 1', 1),
	(1969, '2022-11-01 00:00:00', '09:56:07', 'c', 'l', '?/permisos/guardar', 'Se creo permiso del rol con identificador 1', 1),
	(1970, '2022-11-01 00:00:00', '09:56:07', 'c', 'l', '?/permisos/guardar', 'Se creo permiso del rol con identificador 1', 1),
	(1971, '2022-11-01 00:00:00', '09:56:07', 'c', 'l', '?/permisos/guardar', 'Se creo permiso del rol con identificador 1', 1),
	(1972, '2022-11-01 00:00:00', '09:56:07', 'c', 'l', '?/permisos/guardar', 'Se creo permiso del rol con identificador 1', 1),
	(1973, '2022-11-01 00:00:00', '09:56:07', 'c', 'l', '?/permisos/guardar', 'Se creo permiso del rol con identificador 1', 1),
	(1974, '2022-11-01 00:00:00', '09:56:07', 'c', 'l', '?/permisos/guardar', 'Se creo permiso del rol con identificador 1', 1),
	(1975, '2022-11-01 00:00:00', '09:56:07', 'c', 'l', '?/permisos/guardar', 'Se creo permiso del rol con identificador 1', 1),
	(1976, '2022-11-01 00:00:00', '09:56:07', 'c', 'l', '?/permisos/guardar', 'Se creo permiso del rol con identificador 1', 1),
	(1977, '2022-11-01 00:00:00', '09:56:07', 'c', 'l', '?/permisos/guardar', 'Se creo permiso del rol con identificador 1', 1),
	(1978, '2022-11-01 00:00:00', '09:56:07', 'c', 'l', '?/permisos/guardar', 'Se creo permiso del rol con identificador 1', 1),
	(1979, '2022-11-01 00:00:00', '09:56:07', 'c', 'l', '?/permisos/guardar', 'Se creo permiso del rol con identificador 1', 1),
	(1980, '2022-11-01 00:00:00', '09:56:07', 'c', 'l', '?/permisos/guardar', 'Se creo permiso del rol con identificador 1', 1),
	(1981, '2022-11-01 00:00:00', '09:56:07', 'c', 'l', '?/permisos/guardar', 'Se creo permiso del rol con identificador 1', 1),
	(1982, '2022-11-01 00:00:00', '09:56:07', 'c', 'l', '?/permisos/guardar', 'Se creo permiso del rol con identificador 1', 1),
	(1983, '2022-11-01 00:00:00', '09:56:07', 'c', 'l', '?/permisos/guardar', 'Se creo permiso del rol con identificador 1', 1),
	(1984, '2022-11-01 00:00:00', '09:56:07', 'c', 'l', '?/permisos/guardar', 'Se creo permiso del rol con identificador 1', 1),
	(1985, '2022-11-01 00:00:00', '09:56:07', 'c', 'l', '?/permisos/guardar', 'Se creo permiso del rol con identificador 1', 1),
	(1986, '2022-11-01 00:00:00', '09:56:07', 'c', 'l', '?/permisos/guardar', 'Se creo permiso del rol con identificador 1', 1),
	(1987, '2022-11-01 00:00:00', '09:56:07', 'c', 'l', '?/permisos/guardar', 'Se creo permiso del rol con identificador 1', 1),
	(1988, '2022-11-01 00:00:00', '09:56:07', 'c', 'l', '?/permisos/guardar', 'Se creo permiso del rol con identificador 1', 1),
	(1989, '2022-11-01 00:00:00', '09:56:07', 'c', 'l', '?/permisos/guardar', 'Se creo permiso del rol con identificador 1', 1),
	(1990, '2022-11-01 00:00:00', '09:56:07', 'c', 'l', '?/permisos/guardar', 'Se creo permiso del rol con identificador 1', 1),
	(1991, '2022-11-01 00:00:00', '09:56:07', 'c', 'l', '?/permisos/guardar', 'Se creo permiso del rol con identificador 1', 1),
	(1992, '2022-11-01 00:00:00', '09:56:07', 'c', 'l', '?/permisos/guardar', 'Se creo permiso del rol con identificador 1', 1),
	(1993, '2022-11-01 00:00:00', '09:56:07', 'c', 'l', '?/permisos/guardar', 'Se creo permiso del rol con identificador 1', 1),
	(1994, '2022-11-01 00:00:00', '09:56:07', 'c', 'l', '?/permisos/guardar', 'Se creo permiso del rol con identificador 1', 1),
	(1995, '2022-11-01 00:00:00', '09:56:07', 'c', 'l', '?/permisos/guardar', 'Se creo permiso del rol con identificador 1', 1),
	(1996, '2022-11-01 00:00:00', '09:56:07', 'c', 'l', '?/permisos/guardar', 'Se creo permiso del rol con identificador 1', 1),
	(1997, '2022-11-01 00:00:00', '09:56:07', 'c', 'l', '?/permisos/guardar', 'Se creo permiso del rol con identificador 1', 1),
	(1998, '2022-11-01 00:00:00', '09:56:07', 'c', 'l', '?/permisos/guardar', 'Se creo permiso del rol con identificador 1', 1),
	(1999, '2022-11-01 00:00:00', '09:56:07', 'c', 'l', '?/permisos/guardar', 'Se creo permiso del rol con identificador 1', 1),
	(2000, '2022-11-01 00:00:00', '15:28:47', 'c', 'l', '?/ingresos/guardar', 'Se creo ingreso con identificador numero 1', 1),
	(2001, '2022-11-01 00:00:00', '15:28:47', 'c', 'l', '?/ingresos/guardar', 'Se creo ingreso detalle con identificador numero 1', 1),
	(2002, '2022-11-10 00:00:00', '23:02:28', 'd', 'l', '?/unidades/eliminar', 'Se elimino la unidad con identificador numero 2', 1),
	(2003, '2022-11-10 00:00:00', '23:02:56', 'c', 'l', '?/unidades/guardar', 'Se inserto la unidad con identificador numero 9', 1),
	(2004, '2022-11-10 00:00:00', '23:20:49', 'u', 'l', '?/unidades/guardar', 'Se actualizo la unidad con identificador numero 10', 1),
	(2005, '2022-11-11 00:00:00', '21:06:49', 'c', 'l', '?/ingresos/guardar', 'Se creo ingreso con identificador numero 2', 1),
	(2006, '2022-11-11 00:00:00', '21:06:49', 'c', 'l', '?/ingresos/guardar', 'Se creo ingreso detalle con identificador numero 2', 1),
	(2007, '2022-11-11 00:00:00', '21:06:49', 'c', 'l', '?/ingresos/guardar', 'Se creo ingreso detalle con identificador numero 3', 1),
	(2008, '2022-11-11 00:00:00', '21:06:49', 'c', 'l', '?/ingresos/guardar', 'Se creo ingreso detalle con identificador numero 4', 1),
	(2009, '2022-11-11 00:00:00', '21:13:21', 'c', 'l', '?/ingresos/guardar', 'Se creo ingreso con identificador numero 3', 1),
	(2010, '2022-11-11 00:00:00', '21:13:21', 'c', 'l', '?/ingresos/guardar', 'Se creo ingreso detalle con identificador numero 5', 1),
	(2011, '2022-11-11 00:00:00', '21:13:21', 'c', 'l', '?/ingresos/guardar', 'Se creo ingreso detalle con identificador numero 6', 1),
	(2012, '2022-11-11 00:00:00', '21:13:21', 'c', 'l', '?/ingresos/guardar', 'Se creo ingreso detalle con identificador numero 7', 1),
	(2013, '2022-11-11 00:00:00', '21:13:21', 'c', 'l', '?/ingresos/guardar', 'Se creo ingreso detalle con identificador numero 8', 1),
	(2014, '2022-11-11 00:00:00', '21:13:21', 'c', 'l', '?/ingresos/guardar', 'Se creo credito con identificador numero 75', 1),
	(2015, '2022-11-11 00:00:00', '21:15:23', 'c', 'l', '?/notas/guardar', 'Se inserto el inventario egreso con identificador numero 1', 1),
	(2016, '2022-11-11 00:00:00', '21:15:23', 'c', 'l', '?/notas/guardar', 'Se inserto el inventario egreso detalle con identificador numero 1', 1),
	(2017, '2022-11-11 00:00:00', '22:27:11', 'c', 'l', '?/ingresos/guardar', 'Se creo ingreso con identificador numero 4', 1),
	(2018, '2022-11-11 00:00:00', '22:27:11', 'c', 'l', '?/ingresos/guardar', 'Se creo ingreso detalle con identificador numero 9', 1),
	(2019, '2022-11-11 00:00:00', '22:27:11', 'c', 'l', '?/ingresos/guardar', 'Se creo ingreso detalle con identificador numero 10', 1),
	(2020, '2022-11-11 00:00:00', '22:27:11', 'c', 'l', '?/ingresos/guardar', 'Se creo credito con identificador numero 77', 1),
	(2021, '2022-11-11 00:00:00', '22:36:25', 'c', 'l', '?/ingresos/guardar', 'Se creo ingreso con identificador numero 5', 1),
	(2022, '2022-11-11 00:00:00', '22:36:25', 'c', 'l', '?/ingresos/guardar', 'Se creo ingreso detalle con identificador numero 11', 1),
	(2023, '2022-11-11 00:00:00', '22:36:25', 'c', 'l', '?/ingresos/guardar', 'Se creo ingreso detalle con identificador numero 12', 1),
	(2024, '2022-11-11 00:00:00', '22:36:25', 'c', 'l', '?/ingresos/guardar', 'Se creo credito con identificador numero 78', 1),
	(2025, '2022-11-14 00:00:00', '08:55:46', 'c', 'l', '?/ingresos/guardar', 'Se creo ingreso con identificador numero 6', 1),
	(2026, '2022-11-14 00:00:00', '08:55:46', 'c', 'l', '?/ingresos/guardar', 'Se creo ingreso detalle con identificador numero 13', 1),
	(2027, '2022-11-14 00:00:00', '08:55:46', 'c', 'l', '?/ingresos/guardar', 'Se creo ingreso detalle con identificador numero 14', 1),
	(2028, '2022-11-14 00:00:00', '15:59:00', 'c', 'l', '?/productos/guardar', 'Se inserto el producto con identificador numero 606', 1),
	(2029, '2022-11-14 00:00:00', '16:21:05', 'c', 'l', '?/notas/guardar', 'Se inserto el inventario egreso con identificador numero 2', 1),
	(2030, '2022-11-14 00:00:00', '16:21:05', 'c', 'l', '?/notas/guardar', 'Se inserto el inventario egreso detalle con identificador numero 2', 1),
	(2031, '2022-11-14 00:00:00', '16:21:05', 'c', 'l', '?/notas/guardar', 'Se inserto el inventario egreso detalle con identificador numero 3', 1),
	(2032, '2022-11-14 00:00:00', '16:22:47', 'c', 'l', '?/notas/guardar', 'Se inserto el inventario egreso con identificador numero 3', 1),
	(2033, '2022-11-14 00:00:00', '16:22:47', 'c', 'l', '?/notas/guardar', 'Se inserto el inventario egreso detalle con identificador numero 4', 1),
	(2034, '2022-11-14 00:00:00', '16:22:47', 'c', 'l', '?/notas/guardar', 'Se inserto el inventario egreso detalle con identificador numero 5', 1),
	(2035, '2022-11-14 00:00:00', '16:23:37', 'c', 'l', '?/unidades/guardar', 'Se inserto la unidad con identificador numero 11', 1),
	(2036, '2022-11-14 00:00:00', '16:23:49', 'd', 'l', '?/unidades/eliminar', 'Se elimino la unidad con identificador numero 11', 1),
	(2037, '2022-11-14 00:00:00', '19:26:18', 'c', 'l', '?/permisos/guardar', 'Se creo permiso del rol con identificador 1', 1),
	(2038, '2022-11-14 00:00:00', '19:26:18', 'c', 'l', '?/permisos/guardar', 'Se creo permiso del rol con identificador 1', 1),
	(2039, '2022-11-14 00:00:00', '19:26:18', 'c', 'l', '?/permisos/guardar', 'Se creo permiso del rol con identificador 1', 1),
	(2040, '2022-11-14 00:00:00', '19:26:18', 'c', 'l', '?/permisos/guardar', 'Se creo permiso del rol con identificador 1', 1),
	(2041, '2022-11-14 00:00:00', '19:26:18', 'c', 'l', '?/permisos/guardar', 'Se creo permiso del rol con identificador 1', 1),
	(2042, '2022-11-14 00:00:00', '19:26:18', 'c', 'l', '?/permisos/guardar', 'Se creo permiso del rol con identificador 1', 1),
	(2043, '2022-11-14 00:00:00', '19:26:18', 'c', 'l', '?/permisos/guardar', 'Se creo permiso del rol con identificador 1', 1),
	(2044, '2022-11-14 00:00:00', '19:26:18', 'c', 'l', '?/permisos/guardar', 'Se creo permiso del rol con identificador 1', 1),
	(2045, '2022-11-14 00:00:00', '19:26:18', 'c', 'l', '?/permisos/guardar', 'Se creo permiso del rol con identificador 1', 1),
	(2046, '2022-11-14 00:00:00', '19:26:18', 'c', 'l', '?/permisos/guardar', 'Se creo permiso del rol con identificador 1', 1),
	(2047, '2022-11-14 00:00:00', '19:26:18', 'c', 'l', '?/permisos/guardar', 'Se creo permiso del rol con identificador 1', 1),
	(2048, '2022-11-14 00:00:00', '19:26:18', 'c', 'l', '?/permisos/guardar', 'Se creo permiso del rol con identificador 1', 1),
	(2049, '2022-11-14 00:00:00', '19:26:18', 'c', 'l', '?/permisos/guardar', 'Se creo permiso del rol con identificador 1', 1),
	(2050, '2022-11-14 00:00:00', '19:26:18', 'c', 'l', '?/permisos/guardar', 'Se creo permiso del rol con identificador 1', 1),
	(2051, '2022-11-14 00:00:00', '19:26:18', 'c', 'l', '?/permisos/guardar', 'Se creo permiso del rol con identificador 1', 1),
	(2052, '2022-11-14 00:00:00', '19:26:18', 'c', 'l', '?/permisos/guardar', 'Se creo permiso del rol con identificador 1', 1),
	(2053, '2022-11-14 00:00:00', '19:26:18', 'c', 'l', '?/permisos/guardar', 'Se creo permiso del rol con identificador 1', 1),
	(2054, '2022-11-14 00:00:00', '19:26:18', 'c', 'l', '?/permisos/guardar', 'Se creo permiso del rol con identificador 1', 1),
	(2055, '2022-11-14 00:00:00', '19:26:18', 'c', 'l', '?/permisos/guardar', 'Se creo permiso del rol con identificador 1', 1),
	(2056, '2022-11-14 00:00:00', '19:26:18', 'c', 'l', '?/permisos/guardar', 'Se creo permiso del rol con identificador 1', 1),
	(2057, '2022-11-14 00:00:00', '19:26:18', 'c', 'l', '?/permisos/guardar', 'Se creo permiso del rol con identificador 1', 1),
	(2058, '2022-11-14 00:00:00', '19:26:18', 'c', 'l', '?/permisos/guardar', 'Se creo permiso del rol con identificador 1', 1),
	(2059, '2022-11-14 00:00:00', '19:26:18', 'c', 'l', '?/permisos/guardar', 'Se creo permiso del rol con identificador 1', 1),
	(2060, '2022-11-14 00:00:00', '19:26:18', 'c', 'l', '?/permisos/guardar', 'Se creo permiso del rol con identificador 1', 1),
	(2061, '2022-11-14 00:00:00', '19:26:18', 'c', 'l', '?/permisos/guardar', 'Se creo permiso del rol con identificador 1', 1),
	(2062, '2022-11-14 00:00:00', '19:26:18', 'c', 'l', '?/permisos/guardar', 'Se creo permiso del rol con identificador 1', 1),
	(2063, '2022-11-14 00:00:00', '19:26:18', 'c', 'l', '?/permisos/guardar', 'Se creo permiso del rol con identificador 1', 1),
	(2064, '2022-11-14 00:00:00', '19:26:18', 'c', 'l', '?/permisos/guardar', 'Se creo permiso del rol con identificador 1', 1),
	(2065, '2022-11-14 00:00:00', '19:26:18', 'c', 'l', '?/permisos/guardar', 'Se creo permiso del rol con identificador 1', 1),
	(2066, '2022-11-14 00:00:00', '19:26:18', 'c', 'l', '?/permisos/guardar', 'Se creo permiso del rol con identificador 1', 1),
	(2067, '2022-11-14 00:00:00', '19:26:18', 'c', 'l', '?/permisos/guardar', 'Se creo permiso del rol con identificador 1', 1),
	(2068, '2022-11-14 00:00:00', '19:26:18', 'c', 'l', '?/permisos/guardar', 'Se creo permiso del rol con identificador 1', 1),
	(2069, '2022-11-14 00:00:00', '19:26:18', 'c', 'l', '?/permisos/guardar', 'Se creo permiso del rol con identificador 1', 1),
	(2070, '2022-11-14 00:00:00', '19:26:18', 'c', 'l', '?/permisos/guardar', 'Se creo permiso del rol con identificador 1', 1),
	(2071, '2022-11-14 00:00:00', '19:26:18', 'c', 'l', '?/permisos/guardar', 'Se creo permiso del rol con identificador 1', 1),
	(2072, '2022-11-14 00:00:00', '19:26:18', 'c', 'l', '?/permisos/guardar', 'Se creo permiso del rol con identificador 1', 1),
	(2073, '2022-11-14 00:00:00', '19:26:18', 'c', 'l', '?/permisos/guardar', 'Se creo permiso del rol con identificador 1', 1),
	(2074, '2022-11-14 00:00:00', '19:26:18', 'c', 'l', '?/permisos/guardar', 'Se creo permiso del rol con identificador 1', 1),
	(2075, '2022-11-14 00:00:00', '19:26:18', 'c', 'l', '?/permisos/guardar', 'Se creo permiso del rol con identificador 1', 1),
	(2076, '2022-11-14 00:00:00', '19:26:18', 'c', 'l', '?/permisos/guardar', 'Se creo permiso del rol con identificador 1', 1),
	(2077, '2022-11-14 00:00:00', '19:26:18', 'c', 'l', '?/permisos/guardar', 'Se creo permiso del rol con identificador 1', 1),
	(2078, '2022-11-14 00:00:00', '19:26:18', 'c', 'l', '?/permisos/guardar', 'Se creo permiso del rol con identificador 1', 1),
	(2079, '2022-11-14 00:00:00', '19:26:18', 'c', 'l', '?/permisos/guardar', 'Se creo permiso del rol con identificador 1', 1),
	(2080, '2022-11-14 00:00:00', '19:26:18', 'c', 'l', '?/permisos/guardar', 'Se creo permiso del rol con identificador 1', 1),
	(2081, '2022-11-14 00:00:00', '19:26:18', 'c', 'l', '?/permisos/guardar', 'Se creo permiso del rol con identificador 1', 1),
	(2082, '2022-11-14 00:00:00', '19:26:18', 'c', 'l', '?/permisos/guardar', 'Se creo permiso del rol con identificador 1', 1),
	(2083, '2022-11-14 00:00:00', '19:26:18', 'c', 'l', '?/permisos/guardar', 'Se creo permiso del rol con identificador 1', 1),
	(2084, '2022-11-14 00:00:00', '19:26:18', 'c', 'l', '?/permisos/guardar', 'Se creo permiso del rol con identificador 1', 1),
	(2085, '2022-11-14 00:00:00', '19:26:18', 'c', 'l', '?/permisos/guardar', 'Se creo permiso del rol con identificador 1', 1),
	(2086, '2022-11-14 00:00:00', '19:26:18', 'c', 'l', '?/permisos/guardar', 'Se creo permiso del rol con identificador 1', 1),
	(2087, '2022-11-14 00:00:00', '19:26:18', 'c', 'l', '?/permisos/guardar', 'Se creo permiso del rol con identificador 1', 1),
	(2088, '2022-11-14 00:00:00', '19:26:18', 'c', 'l', '?/permisos/guardar', 'Se creo permiso del rol con identificador 1', 1),
	(2089, '2022-11-14 00:00:00', '19:26:18', 'c', 'l', '?/permisos/guardar', 'Se creo permiso del rol con identificador 1', 1),
	(2090, '2022-11-14 00:00:00', '19:26:18', 'c', 'l', '?/permisos/guardar', 'Se creo permiso del rol con identificador 1', 1),
	(2091, '2022-11-14 00:00:00', '19:26:18', 'c', 'l', '?/permisos/guardar', 'Se creo permiso del rol con identificador 1', 1),
	(2092, '2022-11-14 00:00:00', '19:26:18', 'c', 'l', '?/permisos/guardar', 'Se creo permiso del rol con identificador 1', 1),
	(2093, '2022-11-14 00:00:00', '19:26:18', 'c', 'l', '?/permisos/guardar', 'Se creo permiso del rol con identificador 1', 1),
	(2094, '2022-11-14 00:00:00', '19:26:18', 'c', 'l', '?/permisos/guardar', 'Se creo permiso del rol con identificador 1', 1),
	(2095, '2022-11-14 00:00:00', '19:26:18', 'c', 'l', '?/permisos/guardar', 'Se creo permiso del rol con identificador 1', 1),
	(2096, '2022-11-14 00:00:00', '19:26:18', 'c', 'l', '?/permisos/guardar', 'Se creo permiso del rol con identificador 1', 1),
	(2097, '2022-11-14 00:00:00', '19:26:18', 'c', 'l', '?/permisos/guardar', 'Se creo permiso del rol con identificador 1', 1),
	(2098, '2022-11-14 00:00:00', '19:26:18', 'c', 'l', '?/permisos/guardar', 'Se creo permiso del rol con identificador 1', 1),
	(2099, '2022-11-14 00:00:00', '19:26:18', 'c', 'l', '?/permisos/guardar', 'Se creo permiso del rol con identificador 1', 1),
	(2100, '2022-11-14 00:00:00', '19:26:18', 'c', 'l', '?/permisos/guardar', 'Se creo permiso del rol con identificador 1', 1),
	(2101, '2022-11-14 00:00:00', '19:26:18', 'c', 'l', '?/permisos/guardar', 'Se creo permiso del rol con identificador 1', 1),
	(2102, '2022-11-14 00:00:00', '19:26:18', 'c', 'l', '?/permisos/guardar', 'Se creo permiso del rol con identificador 1', 1),
	(2103, '2022-11-14 00:00:00', '19:26:18', 'c', 'l', '?/permisos/guardar', 'Se creo permiso del rol con identificador 1', 1),
	(2104, '2022-11-14 00:00:00', '19:26:18', 'c', 'l', '?/permisos/guardar', 'Se creo permiso del rol con identificador 1', 1),
	(2105, '2022-11-14 00:00:00', '19:26:18', 'c', 'l', '?/permisos/guardar', 'Se creo permiso del rol con identificador 1', 1),
	(2106, '2022-11-14 00:00:00', '19:26:18', 'c', 'l', '?/permisos/guardar', 'Se creo permiso del rol con identificador 1', 1),
	(2107, '2022-11-14 00:00:00', '19:26:18', 'c', 'l', '?/permisos/guardar', 'Se creo permiso del rol con identificador 1', 1),
	(2108, '2022-11-14 00:00:00', '19:26:18', 'c', 'l', '?/permisos/guardar', 'Se creo permiso del rol con identificador 1', 1),
	(2109, '2022-11-14 00:00:00', '19:26:18', 'c', 'l', '?/permisos/guardar', 'Se creo permiso del rol con identificador 1', 1),
	(2110, '2022-11-14 00:00:00', '19:26:18', 'c', 'l', '?/permisos/guardar', 'Se creo permiso del rol con identificador 1', 1),
	(2111, '2022-11-14 00:00:00', '19:26:18', 'c', 'l', '?/permisos/guardar', 'Se creo permiso del rol con identificador 1', 1),
	(2112, '2022-11-14 00:00:00', '19:26:18', 'c', 'l', '?/permisos/guardar', 'Se creo permiso del rol con identificador 1', 1),
	(2113, '2022-11-14 00:00:00', '19:26:18', 'c', 'l', '?/permisos/guardar', 'Se creo permiso del rol con identificador 1', 1),
	(2114, '2022-11-14 00:00:00', '19:26:18', 'c', 'l', '?/permisos/guardar', 'Se creo permiso del rol con identificador 1', 1),
	(2115, '2022-11-14 00:00:00', '19:26:18', 'c', 'l', '?/permisos/guardar', 'Se creo permiso del rol con identificador 1', 1),
	(2116, '2022-11-14 00:00:00', '19:26:18', 'c', 'l', '?/permisos/guardar', 'Se creo permiso del rol con identificador 1', 1),
	(2117, '2022-11-14 00:00:00', '19:26:18', 'c', 'l', '?/permisos/guardar', 'Se creo permiso del rol con identificador 1', 1),
	(2118, '2022-11-14 00:00:00', '19:26:18', 'c', 'l', '?/permisos/guardar', 'Se creo permiso del rol con identificador 1', 1),
	(2119, '2022-11-14 00:00:00', '19:26:18', 'c', 'l', '?/permisos/guardar', 'Se creo permiso del rol con identificador 1', 1),
	(2120, '2022-11-14 00:00:00', '19:26:18', 'c', 'l', '?/permisos/guardar', 'Se creo permiso del rol con identificador 1', 1),
	(2121, '2022-11-14 00:00:00', '19:26:18', 'c', 'l', '?/permisos/guardar', 'Se creo permiso del rol con identificador 1', 1),
	(2122, '2022-11-14 00:00:00', '19:26:18', 'c', 'l', '?/permisos/guardar', 'Se creo permiso del rol con identificador 1', 1),
	(2123, '2022-11-14 00:00:00', '19:26:18', 'c', 'l', '?/permisos/guardar', 'Se creo permiso del rol con identificador 1', 1),
	(2124, '2022-11-14 00:00:00', '19:26:18', 'c', 'l', '?/permisos/guardar', 'Se creo permiso del rol con identificador 1', 1),
	(2125, '2022-11-14 00:00:00', '19:26:18', 'c', 'l', '?/permisos/guardar', 'Se creo permiso del rol con identificador 1', 1),
	(2126, '2022-11-14 00:00:00', '19:26:18', 'c', 'l', '?/permisos/guardar', 'Se creo permiso del rol con identificador 1', 1),
	(2127, '2022-11-14 00:00:00', '19:26:18', 'c', 'l', '?/permisos/guardar', 'Se creo permiso del rol con identificador 1', 1),
	(2128, '2022-11-14 00:00:00', '19:26:18', 'c', 'l', '?/permisos/guardar', 'Se creo permiso del rol con identificador 1', 1),
	(2129, '2022-11-14 00:00:00', '19:26:18', 'c', 'l', '?/permisos/guardar', 'Se creo permiso del rol con identificador 1', 1),
	(2130, '2022-11-14 00:00:00', '19:26:18', 'c', 'l', '?/permisos/guardar', 'Se creo permiso del rol con identificador 1', 1),
	(2131, '2022-11-14 00:00:00', '19:26:18', 'c', 'l', '?/permisos/guardar', 'Se creo permiso del rol con identificador 1', 1),
	(2132, '2022-11-14 00:00:00', '19:26:18', 'c', 'l', '?/permisos/guardar', 'Se creo permiso del rol con identificador 1', 1),
	(2133, '2022-11-14 00:00:00', '20:25:02', 'c', 'l', '?/permisos/guardar', 'Se creo permiso del rol con identificador 1', 1),
	(2134, '2022-11-14 00:00:00', '20:25:02', 'c', 'l', '?/permisos/guardar', 'Se creo permiso del rol con identificador 1', 1),
	(2135, '2022-11-14 00:00:00', '20:25:02', 'c', 'l', '?/permisos/guardar', 'Se creo permiso del rol con identificador 1', 1),
	(2136, '2022-11-14 00:00:00', '20:25:02', 'c', 'l', '?/permisos/guardar', 'Se creo permiso del rol con identificador 1', 1),
	(2137, '2022-11-14 00:00:00', '20:25:02', 'c', 'l', '?/permisos/guardar', 'Se creo permiso del rol con identificador 1', 1),
	(2138, '2022-11-14 00:00:00', '20:25:02', 'c', 'l', '?/permisos/guardar', 'Se creo permiso del rol con identificador 1', 1),
	(2139, '2022-11-14 00:00:00', '20:25:02', 'c', 'l', '?/permisos/guardar', 'Se creo permiso del rol con identificador 1', 1),
	(2140, '2022-11-14 00:00:00', '20:25:02', 'c', 'l', '?/permisos/guardar', 'Se creo permiso del rol con identificador 1', 1),
	(2141, '2022-11-14 00:00:00', '20:25:02', 'c', 'l', '?/permisos/guardar', 'Se creo permiso del rol con identificador 1', 1),
	(2142, '2022-11-14 00:00:00', '20:25:02', 'c', 'l', '?/permisos/guardar', 'Se creo permiso del rol con identificador 1', 1),
	(2143, '2022-11-14 00:00:00', '20:25:02', 'c', 'l', '?/permisos/guardar', 'Se creo permiso del rol con identificador 1', 1),
	(2144, '2022-11-14 00:00:00', '20:25:02', 'c', 'l', '?/permisos/guardar', 'Se creo permiso del rol con identificador 1', 1),
	(2145, '2022-11-14 00:00:00', '20:25:02', 'c', 'l', '?/permisos/guardar', 'Se creo permiso del rol con identificador 1', 1),
	(2146, '2022-11-14 00:00:00', '20:25:02', 'c', 'l', '?/permisos/guardar', 'Se creo permiso del rol con identificador 1', 1),
	(2147, '2022-11-14 00:00:00', '20:25:02', 'c', 'l', '?/permisos/guardar', 'Se creo permiso del rol con identificador 1', 1),
	(2148, '2022-11-14 00:00:00', '20:25:02', 'c', 'l', '?/permisos/guardar', 'Se creo permiso del rol con identificador 1', 1),
	(2149, '2022-11-14 00:00:00', '20:25:02', 'c', 'l', '?/permisos/guardar', 'Se creo permiso del rol con identificador 1', 1),
	(2150, '2022-11-14 00:00:00', '20:25:02', 'c', 'l', '?/permisos/guardar', 'Se creo permiso del rol con identificador 1', 1),
	(2151, '2022-11-14 00:00:00', '20:25:02', 'c', 'l', '?/permisos/guardar', 'Se creo permiso del rol con identificador 1', 1),
	(2152, '2022-11-14 00:00:00', '20:25:02', 'c', 'l', '?/permisos/guardar', 'Se creo permiso del rol con identificador 1', 1),
	(2153, '2022-11-14 00:00:00', '20:25:02', 'c', 'l', '?/permisos/guardar', 'Se creo permiso del rol con identificador 1', 1),
	(2154, '2022-11-14 00:00:00', '20:25:02', 'c', 'l', '?/permisos/guardar', 'Se creo permiso del rol con identificador 1', 1),
	(2155, '2022-11-14 00:00:00', '20:25:02', 'c', 'l', '?/permisos/guardar', 'Se creo permiso del rol con identificador 1', 1),
	(2156, '2022-11-14 00:00:00', '20:25:02', 'c', 'l', '?/permisos/guardar', 'Se creo permiso del rol con identificador 1', 1),
	(2157, '2022-11-14 00:00:00', '20:25:02', 'c', 'l', '?/permisos/guardar', 'Se creo permiso del rol con identificador 1', 1),
	(2158, '2022-11-14 00:00:00', '20:25:02', 'c', 'l', '?/permisos/guardar', 'Se creo permiso del rol con identificador 1', 1),
	(2159, '2022-11-14 00:00:00', '20:25:02', 'c', 'l', '?/permisos/guardar', 'Se creo permiso del rol con identificador 1', 1),
	(2160, '2022-11-14 00:00:00', '20:25:02', 'c', 'l', '?/permisos/guardar', 'Se creo permiso del rol con identificador 1', 1),
	(2161, '2022-11-14 00:00:00', '20:25:02', 'c', 'l', '?/permisos/guardar', 'Se creo permiso del rol con identificador 1', 1),
	(2162, '2022-11-14 00:00:00', '20:25:02', 'c', 'l', '?/permisos/guardar', 'Se creo permiso del rol con identificador 1', 1),
	(2163, '2022-11-14 00:00:00', '20:25:02', 'c', 'l', '?/permisos/guardar', 'Se creo permiso del rol con identificador 1', 1),
	(2164, '2022-11-14 00:00:00', '20:25:02', 'c', 'l', '?/permisos/guardar', 'Se creo permiso del rol con identificador 1', 1),
	(2165, '2022-11-14 00:00:00', '20:25:02', 'c', 'l', '?/permisos/guardar', 'Se creo permiso del rol con identificador 1', 1),
	(2166, '2022-11-14 00:00:00', '20:25:02', 'c', 'l', '?/permisos/guardar', 'Se creo permiso del rol con identificador 1', 1),
	(2167, '2022-11-14 00:00:00', '20:25:02', 'c', 'l', '?/permisos/guardar', 'Se creo permiso del rol con identificador 1', 1),
	(2168, '2022-11-14 00:00:00', '20:25:02', 'c', 'l', '?/permisos/guardar', 'Se creo permiso del rol con identificador 1', 1),
	(2169, '2022-11-14 00:00:00', '20:25:02', 'c', 'l', '?/permisos/guardar', 'Se creo permiso del rol con identificador 1', 1),
	(2170, '2022-11-14 00:00:00', '20:25:02', 'c', 'l', '?/permisos/guardar', 'Se creo permiso del rol con identificador 1', 1),
	(2171, '2022-11-14 00:00:00', '20:25:02', 'c', 'l', '?/permisos/guardar', 'Se creo permiso del rol con identificador 1', 1),
	(2172, '2022-11-14 00:00:00', '20:25:02', 'c', 'l', '?/permisos/guardar', 'Se creo permiso del rol con identificador 1', 1),
	(2173, '2022-11-14 00:00:00', '20:25:02', 'c', 'l', '?/permisos/guardar', 'Se creo permiso del rol con identificador 1', 1),
	(2174, '2022-11-14 00:00:00', '20:25:02', 'c', 'l', '?/permisos/guardar', 'Se creo permiso del rol con identificador 1', 1),
	(2175, '2022-11-14 00:00:00', '20:25:02', 'c', 'l', '?/permisos/guardar', 'Se creo permiso del rol con identificador 1', 1),
	(2176, '2022-11-14 00:00:00', '20:25:02', 'c', 'l', '?/permisos/guardar', 'Se creo permiso del rol con identificador 1', 1),
	(2177, '2022-11-14 00:00:00', '20:25:02', 'c', 'l', '?/permisos/guardar', 'Se creo permiso del rol con identificador 1', 1),
	(2178, '2022-11-14 00:00:00', '20:25:02', 'c', 'l', '?/permisos/guardar', 'Se creo permiso del rol con identificador 1', 1),
	(2179, '2022-11-14 00:00:00', '20:25:02', 'c', 'l', '?/permisos/guardar', 'Se creo permiso del rol con identificador 1', 1),
	(2180, '2022-11-14 00:00:00', '20:25:02', 'c', 'l', '?/permisos/guardar', 'Se creo permiso del rol con identificador 1', 1),
	(2181, '2022-11-14 00:00:00', '20:25:02', 'c', 'l', '?/permisos/guardar', 'Se creo permiso del rol con identificador 1', 1),
	(2182, '2022-11-14 00:00:00', '20:25:02', 'c', 'l', '?/permisos/guardar', 'Se creo permiso del rol con identificador 1', 1),
	(2183, '2022-11-14 00:00:00', '20:25:02', 'c', 'l', '?/permisos/guardar', 'Se creo permiso del rol con identificador 1', 1),
	(2184, '2022-11-14 00:00:00', '20:25:02', 'c', 'l', '?/permisos/guardar', 'Se creo permiso del rol con identificador 1', 1),
	(2185, '2022-11-14 00:00:00', '20:25:02', 'c', 'l', '?/permisos/guardar', 'Se creo permiso del rol con identificador 1', 1),
	(2186, '2022-11-14 00:00:00', '20:25:02', 'c', 'l', '?/permisos/guardar', 'Se creo permiso del rol con identificador 1', 1),
	(2187, '2022-11-14 00:00:00', '20:25:02', 'c', 'l', '?/permisos/guardar', 'Se creo permiso del rol con identificador 1', 1),
	(2188, '2022-11-14 00:00:00', '20:25:02', 'c', 'l', '?/permisos/guardar', 'Se creo permiso del rol con identificador 1', 1),
	(2189, '2022-11-14 00:00:00', '20:25:02', 'c', 'l', '?/permisos/guardar', 'Se creo permiso del rol con identificador 1', 1),
	(2190, '2022-11-14 00:00:00', '20:25:02', 'c', 'l', '?/permisos/guardar', 'Se creo permiso del rol con identificador 1', 1),
	(2191, '2022-11-14 00:00:00', '20:25:02', 'c', 'l', '?/permisos/guardar', 'Se creo permiso del rol con identificador 1', 1),
	(2192, '2022-11-14 00:00:00', '20:25:02', 'c', 'l', '?/permisos/guardar', 'Se creo permiso del rol con identificador 1', 1),
	(2193, '2022-11-14 00:00:00', '20:25:02', 'c', 'l', '?/permisos/guardar', 'Se creo permiso del rol con identificador 1', 1),
	(2194, '2022-11-14 00:00:00', '20:25:02', 'c', 'l', '?/permisos/guardar', 'Se creo permiso del rol con identificador 1', 1),
	(2195, '2022-11-14 00:00:00', '20:25:02', 'c', 'l', '?/permisos/guardar', 'Se creo permiso del rol con identificador 1', 1),
	(2196, '2022-11-14 00:00:00', '20:25:02', 'c', 'l', '?/permisos/guardar', 'Se creo permiso del rol con identificador 1', 1),
	(2197, '2022-11-14 00:00:00', '20:25:02', 'c', 'l', '?/permisos/guardar', 'Se creo permiso del rol con identificador 1', 1),
	(2198, '2022-11-14 00:00:00', '20:25:02', 'c', 'l', '?/permisos/guardar', 'Se creo permiso del rol con identificador 1', 1),
	(2199, '2022-11-14 00:00:00', '20:25:02', 'c', 'l', '?/permisos/guardar', 'Se creo permiso del rol con identificador 1', 1),
	(2200, '2022-11-14 00:00:00', '20:25:02', 'c', 'l', '?/permisos/guardar', 'Se creo permiso del rol con identificador 1', 1),
	(2201, '2022-11-14 00:00:00', '20:25:02', 'c', 'l', '?/permisos/guardar', 'Se creo permiso del rol con identificador 1', 1),
	(2202, '2022-11-14 00:00:00', '20:25:02', 'c', 'l', '?/permisos/guardar', 'Se creo permiso del rol con identificador 1', 1),
	(2203, '2022-11-14 00:00:00', '20:25:02', 'c', 'l', '?/permisos/guardar', 'Se creo permiso del rol con identificador 1', 1),
	(2204, '2022-11-14 00:00:00', '20:25:02', 'c', 'l', '?/permisos/guardar', 'Se creo permiso del rol con identificador 1', 1),
	(2205, '2022-11-14 00:00:00', '20:25:02', 'c', 'l', '?/permisos/guardar', 'Se creo permiso del rol con identificador 1', 1),
	(2206, '2022-11-14 00:00:00', '20:25:02', 'c', 'l', '?/permisos/guardar', 'Se creo permiso del rol con identificador 1', 1),
	(2207, '2022-11-14 00:00:00', '20:25:02', 'c', 'l', '?/permisos/guardar', 'Se creo permiso del rol con identificador 1', 1),
	(2208, '2022-11-14 00:00:00', '20:25:02', 'c', 'l', '?/permisos/guardar', 'Se creo permiso del rol con identificador 1', 1),
	(2209, '2022-11-14 00:00:00', '20:25:02', 'c', 'l', '?/permisos/guardar', 'Se creo permiso del rol con identificador 1', 1),
	(2210, '2022-11-14 00:00:00', '20:25:02', 'c', 'l', '?/permisos/guardar', 'Se creo permiso del rol con identificador 1', 1),
	(2211, '2022-11-14 00:00:00', '20:25:02', 'c', 'l', '?/permisos/guardar', 'Se creo permiso del rol con identificador 1', 1),
	(2212, '2022-11-14 00:00:00', '20:25:02', 'c', 'l', '?/permisos/guardar', 'Se creo permiso del rol con identificador 1', 1),
	(2213, '2022-11-14 00:00:00', '20:25:02', 'c', 'l', '?/permisos/guardar', 'Se creo permiso del rol con identificador 1', 1),
	(2214, '2022-11-14 00:00:00', '20:25:02', 'c', 'l', '?/permisos/guardar', 'Se creo permiso del rol con identificador 1', 1),
	(2215, '2022-11-14 00:00:00', '20:25:02', 'c', 'l', '?/permisos/guardar', 'Se creo permiso del rol con identificador 1', 1),
	(2216, '2022-11-14 00:00:00', '20:25:02', 'c', 'l', '?/permisos/guardar', 'Se creo permiso del rol con identificador 1', 1),
	(2217, '2022-11-14 00:00:00', '20:25:02', 'c', 'l', '?/permisos/guardar', 'Se creo permiso del rol con identificador 1', 1),
	(2218, '2022-11-14 00:00:00', '20:25:02', 'c', 'l', '?/permisos/guardar', 'Se creo permiso del rol con identificador 1', 1),
	(2219, '2022-11-14 00:00:00', '20:25:02', 'c', 'l', '?/permisos/guardar', 'Se creo permiso del rol con identificador 1', 1),
	(2220, '2022-11-14 00:00:00', '20:25:02', 'c', 'l', '?/permisos/guardar', 'Se creo permiso del rol con identificador 1', 1),
	(2221, '2022-11-14 00:00:00', '20:25:02', 'c', 'l', '?/permisos/guardar', 'Se creo permiso del rol con identificador 1', 1),
	(2222, '2022-11-14 00:00:00', '20:25:02', 'c', 'l', '?/permisos/guardar', 'Se creo permiso del rol con identificador 1', 1),
	(2223, '2022-11-14 00:00:00', '20:25:02', 'c', 'l', '?/permisos/guardar', 'Se creo permiso del rol con identificador 1', 1),
	(2224, '2022-11-14 00:00:00', '20:25:02', 'c', 'l', '?/permisos/guardar', 'Se creo permiso del rol con identificador 1', 1),
	(2225, '2022-11-14 00:00:00', '20:25:02', 'c', 'l', '?/permisos/guardar', 'Se creo permiso del rol con identificador 1', 1),
	(2226, '2022-11-14 00:00:00', '20:25:02', 'c', 'l', '?/permisos/guardar', 'Se creo permiso del rol con identificador 1', 1),
	(2227, '2022-11-14 00:00:00', '20:25:02', 'c', 'l', '?/permisos/guardar', 'Se creo permiso del rol con identificador 1', 1),
	(2228, '2022-11-14 00:00:00', '20:25:02', 'c', 'l', '?/permisos/guardar', 'Se creo permiso del rol con identificador 1', 1),
	(2229, '2022-11-14 00:00:00', '20:25:02', 'c', 'l', '?/permisos/guardar', 'Se creo permiso del rol con identificador 1', 1),
	(2230, '2022-11-15 00:00:00', '09:27:09', 'c', 'l', '?/usuarios/guardar', 'Se creó usuario con identificador numero 105', 1),
	(2231, '2022-11-15 00:00:00', '09:39:45', 'c', 'l', '?/usuarios/guardar', 'Se creó usuario con identificador numero 106', 1),
	(2232, '2022-11-15 00:00:00', '12:36:56', 'c', 'l', '?/empleados/guardar', 'Se creo almacen con identificador numero 130', 1),
	(2233, '2022-11-15 00:00:00', '12:55:05', 'c', 'l', '?/tipo/guardar', 'Se inserto categoria con identificador numero 3', 1),
	(2234, '2022-11-15 00:00:00', '12:58:53', 'c', 'l', '?/tipo/guardar', 'Se inserto categoria con identificador numero 4', 1),
	(2235, '2022-11-15 00:00:00', '12:59:58', 'c', 'l', '?/unidades/guardar', 'Se inserto la unidad con identificador numero 12', 1),
	(2236, '2022-11-15 00:00:00', '13:12:28', 'u', 'l', '?/usuarios/eliminar', 'Se elimino usuario con identificador numero 105', 1),
	(2237, '2022-11-15 00:00:00', '13:12:48', 'u', 'l', '?/usuarios/guardar', 'Se actualizo usuario con identificador número 106', 1),
	(2238, '2022-11-15 00:00:00', '13:24:39', 'c', 'l', '?/control/guardar', 'Se creó ruta con identificador numero ', 1),
	(2239, '2022-11-15 00:00:00', '13:25:12', 'u', 'l', '?/control/asignar', 'Se actualizo rutas de empleado con identificador número 130', 1),
	(2240, '2022-11-15 00:00:00', '13:25:12', 'u', 'l', '?/control/asignar', 'Se actualizo historial de asignacion con identificador número ', 1),
	(2241, '2022-11-15 00:00:00', '13:25:12', 'c', 'l', '?/control/asignar', 'Se creó historial asignacion con identificador número 14', 1),
	(2242, '2022-11-15 00:00:00', '13:25:32', 'u', 'l', '?/control/asignar_dia', 'Se actualizo ruta con identificador número 181', 1),
	(2243, '2022-11-15 00:00:00', '13:26:05', 'c', 'l', '?/prioridades/guardar_prioridad', 'Se inserto la prioridad con identificador numero 33', 1),
	(2244, '2022-11-15 00:00:00', '13:26:41', 'c', 'l', '?/prioridades/guardar_motivo', 'Se guardo motivo con identificador numero 30', 1),
	(2245, '2022-11-23 00:00:00', '08:51:39', 'c', 'l', '?/usuarios/guardar', 'Se creó usuario con identificador numero 107', 1),
	(2246, '2022-11-23 00:00:00', '14:26:08', 'c', 'l', '?/permisos/guardar', 'Se creo permiso del rol con identificador 1', 1),
	(2247, '2022-11-23 00:00:00', '14:26:08', 'c', 'l', '?/permisos/guardar', 'Se creo permiso del rol con identificador 1', 1),
	(2248, '2022-11-23 00:00:00', '14:26:08', 'c', 'l', '?/permisos/guardar', 'Se creo permiso del rol con identificador 1', 1),
	(2249, '2022-11-23 00:00:00', '14:26:08', 'c', 'l', '?/permisos/guardar', 'Se creo permiso del rol con identificador 1', 1),
	(2250, '2022-11-23 00:00:00', '14:26:08', 'c', 'l', '?/permisos/guardar', 'Se creo permiso del rol con identificador 1', 1),
	(2251, '2022-11-23 00:00:00', '14:26:08', 'c', 'l', '?/permisos/guardar', 'Se creo permiso del rol con identificador 1', 1),
	(2252, '2022-11-23 00:00:00', '14:26:08', 'c', 'l', '?/permisos/guardar', 'Se creo permiso del rol con identificador 1', 1),
	(2253, '2022-11-23 00:00:00', '14:26:08', 'c', 'l', '?/permisos/guardar', 'Se creo permiso del rol con identificador 1', 1),
	(2254, '2022-11-23 00:00:00', '14:26:08', 'c', 'l', '?/permisos/guardar', 'Se creo permiso del rol con identificador 1', 1),
	(2255, '2022-11-23 00:00:00', '14:26:08', 'c', 'l', '?/permisos/guardar', 'Se creo permiso del rol con identificador 1', 1),
	(2256, '2022-11-23 00:00:00', '14:26:08', 'c', 'l', '?/permisos/guardar', 'Se creo permiso del rol con identificador 1', 1),
	(2257, '2022-11-23 00:00:00', '14:26:08', 'c', 'l', '?/permisos/guardar', 'Se creo permiso del rol con identificador 1', 1),
	(2258, '2022-11-23 00:00:00', '14:26:08', 'c', 'l', '?/permisos/guardar', 'Se creo permiso del rol con identificador 1', 1),
	(2259, '2022-11-23 00:00:00', '14:26:08', 'c', 'l', '?/permisos/guardar', 'Se creo permiso del rol con identificador 1', 1),
	(2260, '2022-11-23 00:00:00', '14:26:08', 'c', 'l', '?/permisos/guardar', 'Se creo permiso del rol con identificador 1', 1),
	(2261, '2022-11-23 00:00:00', '14:26:08', 'c', 'l', '?/permisos/guardar', 'Se creo permiso del rol con identificador 1', 1),
	(2262, '2022-11-23 00:00:00', '14:26:08', 'c', 'l', '?/permisos/guardar', 'Se creo permiso del rol con identificador 1', 1),
	(2263, '2022-11-23 00:00:00', '14:26:08', 'c', 'l', '?/permisos/guardar', 'Se creo permiso del rol con identificador 1', 1),
	(2264, '2022-11-23 00:00:00', '14:26:08', 'c', 'l', '?/permisos/guardar', 'Se creo permiso del rol con identificador 1', 1),
	(2265, '2022-11-23 00:00:00', '14:26:08', 'c', 'l', '?/permisos/guardar', 'Se creo permiso del rol con identificador 1', 1),
	(2266, '2022-11-23 00:00:00', '14:26:08', 'c', 'l', '?/permisos/guardar', 'Se creo permiso del rol con identificador 1', 1),
	(2267, '2022-11-23 00:00:00', '14:26:08', 'c', 'l', '?/permisos/guardar', 'Se creo permiso del rol con identificador 1', 1),
	(2268, '2022-11-23 00:00:00', '14:26:08', 'c', 'l', '?/permisos/guardar', 'Se creo permiso del rol con identificador 1', 1),
	(2269, '2022-11-23 00:00:00', '14:26:08', 'c', 'l', '?/permisos/guardar', 'Se creo permiso del rol con identificador 1', 1),
	(2270, '2022-11-23 00:00:00', '14:26:08', 'c', 'l', '?/permisos/guardar', 'Se creo permiso del rol con identificador 1', 1),
	(2271, '2022-11-23 00:00:00', '14:26:08', 'c', 'l', '?/permisos/guardar', 'Se creo permiso del rol con identificador 1', 1),
	(2272, '2022-11-23 00:00:00', '14:26:08', 'c', 'l', '?/permisos/guardar', 'Se creo permiso del rol con identificador 1', 1),
	(2273, '2022-11-23 00:00:00', '14:26:08', 'c', 'l', '?/permisos/guardar', 'Se creo permiso del rol con identificador 1', 1),
	(2274, '2022-11-23 00:00:00', '14:26:08', 'c', 'l', '?/permisos/guardar', 'Se creo permiso del rol con identificador 1', 1),
	(2275, '2022-11-23 00:00:00', '14:26:08', 'c', 'l', '?/permisos/guardar', 'Se creo permiso del rol con identificador 1', 1),
	(2276, '2022-11-23 00:00:00', '14:26:08', 'c', 'l', '?/permisos/guardar', 'Se creo permiso del rol con identificador 1', 1),
	(2277, '2022-11-23 00:00:00', '14:26:08', 'c', 'l', '?/permisos/guardar', 'Se creo permiso del rol con identificador 1', 1),
	(2278, '2022-11-23 00:00:00', '14:26:08', 'c', 'l', '?/permisos/guardar', 'Se creo permiso del rol con identificador 1', 1),
	(2279, '2022-11-23 00:00:00', '14:26:08', 'c', 'l', '?/permisos/guardar', 'Se creo permiso del rol con identificador 1', 1),
	(2280, '2022-11-23 00:00:00', '14:26:08', 'c', 'l', '?/permisos/guardar', 'Se creo permiso del rol con identificador 1', 1),
	(2281, '2022-11-23 00:00:00', '14:26:08', 'c', 'l', '?/permisos/guardar', 'Se creo permiso del rol con identificador 1', 1),
	(2282, '2022-11-23 00:00:00', '14:26:08', 'c', 'l', '?/permisos/guardar', 'Se creo permiso del rol con identificador 1', 1),
	(2283, '2022-11-23 00:00:00', '14:26:08', 'c', 'l', '?/permisos/guardar', 'Se creo permiso del rol con identificador 1', 1),
	(2284, '2022-11-23 00:00:00', '14:26:08', 'c', 'l', '?/permisos/guardar', 'Se creo permiso del rol con identificador 1', 1),
	(2285, '2022-11-23 00:00:00', '14:26:08', 'c', 'l', '?/permisos/guardar', 'Se creo permiso del rol con identificador 1', 1),
	(2286, '2022-11-23 00:00:00', '14:26:08', 'c', 'l', '?/permisos/guardar', 'Se creo permiso del rol con identificador 1', 1),
	(2287, '2022-11-23 00:00:00', '14:26:08', 'c', 'l', '?/permisos/guardar', 'Se creo permiso del rol con identificador 1', 1),
	(2288, '2022-11-23 00:00:00', '14:26:08', 'c', 'l', '?/permisos/guardar', 'Se creo permiso del rol con identificador 1', 1),
	(2289, '2022-11-23 00:00:00', '14:26:08', 'c', 'l', '?/permisos/guardar', 'Se creo permiso del rol con identificador 1', 1),
	(2290, '2022-11-23 00:00:00', '14:26:08', 'c', 'l', '?/permisos/guardar', 'Se creo permiso del rol con identificador 1', 1),
	(2291, '2022-11-23 00:00:00', '14:26:08', 'c', 'l', '?/permisos/guardar', 'Se creo permiso del rol con identificador 1', 1),
	(2292, '2022-11-23 00:00:00', '14:26:08', 'c', 'l', '?/permisos/guardar', 'Se creo permiso del rol con identificador 1', 1),
	(2293, '2022-11-23 00:00:00', '14:26:08', 'c', 'l', '?/permisos/guardar', 'Se creo permiso del rol con identificador 1', 1),
	(2294, '2022-11-23 00:00:00', '14:26:08', 'c', 'l', '?/permisos/guardar', 'Se creo permiso del rol con identificador 1', 1),
	(2295, '2022-11-23 00:00:00', '14:26:08', 'c', 'l', '?/permisos/guardar', 'Se creo permiso del rol con identificador 1', 1),
	(2296, '2022-11-23 00:00:00', '14:26:08', 'c', 'l', '?/permisos/guardar', 'Se creo permiso del rol con identificador 1', 1),
	(2297, '2022-11-23 00:00:00', '14:26:08', 'c', 'l', '?/permisos/guardar', 'Se creo permiso del rol con identificador 1', 1),
	(2298, '2022-11-23 00:00:00', '14:26:08', 'c', 'l', '?/permisos/guardar', 'Se creo permiso del rol con identificador 1', 1),
	(2299, '2022-11-23 00:00:00', '14:26:08', 'c', 'l', '?/permisos/guardar', 'Se creo permiso del rol con identificador 1', 1),
	(2300, '2022-11-23 00:00:00', '14:26:08', 'c', 'l', '?/permisos/guardar', 'Se creo permiso del rol con identificador 1', 1),
	(2301, '2022-11-23 00:00:00', '14:26:08', 'c', 'l', '?/permisos/guardar', 'Se creo permiso del rol con identificador 1', 1),
	(2302, '2022-11-23 00:00:00', '14:26:08', 'c', 'l', '?/permisos/guardar', 'Se creo permiso del rol con identificador 1', 1),
	(2303, '2022-11-23 00:00:00', '14:26:08', 'c', 'l', '?/permisos/guardar', 'Se creo permiso del rol con identificador 1', 1),
	(2304, '2022-11-23 00:00:00', '14:26:08', 'c', 'l', '?/permisos/guardar', 'Se creo permiso del rol con identificador 1', 1),
	(2305, '2022-11-23 00:00:00', '14:26:08', 'c', 'l', '?/permisos/guardar', 'Se creo permiso del rol con identificador 1', 1),
	(2306, '2022-11-23 00:00:00', '14:26:08', 'c', 'l', '?/permisos/guardar', 'Se creo permiso del rol con identificador 1', 1),
	(2307, '2022-11-23 00:00:00', '14:26:08', 'c', 'l', '?/permisos/guardar', 'Se creo permiso del rol con identificador 1', 1),
	(2308, '2022-11-23 00:00:00', '14:26:08', 'c', 'l', '?/permisos/guardar', 'Se creo permiso del rol con identificador 1', 1),
	(2309, '2022-11-23 00:00:00', '14:26:08', 'c', 'l', '?/permisos/guardar', 'Se creo permiso del rol con identificador 1', 1),
	(2310, '2022-11-23 00:00:00', '14:26:08', 'c', 'l', '?/permisos/guardar', 'Se creo permiso del rol con identificador 1', 1),
	(2311, '2022-11-23 00:00:00', '14:26:08', 'c', 'l', '?/permisos/guardar', 'Se creo permiso del rol con identificador 1', 1),
	(2312, '2022-11-23 00:00:00', '14:26:08', 'c', 'l', '?/permisos/guardar', 'Se creo permiso del rol con identificador 1', 1),
	(2313, '2022-11-23 00:00:00', '14:26:08', 'c', 'l', '?/permisos/guardar', 'Se creo permiso del rol con identificador 1', 1),
	(2314, '2022-11-23 00:00:00', '14:26:08', 'c', 'l', '?/permisos/guardar', 'Se creo permiso del rol con identificador 1', 1),
	(2315, '2022-11-23 00:00:00', '14:26:08', 'c', 'l', '?/permisos/guardar', 'Se creo permiso del rol con identificador 1', 1),
	(2316, '2022-11-23 00:00:00', '14:26:08', 'c', 'l', '?/permisos/guardar', 'Se creo permiso del rol con identificador 1', 1),
	(2317, '2022-11-23 00:00:00', '14:26:08', 'c', 'l', '?/permisos/guardar', 'Se creo permiso del rol con identificador 1', 1),
	(2318, '2022-11-23 00:00:00', '14:26:08', 'c', 'l', '?/permisos/guardar', 'Se creo permiso del rol con identificador 1', 1),
	(2319, '2022-11-23 00:00:00', '14:26:08', 'c', 'l', '?/permisos/guardar', 'Se creo permiso del rol con identificador 1', 1),
	(2320, '2022-11-23 00:00:00', '14:26:08', 'c', 'l', '?/permisos/guardar', 'Se creo permiso del rol con identificador 1', 1),
	(2321, '2022-11-23 00:00:00', '14:26:08', 'c', 'l', '?/permisos/guardar', 'Se creo permiso del rol con identificador 1', 1),
	(2322, '2022-11-23 00:00:00', '14:26:08', 'c', 'l', '?/permisos/guardar', 'Se creo permiso del rol con identificador 1', 1),
	(2323, '2022-11-23 00:00:00', '14:26:08', 'c', 'l', '?/permisos/guardar', 'Se creo permiso del rol con identificador 1', 1),
	(2324, '2022-11-23 00:00:00', '14:26:08', 'c', 'l', '?/permisos/guardar', 'Se creo permiso del rol con identificador 1', 1),
	(2325, '2022-11-23 00:00:00', '14:26:08', 'c', 'l', '?/permisos/guardar', 'Se creo permiso del rol con identificador 1', 1),
	(2326, '2022-11-23 00:00:00', '14:26:08', 'c', 'l', '?/permisos/guardar', 'Se creo permiso del rol con identificador 1', 1),
	(2327, '2022-11-23 00:00:00', '14:26:08', 'c', 'l', '?/permisos/guardar', 'Se creo permiso del rol con identificador 1', 1),
	(2328, '2022-11-23 00:00:00', '14:26:08', 'c', 'l', '?/permisos/guardar', 'Se creo permiso del rol con identificador 1', 1),
	(2329, '2022-11-23 00:00:00', '14:26:08', 'c', 'l', '?/permisos/guardar', 'Se creo permiso del rol con identificador 1', 1),
	(2330, '2022-11-23 00:00:00', '14:26:08', 'c', 'l', '?/permisos/guardar', 'Se creo permiso del rol con identificador 1', 1),
	(2331, '2022-11-23 00:00:00', '14:26:08', 'c', 'l', '?/permisos/guardar', 'Se creo permiso del rol con identificador 1', 1),
	(2332, '2022-11-23 00:00:00', '14:26:08', 'c', 'l', '?/permisos/guardar', 'Se creo permiso del rol con identificador 1', 1),
	(2333, '2022-11-23 00:00:00', '14:26:08', 'c', 'l', '?/permisos/guardar', 'Se creo permiso del rol con identificador 1', 1),
	(2334, '2022-11-23 00:00:00', '14:26:08', 'c', 'l', '?/permisos/guardar', 'Se creo permiso del rol con identificador 1', 1),
	(2335, '2022-11-23 00:00:00', '14:26:08', 'c', 'l', '?/permisos/guardar', 'Se creo permiso del rol con identificador 1', 1),
	(2336, '2022-11-23 00:00:00', '14:26:08', 'c', 'l', '?/permisos/guardar', 'Se creo permiso del rol con identificador 1', 1),
	(2337, '2022-11-23 00:00:00', '14:26:08', 'c', 'l', '?/permisos/guardar', 'Se creo permiso del rol con identificador 1', 1),
	(2338, '2022-11-23 00:00:00', '14:26:08', 'c', 'l', '?/permisos/guardar', 'Se creo permiso del rol con identificador 1', 1),
	(2339, '2022-11-23 00:00:00', '14:26:08', 'c', 'l', '?/permisos/guardar', 'Se creo permiso del rol con identificador 1', 1),
	(2340, '2022-11-23 00:00:00', '14:26:08', 'c', 'l', '?/permisos/guardar', 'Se creo permiso del rol con identificador 1', 1),
	(2341, '2022-11-23 00:00:00', '14:26:08', 'c', 'l', '?/permisos/guardar', 'Se creo permiso del rol con identificador 1', 1),
	(2342, '2022-11-23 00:00:00', '14:49:46', 'c', 'l', '?/almacenes/guardar', 'Se creo inventario egreso con identificador numero 4', 1),
	(2343, '2022-11-23 00:00:00', '14:49:46', 'c', 'l', '?/preventas/guardar', 'Se creó inventario egreso detalle con identificador número 6', 1),
	(2344, '2022-11-23 00:00:00', '14:50:24', 'c', 'l', '?/almacenes/guardar', 'Se creo inventario egreso con identificador numero 5', 1),
	(2345, '2022-11-23 00:00:00', '14:50:24', 'c', 'l', '?/preventas/guardar', 'Se creó inventario egreso detalle con identificador número 7', 1),
	(2346, '2022-11-23 00:00:00', '14:50:53', 'c', 'l', '?/almacenes/guardar', 'Se creo inventario egreso con identificador numero 6', 1),
	(2347, '2022-11-23 00:00:00', '14:50:53', 'c', 'l', '?/preventas/guardar', 'Se creó inventario egreso detalle con identificador número 8', 1),
	(2348, '2022-11-23 00:00:00', '14:51:19', 'c', 'l', '?/almacenes/guardar', 'Se creo inventario egreso con identificador numero 7', 1),
	(2349, '2022-11-23 00:00:00', '14:51:19', 'c', 'l', '?/preventas/guardar', 'Se creó inventario egreso detalle con identificador número 9', 1),
	(2350, '2022-11-23 00:00:00', '15:23:56', 'c', 'l', '?/almacenes/guardar', 'Se creo inventario egreso con identificador numero 8', 1),
	(2351, '2022-11-23 00:00:00', '15:23:56', 'c', 'l', '?/preventas/guardar', 'Se creó inventario egreso detalle con identificador número 10', 1),
	(2352, '2022-11-23 00:00:00', '15:24:22', 'c', 'l', '?/almacenes/guardar', 'Se creo inventario egreso con identificador numero 9', 1),
	(2353, '2022-11-23 00:00:00', '15:24:22', 'c', 'l', '?/preventas/guardar', 'Se creó inventario egreso detalle con identificador número 11', 1),
	(2354, '2022-11-23 00:00:00', '15:24:54', 'c', 'l', '?/almacenes/guardar', 'Se creo inventario egreso con identificador numero 10', 1),
	(2355, '2022-11-23 00:00:00', '15:24:54', 'c', 'l', '?/preventas/guardar', 'Se creó inventario egreso detalle con identificador número 12', 1),
	(2356, '2022-11-23 00:00:00', '15:25:13', 'c', 'l', '?/almacenes/guardar', 'Se creo inventario egreso con identificador numero 11', 1),
	(2357, '2022-11-23 00:00:00', '15:25:13', 'c', 'l', '?/preventas/guardar', 'Se creó inventario egreso detalle con identificador número 13', 1),
	(2358, '2022-11-23 00:00:00', '15:25:36', 'c', 'l', '?/almacenes/guardar', 'Se creo inventario egreso con identificador numero 12', 1),
	(2359, '2022-11-23 00:00:00', '15:25:36', 'c', 'l', '?/preventas/guardar', 'Se creó inventario egreso detalle con identificador número 14', 1),
	(2360, '2022-11-23 00:00:00', '15:26:23', 'c', 'l', '?/almacenes/guardar', 'Se creo inventario egreso con identificador numero 13', 1),
	(2361, '2022-11-23 00:00:00', '15:26:23', 'c', 'l', '?/preventas/guardar', 'Se creó inventario egreso detalle con identificador número 15', 1),
	(2362, '2022-11-23 00:00:00', '15:26:49', 'c', 'l', '?/almacenes/guardar', 'Se creo inventario egreso con identificador numero 14', 1),
	(2363, '2022-11-23 00:00:00', '15:26:49', 'c', 'l', '?/preventas/guardar', 'Se creó inventario egreso detalle con identificador número 16', 1);
/*!40000 ALTER TABLE `sys_procesos` ENABLE KEYS */;

-- Volcando estructura para tabla distribucion.sys_procesos_device
CREATE TABLE IF NOT EXISTS `sys_procesos_device` (
  `id_proceso` int(11) NOT NULL AUTO_INCREMENT,
  `fecha_proceso` datetime NOT NULL,
  `hora_proceso` time NOT NULL,
  `proceso` enum('c','r','u','d','ce','a') CHARACTER SET latin1 NOT NULL,
  `nivel` enum('l','m','h') CHARACTER SET utf8 COLLATE utf8_unicode_ci NOT NULL,
  `direccion` varchar(200) CHARACTER SET utf8 COLLATE utf8_unicode_ci NOT NULL,
  `detalle` text NOT NULL,
  `id_movimiento` int(11) NOT NULL DEFAULT 0,
  `usuario_id` int(11) NOT NULL,
  `imei` varchar(50) DEFAULT NULL,
  PRIMARY KEY (`id_proceso`)
) ENGINE=MyISAM DEFAULT CHARSET=utf8;

-- Volcando datos para la tabla distribucion.sys_procesos_device: 0 rows
/*!40000 ALTER TABLE `sys_procesos_device` DISABLE KEYS */;
/*!40000 ALTER TABLE `sys_procesos_device` ENABLE KEYS */;

-- Volcando estructura para tabla distribucion.sys_reportes
CREATE TABLE IF NOT EXISTS `sys_reportes` (
  `id_reporte` int(11) NOT NULL AUTO_INCREMENT,
  `fecha_registro` date DEFAULT NULL,
  `hora_registro` time DEFAULT NULL,
  `reporte` varchar(500) COLLATE utf8_spanish_ci NOT NULL DEFAULT '',
  `modulo` varchar(500) COLLATE utf8_spanish_ci NOT NULL DEFAULT '',
  `archivo` varchar(500) COLLATE utf8_spanish_ci NOT NULL DEFAULT '',
  `habilitado` enum('No','Si') COLLATE utf8_spanish_ci NOT NULL DEFAULT 'No',
  PRIMARY KEY (`id_reporte`) USING BTREE
) ENGINE=InnoDB AUTO_INCREMENT=2 DEFAULT CHARSET=utf8 COLLATE=utf8_spanish_ci;

-- Volcando datos para la tabla distribucion.sys_reportes: ~0 rows (aproximadamente)
/*!40000 ALTER TABLE `sys_reportes` DISABLE KEYS */;
INSERT INTO `sys_reportes` (`id_reporte`, `fecha_registro`, `hora_registro`, `reporte`, `modulo`, `archivo`, `habilitado`) VALUES
	(1, '2022-01-14', '10:09:24', 'pdf', 'vendedor', 'imprimir', 'No');
/*!40000 ALTER TABLE `sys_reportes` ENABLE KEYS */;

-- Volcando estructura para tabla distribucion.sys_reportes_detalles
CREATE TABLE IF NOT EXISTS `sys_reportes_detalles` (
  `id_detalle` int(11) NOT NULL AUTO_INCREMENT,
  `atributo` varchar(500) COLLATE utf8_spanish_ci DEFAULT NULL,
  `detalle` text COLLATE utf8_spanish_ci DEFAULT NULL,
  `reporte_id` int(11) NOT NULL DEFAULT 0,
  PRIMARY KEY (`id_detalle`)
) ENGINE=InnoDB AUTO_INCREMENT=2 DEFAULT CHARSET=utf8 COLLATE=utf8_spanish_ci;

-- Volcando datos para la tabla distribucion.sys_reportes_detalles: ~0 rows (aproximadamente)
/*!40000 ALTER TABLE `sys_reportes_detalles` DISABLE KEYS */;
INSERT INTO `sys_reportes_detalles` (`id_detalle`, `atributo`, `detalle`, `reporte_id`) VALUES
	(1, 'titulo', 'COTIZACIÓN', 1);
/*!40000 ALTER TABLE `sys_reportes_detalles` ENABLE KEYS */;

-- Volcando estructura para tabla distribucion.sys_roles
CREATE TABLE IF NOT EXISTS `sys_roles` (
  `id_rol` int(11) NOT NULL AUTO_INCREMENT,
  `rol` varchar(100) CHARACTER SET latin1 NOT NULL,
  `descripcion` text CHARACTER SET utf8 COLLATE utf8_unicode_ci NOT NULL,
  PRIMARY KEY (`id_rol`)
) ENGINE=MyISAM AUTO_INCREMENT=18 DEFAULT CHARSET=utf8;

-- Volcando datos para la tabla distribucion.sys_roles: 5 rows
/*!40000 ALTER TABLE `sys_roles` DISABLE KEYS */;
INSERT INTO `sys_roles` (`id_rol`, `rol`, `descripcion`) VALUES
	(1, 'Superusuario', 'Usuario con acceso total del sistema'),
	(2, 'Administrador', 'Usuario con acceso general del sistema'),
	(3, 'Preventistas', 'Usuario con acceso parcial del sistema'),
	(4, 'Distribuidor', 'Encargado de  entregar los pedidos que registraron los vendedores'),
	(5, 'Encargado de almacen', 'Encargado de almacen');
/*!40000 ALTER TABLE `sys_roles` ENABLE KEYS */;

-- Volcando estructura para tabla distribucion.sys_users
CREATE TABLE IF NOT EXISTS `sys_users` (
  `id_user` int(11) NOT NULL AUTO_INCREMENT,
  `username` varchar(100) CHARACTER SET latin1 NOT NULL,
  `password` varchar(100) CHARACTER SET latin1 NOT NULL,
  `email` varchar(100) CHARACTER SET latin1 NOT NULL,
  `avatar` varchar(100) CHARACTER SET latin1 NOT NULL,
  `active` int(11) NOT NULL,
  `login_at` datetime NOT NULL,
  `logout_at` datetime NOT NULL,
  `rol_id` int(11) NOT NULL,
  `persona_id` int(11) NOT NULL,
  `almacen_id` int(11) NOT NULL DEFAULT 1,
  PRIMARY KEY (`id_user`),
  KEY `rol_id` (`rol_id`),
  KEY `persona_id` (`persona_id`),
  KEY `almacen_id` (`almacen_id`)
) ENGINE=MyISAM AUTO_INCREMENT=108 DEFAULT CHARSET=utf8;

-- Volcando datos para la tabla distribucion.sys_users: 4 rows
/*!40000 ALTER TABLE `sys_users` DISABLE KEYS */;
INSERT INTO `sys_users` (`id_user`, `username`, `password`, `email`, `avatar`, `active`, `login_at`, `logout_at`, `rol_id`, `persona_id`, `almacen_id`) VALUES
	(1, 'checkcode', '727e8337449f57726ebf45335e2e0984c7c9cf8a', 'info@dominio.com', 'cc885704c6d1ecd69f310b36a26ec129.jpg', 1, '2022-11-23 15:16:35', '2022-11-23 15:16:35', 1, 1, 22),
	(103, 'distrisam1', '33b50afea85325f2a9cdd5d993baa17926d16c72', 'distrisam1@gmail.com', '', 1, '0000-00-00 00:00:00', '0000-00-00 00:00:00', 4, 128, 22),
	(104, 'dany', 'c249ed19ec0747f6f7481a1b3763c201caf77554', 'dany@gmail.com', '', 1, '0000-00-00 00:00:00', '0000-00-00 00:00:00', 4, 129, 22);
/*!40000 ALTER TABLE `sys_users` ENABLE KEYS */;

-- Volcando estructura para tabla distribucion.sys_users_devices
CREATE TABLE IF NOT EXISTS `sys_users_devices` (
  `id_device` int(11) NOT NULL AUTO_INCREMENT,
  `fecha_registro` date DEFAULT NULL,
  `hora_registro` time DEFAULT NULL,
  `model` varchar(500) COLLATE utf8_spanish_ci NOT NULL,
  `user_id` int(11) NOT NULL DEFAULT 0,
  `token` varchar(50) COLLATE utf8_spanish_ci NOT NULL DEFAULT '',
  `imei` varchar(500) COLLATE utf8_spanish_ci NOT NULL,
  `cant_users` int(11) NOT NULL DEFAULT 0,
  `tipo` enum('Basic','Premium') COLLATE utf8_spanish_ci NOT NULL DEFAULT 'Basic',
  PRIMARY KEY (`id_device`)
) ENGINE=InnoDB AUTO_INCREMENT=44 DEFAULT CHARSET=utf8 COLLATE=utf8_spanish_ci;

-- Volcando datos para la tabla distribucion.sys_users_devices: ~37 rows (aproximadamente)
/*!40000 ALTER TABLE `sys_users_devices` DISABLE KEYS */;
INSERT INTO `sys_users_devices` (`id_device`, `fecha_registro`, `hora_registro`, `model`, `user_id`, `token`, `imei`, `cant_users`, `tipo`) VALUES
	(4, '2022-02-14', '10:55:04', 'Xiaomi M2101K6G', 101, 'fc78ba2c8bee5c39d67b745189f9adf7ec91ebc5', 'b243f63b7dcfb366', 0, 'Premium'),
	(5, '2022-02-15', '14:32:26', 'Xiaomi M2101K6R', 101, '6016c97ab0151f63be5726fc85ebc00253aa30c1', '5ac90add7b824a70', 0, 'Premium'),
	(6, '2022-10-27', '23:55:27', 'Xiaomi 2201116PG', 105, '04fb2d2a3246c6e211ee7d6ba065273a24b40d3e', '7ef0e8c1e1bec41c', 0, 'Basic'),
	(7, '2022-11-02', '19:26:01', 'Xiaomi Redmi Note 8', 108, 'e2c057f901a2d05390d71b699abe1a2b7bac5144', 'c86258d4a7b09cd0', 0, 'Basic'),
	(8, '2022-11-02', '19:28:21', 'Sony J9210', 109, '775503369f8da7d74023bd41cf9f73d7f76474b2', '41984f79a30dca9c', 0, 'Basic'),
	(9, '2022-11-02', '19:30:42', 'Xiaomi Redmi Note 9S', 112, 'd4c6d3d7f70418a887ae7b5d94d74721bbefbaac', '6f3fbe9e821a68e7', 0, 'Basic'),
	(10, '2022-11-02', '20:15:59', 'Samsung SM-A207M', 115, 'c7c92ce5cfe34833bdbf3013b066b6fd426d3ad1', '03dadc7142088ded', 0, 'Basic'),
	(11, '2022-11-02', '20:24:37', 'TECNO MOBILE LIMITED TECNO KE5k', 114, '67d3013afad40ee6b230c7d02dc9cbb6528b4b4e', '933e94e48d24e4aa', 0, 'Basic'),
	(12, '2022-11-02', '20:39:26', 'Samsung SM-A125M', 115, 'd85777f2d086812dec2b3e14ffdab7f5e54eccaf', 'd5fec44abdb668d1', 0, 'Basic'),
	(13, '2022-11-03', '06:41:45', 'TECNO MOBILE LIMITED TECNO KF6p', 113, '3fc18d01dff00d6a0308654c9e8375fdd910221c', '02d5a63588a11065', 0, 'Basic'),
	(14, '2022-11-03', '08:34:07', 'Samsung SM-A515F', 116, '04a2857ad62982684082b3fe196b9d3d2974e17c', '679296f5d33b8ef9', 0, 'Basic'),
	(15, '2022-11-03', '09:11:19', 'HUAWEI STK-LX3', 117, '570a22b5acaa35e6de980f40386c26a2582ac9e2', '80c89002b3404261', 0, 'Basic'),
	(16, '2022-11-03', '21:51:14', 'Realme RMX3242', 110, '672d7eb2dfbd64396955462e6e7e26c1709b2f20', 'ec1b99ed51cba502', 0, 'Basic'),
	(17, '2022-11-03', '22:55:16', 'Samsung SM-J510MN', 118, '992e4fefaf733ab9685f51d6e2ceb3ffe47c1758', 'f8efdcefe12700d7', 0, 'Basic'),
	(18, '2022-11-04', '09:11:40', 'Samsung SM-A015M', 118, '9e8e6f45b31dfb26f5a08a7a1d157bda99c0a80e', 'd8930affa6a608a8', 0, 'Basic'),
	(19, '2022-11-04', '09:21:50', 'Samsung SM-G950F', 107, 'e815309557f7eb96e74861ef239c6aa59df9b1c7', '9781934c976fcd1b', 0, 'Basic'),
	(20, '2022-11-06', '12:40:58', 'HUAWEI DUB-LX3', 124, '6bbdd98030cf505550abb3b67a4fbce6d150ed38', '57d95721f7dfed95', 0, 'Basic'),
	(21, '2022-11-06', '14:29:18', 'HUAWEI POT-LX3', 115, '48d6c63fa188428756df74f6b42e7d0399d9fb2f', 'bbe0513c03796ffb', 0, 'Basic'),
	(22, '2022-11-07', '08:24:59', 'HUAWEI LUA-L13', 119, '198cf579ed3c694ed47745331b7bf525e2cfccc8', 'd81d5343a8a85e2b', 0, 'Basic'),
	(23, '2022-11-07', '08:34:01', 'Samsung SM-J701M', 121, 'ec449b8d78d8ad27cf141574c1bb87d6434a82be', '4cf3dda26bf7e7bb', 0, 'Basic'),
	(24, '2022-11-07', '08:59:06', 'HUAWEI HMA-L29', 125, '7ae9f7d6657574dee4c3164d85f7d48d3504d8e9', '937c5f9a21d8b7f8', 0, 'Basic'),
	(27, '2022-11-08', '08:17:13', 'Xiaomi Mi A3', 109, '43d7f570b09e89d11d5074217015f5f9b260f2ab', '3c1837aacaae6109', 0, 'Basic'),
	(28, '2022-11-08', '08:27:46', 'ZTE Blade A31 Lite', 118, '4d46f85e95aac6d14589051c589a105a06b21f14', '122853df3528f8f4', 0, 'Basic'),
	(29, '2022-11-08', '09:31:42', 'Xiaomi 21091116UG', 130, '6cfcd361b14bb66e973fff844a4f69d20ef2799d', 'd0d294853dc90192', 0, 'Basic'),
	(31, '2022-11-08', '21:34:56', 'Samsung SM-J260M', 132, '6cfefb44014cfa78e5d531039a8745345c01167c', '0e34c4f5c0ce8ba3', 0, 'Basic'),
	(32, '2022-11-09', '08:24:03', 'ZTE Blade A31 Lite', 118, '9e0b06fa97cc7c86fdc091fd2bdd5857437eeb11', '95e139f9e5d15a24', 0, 'Basic'),
	(33, '2022-11-09', '09:10:35', 'TECNO MOBILE LIMITED TECNO KG5k', 133, 'f3f4e25fe3254c2cdfbdf2018693a81672c1ec9e', '636d21fdeca46092', 0, 'Basic'),
	(34, '2022-11-09', '11:07:17', 'Xiaomi M2004J19C', 131, '5edb0c3247f63107ddbe525e9eb4ae03a1994acd', '5d1c142cd0431bf6', 0, 'Basic'),
	(35, '2022-11-10', '17:39:55', 'HUAWEI ANE-LX3', 123, 'd47522646d433f03bdaa9de9df61f314d5b052be', 'c0efa2451194395f', 0, 'Basic'),
	(36, '2022-11-11', '06:45:06', 'HUAWEI ANE-LX3', 139, 'aa574b993328fe04adb024785011ce616d3d17c1', '5c382d3cb6406c6a', 0, 'Basic'),
	(37, '2022-11-13', '18:55:38', 'Xiaomi M2101K7BG', 112, 'da1e881b4c759a860fca0bd4cdf8c2ab65465f3a', 'abe6aafaf8897282', 0, 'Basic'),
	(38, '2022-11-14', '09:30:20', 'HUAWEI STK-LX3', 110, '9ae5dd9c9c84b3c45245fef55f928bd4462e73f8', 'e31d0aca84bd4b85', 0, 'Basic'),
	(39, '2022-11-14', '09:32:57', 'Samsung SM-A107M', 141, '6a04648cb0401a870dc0d52e511e1dc630aa92a9', '44ee61151dfc4e08', 0, 'Basic'),
	(40, '2022-11-14', '15:36:21', 'INFINIX MOBILITY LIMITED Infinix X682B', 112, '34607e383e7599c17c736d9642ccacc165557e53', '0814594525dc412d', 0, 'Basic'),
	(41, '2022-11-16', '07:27:24', 'Samsung SM-J320M', 142, '347c4f2e74551e09b0508610dcc65c9c5b76035a', '8df6042c359a61a1', 0, 'Basic'),
	(42, '2022-11-16', '14:37:35', 'Xiaomi M2004J19C', 123, '413e4b7c74e4ab534115ddc11843d907d8e303a2', '77b173dae5cb9825', 0, 'Premium'),
	(43, '2022-02-15', '14:32:26', 'Xiaomi M2101K6R', 101, '6016c97ab0151f63be5726fc85ebc00253aa30c1', '5ac90add7b824a70', 0, 'Basic');
/*!40000 ALTER TABLE `sys_users_devices` ENABLE KEYS */;

-- Volcando estructura para tabla distribucion.sys_users_devices_detalles
CREATE TABLE IF NOT EXISTS `sys_users_devices_detalles` (
  `id_detalle` int(11) NOT NULL AUTO_INCREMENT,
  `fecha_registro` date DEFAULT NULL,
  `hora_registro` time DEFAULT NULL,
  `user_id` int(11) NOT NULL DEFAULT 0,
  `token` varchar(50) COLLATE utf8_spanish_ci NOT NULL DEFAULT '',
  `device_id` int(11) NOT NULL DEFAULT 0,
  PRIMARY KEY (`id_detalle`)
) ENGINE=InnoDB AUTO_INCREMENT=4 DEFAULT CHARSET=utf8 COLLATE=utf8_spanish_ci;

-- Volcando datos para la tabla distribucion.sys_users_devices_detalles: ~3 rows (aproximadamente)
/*!40000 ALTER TABLE `sys_users_devices_detalles` DISABLE KEYS */;
INSERT INTO `sys_users_devices_detalles` (`id_detalle`, `fecha_registro`, `hora_registro`, `user_id`, `token`, `device_id`) VALUES
	(1, '2022-02-16', '14:16:35', 76, 'b4e785ab71888c308a0d9cf115529b27578c9846', 4),
	(2, '2022-02-16', '14:22:46', 82, '88c59353aa9a43f99e2951f3ea3f9c3608a79b98', 4),
	(3, '2022-02-18', '11:34:23', 102, '38205dc09ed115e8780a299ffecd874bc867c53e', 4);
/*!40000 ALTER TABLE `sys_users_devices_detalles` ENABLE KEYS */;

-- Volcando estructura para tabla distribucion.tmp_egresos
CREATE TABLE IF NOT EXISTS `tmp_egresos` (
  `id_tmp_egreso` int(11) NOT NULL AUTO_INCREMENT,
  `id_egreso` int(11) NOT NULL,
  `fecha_egreso` date NOT NULL,
  `hora_egreso` time NOT NULL,
  `tipo` enum('Venta','Traspaso','Baja') CHARACTER SET utf8 COLLATE utf8_unicode_ci NOT NULL,
  `provisionado` enum('N','S') NOT NULL,
  `descripcion` text CHARACTER SET utf8 COLLATE utf8_unicode_ci NOT NULL,
  `nro_factura` varchar(20) NOT NULL DEFAULT '',
  `nro_autorizacion` varchar(20) CHARACTER SET utf8 COLLATE utf8_unicode_ci NOT NULL,
  `codigo_control` varchar(20) CHARACTER SET utf8 COLLATE utf8_unicode_ci NOT NULL,
  `fecha_limite` date NOT NULL,
  `monto_total` decimal(10,2) NOT NULL,
  `descuento_porcentaje` int(11) NOT NULL DEFAULT 0,
  `descuento_bs` decimal(20,2) NOT NULL DEFAULT 0.00,
  `monto_total_descuento` decimal(20,2) NOT NULL DEFAULT 0.00,
  `cliente_id` int(11) NOT NULL DEFAULT 0,
  `nombre_cliente` varchar(100) CHARACTER SET utf8 COLLATE utf8_unicode_ci NOT NULL DEFAULT '',
  `nit_ci` varchar(20) CHARACTER SET utf8 COLLATE utf8_unicode_ci NOT NULL DEFAULT '',
  `nro_registros` int(11) NOT NULL DEFAULT 0,
  `estadoe` int(11) NOT NULL DEFAULT 0,
  `coordenadas` text DEFAULT NULL,
  `observacion` varchar(150) NOT NULL,
  `dosificacion_id` int(11) NOT NULL,
  `almacen_id` int(11) NOT NULL,
  `empleado_id` int(11) NOT NULL DEFAULT 0,
  `motivo_id` int(11) NOT NULL DEFAULT 0,
  `motivo` char(120) NOT NULL DEFAULT '0',
  `duracion` time NOT NULL DEFAULT '00:00:00',
  `cobrar` varchar(10) NOT NULL DEFAULT '',
  `grupo` varchar(50) NOT NULL DEFAULT '',
  `descripcion_venta` varchar(150) NOT NULL DEFAULT '',
  `ruta_id` int(11) NOT NULL DEFAULT 0,
  `distribuidor_fecha` date DEFAULT NULL,
  `distribuidor_hora` time NOT NULL DEFAULT '00:00:00',
  `distribuidor_estado` enum('DEVUELTO','ALMACEN','ENTREGA','NO ENTREGA','VENTA','ANULADO') NOT NULL,
  `distribuidor_id` int(11) NOT NULL DEFAULT 0,
  `estado` int(11) NOT NULL DEFAULT 0,
  `plan_de_pagos` enum('si','no') NOT NULL DEFAULT 'no',
  `ordenes_salidas_id` int(11) NOT NULL DEFAULT 0,
  `anulado` int(11) NOT NULL DEFAULT 0,
  `factura` enum('Factura','Nota','Ninguno') DEFAULT 'Ninguno',
  `evento` enum('Ninguno','Devuelto') NOT NULL DEFAULT 'Ninguno',
  `accion` enum('Entrega','Venta','VentaDevuelto','Noentrega','Anulado','Devuelto','Eliminado','VentaEliminado') DEFAULT 'Entrega',
  PRIMARY KEY (`id_tmp_egreso`),
  KEY `id_egreso` (`id_egreso`),
  KEY `cliente_id` (`cliente_id`),
  KEY `almacen_id` (`almacen_id`),
  KEY `empleado_id` (`empleado_id`),
  KEY `ruta_id` (`ruta_id`),
  KEY `distribuidor_id` (`distribuidor_id`),
  KEY `tipo_provisionado` (`tipo`,`provisionado`),
  KEY `estadoe` (`estadoe`),
  KEY `dosificacion_id` (`dosificacion_id`),
  KEY `motivo_id` (`motivo_id`),
  KEY `estado` (`estado`),
  KEY `plan_de_pagos` (`plan_de_pagos`),
  KEY `factura` (`factura`),
  KEY `distribuidor_estado` (`distribuidor_estado`),
  FULLTEXT KEY `nombre_cliente_nit_ci` (`nombre_cliente`,`nit_ci`)
) ENGINE=MyISAM AUTO_INCREMENT=56 DEFAULT CHARSET=utf8;

-- Volcando datos para la tabla distribucion.tmp_egresos: 0 rows
/*!40000 ALTER TABLE `tmp_egresos` DISABLE KEYS */;
/*!40000 ALTER TABLE `tmp_egresos` ENABLE KEYS */;

-- Volcando estructura para tabla distribucion.tmp_egresos_detalles
CREATE TABLE IF NOT EXISTS `tmp_egresos_detalles` (
  `id_tmp_detalle` int(11) NOT NULL AUTO_INCREMENT,
  `id_detalle` int(11) NOT NULL,
  `precio` decimal(10,2) NOT NULL,
  `unidad_id` int(11) NOT NULL,
  `cantidad` int(11) NOT NULL,
  `descuento` int(11) NOT NULL DEFAULT 0,
  `producto_id` int(11) NOT NULL,
  `egreso_id` int(11) NOT NULL,
  `promocion_id` int(11) NOT NULL DEFAULT 0,
  `tmp_egreso_id` int(11) NOT NULL,
  `asignacion_id` int(11) NOT NULL DEFAULT 0,
  `lote` varchar(30) NOT NULL DEFAULT '',
  PRIMARY KEY (`id_tmp_detalle`),
  KEY `producto_id` (`producto_id`),
  KEY `egreso_id` (`egreso_id`),
  KEY `asignacion_id` (`asignacion_id`)
) ENGINE=MyISAM AUTO_INCREMENT=68 DEFAULT CHARSET=utf8;

-- Volcando datos para la tabla distribucion.tmp_egresos_detalles: 0 rows
/*!40000 ALTER TABLE `tmp_egresos_detalles` DISABLE KEYS */;
/*!40000 ALTER TABLE `tmp_egresos_detalles` ENABLE KEYS */;

-- Volcando estructura para tabla distribucion.tmp_reposiciones
CREATE TABLE IF NOT EXISTS `tmp_reposiciones` (
  `id_tmp_reposiciones` int(11) NOT NULL AUTO_INCREMENT,
  `fecha_reposicion` date NOT NULL,
  `hora_reposicion` time NOT NULL,
  `empleado_id_reposicion` int(11) NOT NULL DEFAULT 0,
  `id_egreso` int(11) NOT NULL,
  `fecha_egreso` date NOT NULL,
  `hora_egreso` time NOT NULL,
  `tipo` enum('Venta','Traspaso','Baja') CHARACTER SET utf8 COLLATE utf8_unicode_ci NOT NULL,
  `provisionado` enum('N','S') NOT NULL,
  `descripcion` text CHARACTER SET utf8 COLLATE utf8_unicode_ci NOT NULL,
  `nro_factura` varchar(20) NOT NULL DEFAULT '',
  `nro_autorizacion` varchar(20) CHARACTER SET utf8 COLLATE utf8_unicode_ci NOT NULL,
  `codigo_control` varchar(20) CHARACTER SET utf8 COLLATE utf8_unicode_ci NOT NULL,
  `fecha_limite` date NOT NULL,
  `monto_total` decimal(10,2) NOT NULL,
  `descuento_porcentaje` int(11) NOT NULL DEFAULT 0,
  `descuento_bs` decimal(20,2) NOT NULL DEFAULT 0.00,
  `monto_total_descuento` decimal(20,2) NOT NULL DEFAULT 0.00,
  `cliente_id` int(11) NOT NULL DEFAULT 0,
  `nombre_cliente` varchar(100) CHARACTER SET utf8 COLLATE utf8_unicode_ci NOT NULL DEFAULT '',
  `nit_ci` varchar(20) CHARACTER SET utf8 COLLATE utf8_unicode_ci NOT NULL DEFAULT '',
  `nro_registros` int(11) NOT NULL DEFAULT 0,
  `estadoe` int(11) NOT NULL DEFAULT 0,
  `coordenadas` text DEFAULT NULL,
  `observacion` varchar(150) NOT NULL,
  `dosificacion_id` int(11) NOT NULL,
  `almacen_id` int(11) NOT NULL,
  `empleado_id` int(11) NOT NULL DEFAULT 0,
  `motivo_id` int(11) NOT NULL DEFAULT 0,
  `motivo` char(120) NOT NULL DEFAULT '0',
  `duracion` time NOT NULL DEFAULT '00:00:00',
  `cobrar` varchar(10) NOT NULL DEFAULT '',
  `grupo` varchar(50) NOT NULL DEFAULT '',
  `descripcion_venta` varchar(150) NOT NULL DEFAULT '',
  `ruta_id` int(11) NOT NULL DEFAULT 0,
  `distribuidor_fecha` date DEFAULT NULL,
  `distribuidor_hora` time NOT NULL DEFAULT '00:00:00',
  `distribuidor_estado` enum('DEVUELTO','ALMACEN','ENTREGA','NO ENTREGA','VENTA','ANULADO') NOT NULL,
  `distribuidor_id` int(11) NOT NULL DEFAULT 0,
  `estado` int(11) NOT NULL DEFAULT 0,
  `plan_de_pagos` enum('si','no') NOT NULL DEFAULT 'no',
  `ordenes_salidas_id` int(11) NOT NULL DEFAULT 0,
  `anulado` int(11) NOT NULL DEFAULT 0,
  `factura` enum('Factura','Nota','Ninguno') DEFAULT 'Ninguno',
  `evento` enum('Ninguno','Devuelto') NOT NULL DEFAULT 'Ninguno',
  PRIMARY KEY (`id_tmp_reposiciones`),
  KEY `id_egreso` (`id_egreso`),
  KEY `cliente_id` (`cliente_id`),
  KEY `almacen_id` (`almacen_id`),
  KEY `empleado_id` (`empleado_id`),
  KEY `empleado_id_reposicion` (`empleado_id_reposicion`),
  KEY `ruta_id` (`ruta_id`),
  KEY `distribuidor_id` (`distribuidor_id`),
  KEY `tipo_provisionado` (`tipo`,`provisionado`),
  KEY `estadoe` (`estadoe`),
  KEY `dosificacion_id` (`dosificacion_id`),
  KEY `motivo_id` (`motivo_id`),
  KEY `estado` (`estado`),
  KEY `plan_de_pagos` (`plan_de_pagos`),
  KEY `factura` (`factura`),
  KEY `distribuidor_estado` (`distribuidor_estado`),
  FULLTEXT KEY `nombre_cliente_nit_ci` (`nombre_cliente`,`nit_ci`)
) ENGINE=MyISAM AUTO_INCREMENT=42 DEFAULT CHARSET=utf8;

-- Volcando datos para la tabla distribucion.tmp_reposiciones: 0 rows
/*!40000 ALTER TABLE `tmp_reposiciones` DISABLE KEYS */;
/*!40000 ALTER TABLE `tmp_reposiciones` ENABLE KEYS */;

-- Volcando estructura para tabla distribucion.tmp_reposiciones_detalles
CREATE TABLE IF NOT EXISTS `tmp_reposiciones_detalles` (
  `id_tmp_detalle_reposicion` int(11) NOT NULL AUTO_INCREMENT,
  `tmp_reposiciones_id` int(11) NOT NULL,
  `id_detalle` int(11) NOT NULL,
  `precio` decimal(10,2) NOT NULL,
  `unidad_id` int(11) NOT NULL,
  `cantidad` int(11) NOT NULL,
  `descuento` int(11) NOT NULL DEFAULT 0,
  `producto_id` int(11) NOT NULL,
  `egreso_id` int(11) NOT NULL,
  `promocion_id` int(11) NOT NULL DEFAULT 0,
  `asignacion_id` int(11) NOT NULL DEFAULT 0,
  `lote` varchar(30) NOT NULL DEFAULT '',
  PRIMARY KEY (`id_tmp_detalle_reposicion`),
  KEY `producto_id` (`producto_id`),
  KEY `egreso_id` (`egreso_id`),
  KEY `asignacion_id` (`asignacion_id`)
) ENGINE=MyISAM AUTO_INCREMENT=169 DEFAULT CHARSET=utf8;

-- Volcando datos para la tabla distribucion.tmp_reposiciones_detalles: 0 rows
/*!40000 ALTER TABLE `tmp_reposiciones_detalles` DISABLE KEYS */;
/*!40000 ALTER TABLE `tmp_reposiciones_detalles` ENABLE KEYS */;

/*!40101 SET SQL_MODE=IFNULL(@OLD_SQL_MODE, '') */;
/*!40014 SET FOREIGN_KEY_CHECKS=IFNULL(@OLD_FOREIGN_KEY_CHECKS, 1) */;
/*!40101 SET CHARACTER_SET_CLIENT=@OLD_CHARACTER_SET_CLIENT */;
/*!40111 SET SQL_NOTES=IFNULL(@OLD_SQL_NOTES, 1) */;
